ID,Titulo,Detalles,URL
1,"12 Emotional English Phrasal Verbs: lash out, storm off, sink in…",2-Intermediate    3-Advanced    expressions    vocabulary,https://www.engvid.com/12-emotional-english-phrasal-verbs/
2,Speak English Clearly: TOP 10 Pronunciation Problems,1-Beginner    culture & tips    pronunciation,https://www.engvid.com/speak-english-clearly-top-10-pronunciation-problems/
3,Stop Giving One-Word Answers: Build the Bridge to Speaking.,2-Intermediate    3-Advanced    culture & tips    speaking,https://www.engvid.com/stop-giving-one-word-answers/
4,12 VERY Confusing English Verbs,2-Intermediate    vocabulary,https://www.engvid.com/12-very-confusing-english-verbs/
5,How to Talk about Friends in English,2-Intermediate    speaking    vocabulary,https://www.engvid.com/how-to-talk-about-friends-in-english/
6,Are You Feeling Bad? These 10 English Words Say That Better.,2-Intermediate    expressions    vocabulary,https://www.engvid.com/are-you-feeling-bad-10-better-english-words/
7,Learn 14 Fighting Expressions in English,2-Intermediate    expressions,https://www.engvid.com/learn-14-fighting-expressions-in-english/
8,"Workplace Writing Tips: How to use AI, S.B.A.R, and more!",2-Intermediate    business english    writing,https://www.engvid.com/workplace-writing-tips-email-ai-sbar/
9,English for Beginners: MY or MINE? YOUR or YOURS?,1-Beginner    grammar,https://www.engvid.com/english-for-beginners-my-or-mine-your-or-yours/
10,How Prepositions Actually Work | English Grammar,2-Intermediate    grammar,https://www.engvid.com/how-prepositions-actually-work-english-grammar/
11,“EH” or “AH”? Say These 16 Common Words CORRECTLY,1-Beginner    pronunciation,https://www.engvid.com/eh-or-ah-say-these-16-common-words-correctly/
12,15 Idioms for Skills: From “Prodigy” to “All Thumbs”,2-Intermediate    expressions    vocabulary,https://www.engvid.com/15-idioms-for-skills/
13,"English for Parties: Vocabulary, Expressions, Culture",1-Beginner    2-Intermediate    culture & tips    expressions    vocabulary,https://www.engvid.com/english-for-parties-vocabulary-expressions-culture/
14,“Why does my vocabulary disappear?” Use Words Like Tools.,2-Intermediate    3-Advanced    culture & tips    vocabulary,https://www.engvid.com/vocabulary-use-words-like-tools/
15,SPEAK ENGLISH POWERFULLY: Stop using these TWO words!,2-Intermediate    3-Advanced    business english,https://www.engvid.com/speak-english-powerfully-stop-using-these-two-words/
16,English for Receptionists: How to Talk to Clients on the Phone,2-Intermediate    business english    speaking,https://www.engvid.com/english-for-receptionists-how-to-talk-to-clients-on-the-phone/
17,What’s Your BEEF? 15 Animal & Meat Slang Words,2-Intermediate    slang,https://www.engvid.com/15-animal-meat-slang-words/
18,How to Write a Professional Resume or CV: Similarities and Differences Explained,2-Intermediate    3-Advanced    business english    writing,https://www.engvid.com/how-to-write-a-professional-resume-cv-similarities-differences/
19,"What English Speakers Say in Relationships | Expressions, Vocabulary, Culture",2-Intermediate    3-Advanced    culture & tips    expressions    vocabulary,https://www.engvid.com/what-english-speakers-say-in-relationships/
20,Confusing English Grammar: “Has Been” or “Has Gone”?,2-Intermediate    grammar,https://www.engvid.com/confusing-english-grammar-has-been-or-has-gone/
21,"Master English Time: HAVE, HAVE HAD, HAD HAD, WILL HAVE HAD",2-Intermediate    grammar,https://www.engvid.com/master-english-time-perfect-tenses/
22,"The 3 Key Conditions for Language Learning: Motivation, Opportunity, and Ability",2-Intermediate    3-Advanced    culture & tips,https://www.engvid.com/language-learning-motivation-opportunity-ability/
23,Sound More Natural in English: 7 Better Ways to Say “No”,2-Intermediate    expressions,https://www.engvid.com/natural-english-7-better-ways-to-say-no/
24,8 Better Verbs to Use Instead of “SAID” | English Vocabulary Boost,2-Intermediate    3-Advanced    business english    vocabulary,https://www.engvid.com/8-better-verbs-to-use-instead-of-said/
25,6 Easy English Conversation Responses,1-Beginner    speaking    vocabulary,https://www.engvid.com/6-easy-english-conversation-responses/
26,"“Clock”, “Flow”, “Puck Bunny?!” — Funny English Sports SLANG!",2-Intermediate    slang,https://www.engvid.com/funny-english-sports-slang/
27,Speak Like a Manager: 8 Phrasal Verbs to Sound More Professional,2-Intermediate    3-Advanced    business english    expressions,https://www.engvid.com/speak-like-a-manager-8-phrasal-verbs/
28,Weekend Phrasal Verbs | English Vocabulary Learning and Practice,2-Intermediate    expressions    vocabulary,https://www.engvid.com/weekend-phrasal-verbs/
29,5 English Expressions for Busy People,2-Intermediate    business english    expressions,https://www.engvid.com/5-english-expressions-for-busy-people/
30,ADVERBS in English: Ronnie’s Complete Guide,1-Beginner    grammar,https://www.engvid.com/adverbs-in-english-ronnies-complete-guide/
31,15 English Phrasal Verbs to Sound Professional at Work,2-Intermediate    business english    expressions    vocabulary,https://www.engvid.com/15-english-phrasal-verbs-to-sound-professional-at-work/
32,I Answered Your English Questions! | Real Advice for Real Learners,1-Beginner    2-Intermediate    3-Advanced    culture & tips,https://www.engvid.com/i-answered-your-english-questions/
33,Everyday British English: Market Idioms & Bargaining Vocabulary,3-Advanced    culture & tips    expressions,https://www.engvid.com/everyday-british-english-market-idioms-bargaining-vocabulary/
34,Ask Perfect English Questions | 20 Forms You Should Know,2-Intermediate    grammar    speaking,https://www.engvid.com/ask-perfect-english-questions-20-forms-you-should-know/
35,Learn 7 Common English Idioms,2-Intermediate    expressions,https://www.engvid.com/learn-7-common-english-idioms/
36,"“When should I use Mr., Ms., Miss, Dr., Teacher…?” | English Titles and Addressing People",1-Beginner    2-Intermediate    3-Advanced    business english    culture & tips,https://www.engvid.com/english-titles-addressing-people/
37,Talk to Anyone with Confidence (Even If You’re Nervous),2-Intermediate    culture & tips,https://www.engvid.com/talk-to-anyone-with-confidence-even-if-youre-nervous/
38,"Learn English with a Story: Little Red Riding Hood | Listening, Vocabulary, History, Culture",2-Intermediate    comprehension    culture & tips    vocabulary,https://www.engvid.com/learn-english-with-a-story-little-red-riding-hood/
39,English Vocabulary for Puberty & Body Changes,2-Intermediate    expressions    vocabulary,https://www.engvid.com/english-vocabulary-puberty-body-changes/
40,"GRAMMAR CHALLENGE: AT, ON, IN (Prepositions of Time & Place)",1-Beginner    grammar,https://www.engvid.com/grammar-challenge-at-on-in/
41,Confusing English Words: “Remember” or “Recall”? “Prison” or “Jail”? & more,3-Advanced    vocabulary,https://www.engvid.com/confusing-english-words-remember-recall-more/
42,Real English Conversation: How to talk about the weekend,2-Intermediate    3-Advanced    culture & tips    speaking,https://www.engvid.com/real-english-conversation-how-to-talk-about-the-weekend/
43,How to Approach a Dog (Without Getting Bitten),2-Intermediate    culture & tips    vocabulary,https://www.engvid.com/how-to-approach-a-dog-without-getting-bitten/
44,How Native Speakers Describe How Someone Feels (10 English Expressions),2-Intermediate    expressions    slang,https://www.engvid.com/how-native-speakers-describe-how-someone-feels-10-english-expressions/
45,Meet Your New English Teacher—Peppa Pig?!,1-Beginner    comprehension    culture & tips,https://www.engvid.com/meet-your-new-english-teacher-peppa-pig/
46,SPEAK ENGLISH POWERFULLY: Emphasize Helping Verbs,2-Intermediate    3-Advanced    business english    speaking,https://www.engvid.com/speak-english-powerfully-emphasize-helping-verbs/
47,“Help! I’m stuck in my language learning.” – 5 Strategies to Improve,2-Intermediate    3-Advanced    culture & tips,https://www.engvid.com/help-im-stuck-in-my-language-learning-5-strategies-to-improve/
48,"English for Beginners: THIS, THAT, THESE, THOSE",1-Beginner    grammar,https://www.engvid.com/english-for-beginners-this-that-these-those/
49,IELTS & TOEFL Writing: How to Use Idiomatic Language for a Better Score,3-Advanced    IELTS    TOEFL    writing,https://www.engvid.com/ielts-toefl-writing-idiomatic-language/
50,"18 Driving Phrasal Verbs in English (back up, pull into, drop off…)",1-Beginner    expressions    vocabulary,https://www.engvid.com/18-driving-phrasal-verbs-in-english/
51,Speak like a Pro! 12 Prepositional Phrases for B2-C1 Learners,3-Advanced    business english    expressions,https://www.engvid.com/speak-like-a-pro-12-prepositional-phrases-for-b2-c1-learners/
52,20 Jobs in English: Do You Say Them Correctly?,2-Intermediate    business english    pronunciation,https://www.engvid.com/20-jobs-in-english-do-you-say-them-correctly/
53,English for Work Meetings — Vocabulary & Tips You Need,2-Intermediate    business english    culture & tips    speaking,https://www.engvid.com/english-for-work-meetings-vocabulary-tips-you-need/
54,Learn English Vocabulary: SHAPES & GEOMETRY,2-Intermediate    vocabulary,https://www.engvid.com/learn-english-vocabulary-shapes-geometry/
55,10 English Idioms with Meanings You CAN’T Guess,3-Advanced    expressions    vocabulary,https://www.engvid.com/10-english-idioms-with-meanings-you-cant-guess/
56,6 Present Perfect Mistakes (that Almost Everyone Makes),2-Intermediate    grammar,https://www.engvid.com/6-present-perfect-mistakes/
57,“AH” or “UH”? Say These 10 Common Verbs CORRECTLY,1-Beginner    pronunciation,https://www.engvid.com/ah-or-uh-10-common-verbs/
58,"Stop Confusing People: Use HOW, WHY, WHERE, and WHEN Properly in English",2-Intermediate    business english    grammar    writing,https://www.engvid.com/use-how-why-where-when-properly-in-english/
59,Speak Like a Manager: 8 Nouns Used as Verbs,3-Advanced    business english    expressions,https://www.engvid.com/speak-like-a-manager-8-body-part-nouns-verbs/
60,"Easy Everyday English: Stay in, Go out, Dine in, Night out…",1-Beginner    2-Intermediate    speaking    vocabulary,https://www.engvid.com/easy-everyday-english-stay-in-go-out/
61,"Advanced English Grammar: “She is to be…”, “He was to go…”",3-Advanced    grammar,https://www.engvid.com/advanced-english-grammar-be-to-verb/
62,What’s Your Daily Routine? | How to Talk about Your Day in English,1-Beginner    speaking    vocabulary,https://www.engvid.com/daily-routine-talk-about-your-day-in-english/
63,Contronyms: 10 English Words that Mean the Opposite…of Themselves!,3-Advanced    vocabulary,https://www.engvid.com/contronyms-10-english-words-that-mean-the-opposite-of-themselves/
64,SPEAK ENGLISH POWERFULLY: Just Add ONE Word!,2-Intermediate    business english    culture & tips    speaking,https://www.engvid.com/speak-english-powerfully-just-add-one-word/
65,READ and REMEMBER! The SQ3R Method,2-Intermediate    comprehension    culture & tips,https://www.engvid.com/read-and-remember-the-sq3r-method/
66,Want to LEARN? You Must WRITE.,3-Advanced    culture & tips    writing,https://www.engvid.com/want-to-learn-you-must-write/
67,"15 PHRASAL VERBS with “STICK”: stick up, stick out, stick to, stick with…",2-Intermediate    expressions    vocabulary,https://www.engvid.com/15-phrasal-verbs-with-stick/
68,"English for Beginners & Children: AND, OR, BUT",1-Beginner    grammar    vocabulary,https://www.engvid.com/english-for-beginners-children-and-or-but/
69,The First 23 English Phrasal Verbs You Should Learn,1-Beginner    expressions    vocabulary,https://www.engvid.com/the-first-23-english-phrasal-verbs-you-should-learn/
70,Easy English Conversation: “What do you do?”,1-Beginner    speaking    vocabulary,https://www.engvid.com/easy-english-conversation-what-do-you-do/
71,12 Confusing English Questions,2-Intermediate    grammar,https://www.engvid.com/12-confusing-english-questions/
72,The Complete Guide to ADJECTIVES in English,3-Advanced    grammar,https://www.engvid.com/the-complete-guide-to-adjectives-in-english/
73,The TOP 5 English Mistakes I See,1-Beginner    2-Intermediate    culture & tips,https://www.engvid.com/the-top-5-english-mistakes-i-see/
74,Speak English with Confidence! Make Appointments (2 Practice Dialogues),2-Intermediate    speaking,https://www.engvid.com/speak-english-make-appointments-practice-dialogues/
75,Make Your English More EXPRESSIVE with these Phrases,2-Intermediate    expressions,https://www.engvid.com/make-your-english-more-expressive-with-these-phrases/
76,Say the MONTHS of the Year Correctly in English,1-Beginner    pronunciation,https://www.engvid.com/say-the-months-of-the-year-correctly-in-english/
77,The 4 Habits of Intelligent Language Learners (LEARN FASTER),2-Intermediate    3-Advanced    culture & tips,https://www.engvid.com/the-4-habits-of-intelligent-language-learners/
78,TOP 10 MYTHS about Learning English,1-Beginner    2-Intermediate    3-Advanced    culture & tips,https://www.engvid.com/top-10-myths-about-learning-english/
79,Understand Real English: 8 Common Expressions from Movies,2-Intermediate    culture & tips    expressions,https://www.engvid.com/understand-real-english-8-common-expressions-from-movies/
80,“TAKE IT OFF!” Learn English Phrasal Verbs for Clothes & Shopping,1-Beginner    vocabulary,https://www.engvid.com/take-it-off-english-phrasal-verbs-clothes-shopping/
81,Why “Just Watch English Movies” Doesn’t Work,2-Intermediate    comprehension    culture & tips,https://www.engvid.com/why-just-watch-english-movies-doesnt-work/
82,Improve Your English Pronunciation: FAMILY,1-Beginner    pronunciation    vocabulary,https://www.engvid.com/improve-your-english-pronunciation-family/
83,Learn Faster by Reading ACTIVELY,3-Advanced    comprehension    culture & tips,https://www.engvid.com/learn-faster-by-reading-actively/
84,Easy Everyday English: How to Ask for Directions and Understand the Answer,2-Intermediate    vocabulary,https://www.engvid.com/easy-everyday-english-how-to-ask-for-directions/
85,EASY ENGLISH CONVERSATION: Learn to Talk About GIFTS & PRESENTS,1-Beginner    2-Intermediate    culture & tips    vocabulary,https://www.engvid.com/easy-english-conversation-gifts-presents/
86,"Using Modal Verbs in English Writing: MUST, SHOULD, MIGHT, COULD…",2-Intermediate    grammar    writing,https://www.engvid.com/modal-verbs-english-writing-must-should-might-could/
87,7 Common English Proverbs About Food (But Actually Life),2-Intermediate    expressions,https://www.engvid.com/7-common-english-proverbs-food-cooking/
88,Interactive PAST TENSE ENGLISH SPEAKING Practice,2-Intermediate    speaking,https://www.engvid.com/interactive-past-tense-english-speaking-practice/
89,"Listen Better, Learn Faster: Practical Listening Skills for English Learners",3-Advanced    comprehension    culture & tips,https://www.engvid.com/listen-better-learn-faster-practical-listening-skills/
90,SPEAK ENGLISH POWERFULLY: Remove the Contraction!,3-Advanced    business english    culture & tips    speaking,https://www.engvid.com/speak-english-powerfully-remove-the-contraction/
91,Improve Your English Sentences with “WHO”,1-Beginner    grammar    writing,https://www.engvid.com/improve-your-english-sentences-with-who/
92,ENGLISH FOR BEGINNERS: The Top 5 Writing Mistakes,1-Beginner    writing,https://www.engvid.com/english-for-beginners-the-top-5-writing-mistakes/
93,Speak English Naturally: Use Stress & Pauses to Communicate More Clearly,3-Advanced    speaking,https://www.engvid.com/speak-english-naturally-stress-pauses/
94,How to Learn Business English Faster,2-Intermediate    3-Advanced    business english    culture & tips    vocabulary,https://www.engvid.com/learn-business-english-faster-word-families/
95,"7 Common English Idioms (and Their Origins) — Over the Top, Scot-Free & More",3-Advanced    expressions,https://www.engvid.com/7-common-english-idioms-origins/
96,English Phrasal Verbs You Need to Survive…the Zombie Apocalypse!,3-Advanced    expressions    vocabulary,https://www.engvid.com/english-phrasal-verbs-zombie-apocalypse/
97,"EASY ENGLISH CONVERSATION: “Let’s…”, “How about…”, “Why don’t we…?”",2-Intermediate    expressions    speaking,https://www.engvid.com/easy-english-conversation-lets-how-about-why-dont-we/
98,Stupid English Words that are Totally Real 😜 (+ Easy to Learn),2-Intermediate    slang,https://www.engvid.com/stupid-english-words-that-are-totally-real/
99,"“on board”, “in charge” “at large” – English PREPOSITION COLLOCATIONS (AT, ON, IN)",2-Intermediate    3-Advanced    grammar    vocabulary,https://www.engvid.com/english-preposition-collocations-at-on-in/
100,SPEAK ENGLISH: You’re Invited to Dinner!,2-Intermediate    culture & tips    speaking    vocabulary,https://www.engvid.com/speak-english-youre-invited-to-dinner/
101,Learn English Tenses: PAST SIMPLE NEGATIVES,1-Beginner    grammar,https://www.engvid.com/learn-english-tenses-past-simple-negatives/
102,"Speak Less, Ask More: Use Questions to Improve Your English",2-Intermediate    3-Advanced    culture & tips    speaking,https://www.engvid.com/speak-less-ask-more-use-questions-to-improve-your-english/
103,Say it correctly in English! The Confusing “ERR” Pronunciation,1-Beginner    pronunciation    vocabulary,https://www.engvid.com/say-it-correctly-in-english-the-confusing-err-pronunciation/
104,Learn the Most Common ADVERBS in English,2-Intermediate    grammar    vocabulary,https://www.engvid.com/learn-the-most-common-adverbs-in-english/
105,Is that word an ADJECTIVE? Use my grammar trick!,1-Beginner    grammar,https://www.engvid.com/is-that-word-an-adjective-grammar-trick/
106,So what? We good? What gives? – Learn to respond to short English questions,2-Intermediate    3-Advanced    slang    vocabulary,https://www.engvid.com/so-what-we-good-what-gives-short-english-questions/
107,English Conversation Practice: The Present Tenses,2-Intermediate    speaking,https://www.engvid.com/english-conversation-practice-the-present-tenses/
108,40 Beautiful Ways to Say Thank You,2-Intermediate    3-Advanced    speaking    vocabulary,https://www.engvid.com/40-beautiful-ways-to-say-thank-you/
109,"5 English Interrogative Pronouns: WHO, WHOM, WHOSE, WHICH, WHAT",1-Beginner    2-Intermediate    grammar,https://www.engvid.com/5-english-interrogative-pronouns-who-whom-whose-which-what/
110,“What do you like doing?” – Gerunds in English Conversation,1-Beginner    2-Intermediate    grammar    speaking,https://www.engvid.com/what-do-you-like-doing-gerunds-in-english-conversation/
111,"Noun → Verb: How to Use -ize, -en, -ify, -ate",2-Intermediate    grammar    vocabulary,https://www.engvid.com/noun-to-verb-ize-en-ify-ate/
112,Listening for English Learners: 3 Short Stories + 12 Practice Questions,2-Intermediate    comprehension,https://www.engvid.com/listening-for-english-learners-3-short-stories-12-practice-questions/
113,Everyday English: Say What People Did — Gestures & Reactions,2-Intermediate    expressions,https://www.engvid.com/everyday-english-gestures-reactions/
114,Say Sorry the Right Way: How to Make a Real Apology,2-Intermediate    3-Advanced    culture & tips    speaking    vocabulary,https://www.engvid.com/say-sorry-the-right-way/
115,"Say More Than “Nice”: Vocabulary for Price, Quality, and Fashion",2-Intermediate    vocabulary,https://www.engvid.com/more-than-nice-vocabulary-for-price-quality-fashion/
116,Say your name so people understand! Use my 3 tips.,1-Beginner    2-Intermediate    culture & tips    pronunciation,https://www.engvid.com/say-your-name-so-people-understand/
117,Learn 23 BIG Expressions in English,1-Beginner    expressions,https://www.engvid.com/learn-23-big-expressions-in-english/
118,RESPECT & Support LGBTQ+ Students in Your Classroom (for Teachers & Students),1-Beginner    2-Intermediate    3-Advanced    culture & tips,https://www.engvid.com/respect-support-lgbtq-students/
119,English for Beginners: Learn How to Make YES/NO QUESTIONS,1-Beginner    grammar,https://www.engvid.com/english-for-beginners-yes-no-questions/
120,Master English ADJECTIVES + PREPOSITIONS,2-Intermediate    grammar,https://www.engvid.com/master-english-adjectives-prepositions/
121,How to Use “WOULD” | English Grammar Explanation & Practice,3-Advanced    grammar,https://www.engvid.com/how-to-use-would-english-grammar-explanation-practice/
122,"Use Animals as VERBS in English! “to parrot”, “to yak”, “to hog”…",2-Intermediate    vocabulary,https://www.engvid.com/use-animals-as-verbs-in-english-parrot-yak-hog/
123,EASY ENGLISH CONVERSATION: Talk about your commute to work or school,1-Beginner    business english    speaking    vocabulary,https://www.engvid.com/easy-english-conversation-talk-about-your-commute/
124,"“Get over it”, “hook up”, “blow away”: 10 Everyday English Expressions",2-Intermediate    expressions    slang    vocabulary,https://www.engvid.com/get-over-it-hook-up-blow-away-10-everyday-english-expressions/
125,"Speak Better English at Work: Practical English for Waiters, Servers, Baristas, and more!",2-Intermediate    business english    speaking,https://www.engvid.com/practical-english-for-waiters-servers-baristas/
126,From Vision to Action: My 3-Book Formula for Success,2-Intermediate    3-Advanced    culture & tips,https://www.engvid.com/3-book-formula-success/
127,How to Say English Contractions – The EASY Way!,1-Beginner    2-Intermediate    pronunciation,https://www.engvid.com/how-to-say-english-contractions-the-easy-way/
128,"Talking About Perimenopause in English (Yes, It’s Real.)",2-Intermediate    culture & tips,https://www.engvid.com/talking-about-perimenopause-in-english/
129,Social English at Work – Easy Tips for English Learners,1-Beginner    2-Intermediate    3-Advanced    business english    culture & tips,https://www.engvid.com/social-english-at-work/
130,EASY ENGLISH VOCABULARY: Money Slang & Expressions,2-Intermediate    slang    vocabulary,https://www.engvid.com/easy-english-vocabulary-money-slang-expressions/
131,Fall in LOVE…in English! Learn 10 Dating & Relationship Phrasal Verbs,3-Advanced    expressions    vocabulary,https://www.engvid.com/10-dating-relationship-phrasal-verbs/
132,“SOME” or “ANY”? It’s easy!,1-Beginner    grammar    vocabulary,https://www.engvid.com/some-or-any-its-easy/
133,"“Regime”, “sabotage”, “silhouette”: 26 French Words We Use in ENGLISH",3-Advanced    vocabulary,https://www.engvid.com/26-french-words-we-use-in-english/
134,How to Talk About Age in English,2-Intermediate    speaking    vocabulary,https://www.engvid.com/how-to-talk-about-age-in-english/
135,Improve Your English by Reading (Even if you HATE reading!),1-Beginner    2-Intermediate    comprehension    culture & tips,https://www.engvid.com/improve-your-english-even-if-you-hate-reading/
136,"“Blow Up”, “Tell Off”, “Let Down”: 11 PHRASAL VERBS for Emotions",2-Intermediate    expressions    vocabulary,https://www.engvid.com/11-phrasal-verbs-for-emotions/
137,Workplace English: Talking about Problems and Solutions,2-Intermediate    business english    speaking,https://www.engvid.com/workplace-english-talking-about-problems-and-solutions/
138,Are English Speakers Lazy? I CAN’(T) believe it!,2-Intermediate    pronunciation    speaking,https://www.engvid.com/are-english-speakers-lazy-i-cant-believe-it/
139,Are you using “enjoy” correctly in English?,2-Intermediate    grammar,https://www.engvid.com/are-you-using-enjoy-correctly-in-english/
140,SORRY! Why Canadians say “sorry” so much,1-Beginner    2-Intermediate    culture & tips    speaking,https://www.engvid.com/sorry-why-canadians-say-sorry-so-much/
141,"Easy English: Talk About Your Life – Birth, Job, Marriage, and more!",2-Intermediate    speaking    vocabulary,https://www.engvid.com/easy-english-talk-about-your-life-stages/
142,"Say it correctly in English! -T, -S, -TS, -NT, -CE Pronunciation",2-Intermediate    pronunciation,https://www.engvid.com/say-it-correctly-in-english-t-s-ts-nt-ce-pronunciation/
143,"Improve Your Vocabulary: One idea, opposite words!",2-Intermediate    3-Advanced    vocabulary,https://www.engvid.com/improve-your-vocabulary-one-idea-opposite-words/
144,Listen and Speak: English Speaking Practice for Work,3-Advanced    business english    speaking    vocabulary,https://www.engvid.com/listen-and-speak-english-speaking-practice-for-work/
145,How to Succeed in Work Meetings (Even if English isn’t your first language!),2-Intermediate    business english    culture & tips,https://www.engvid.com/how-to-succeed-in-work-meetings/
146,"Confusing English Grammar: “MOST”, “MOST OF”, or “ALMOST”?",1-Beginner    grammar,https://www.engvid.com/confusing-english-grammar-most-most-of-almost/
147,Learn 11 Odd Metaphors in English (What do they mean???),3-Advanced    comprehension    expressions,https://www.engvid.com/learn-11-odd-metaphors-in-english/
148,Learn English: “I live…at? on? in? near? close to?”,1-Beginner    grammar,https://www.engvid.com/learn-english-i-live-at-on-in-near-close-to/
149,"11 Stylish English Collocations: “feel free”, “crystal clear”, “special someone”…",2-Intermediate    expressions,https://www.engvid.com/11-stylish-english-collocations-alliteration/
150,English for Meetings: How to Present New Ideas Strongly,2-Intermediate    business english    expressions,https://www.engvid.com/english-for-meetings-how-to-present-new-ideas-strongly/
151,Casual English Booster! 20 Passive “GET” Phrases,3-Advanced    expressions    grammar,https://www.engvid.com/casual-english-booster-20-passive-get-phrases/
152,Speak & Listen: 5 Simple English Communication Tips,1-Beginner    culture & tips    speaking,https://www.engvid.com/speak-listen-5-simple-english-communication-tips/
153,Confusing English Grammar: “BY” or “WITH”?,1-Beginner    grammar,https://www.engvid.com/confusing-english-grammar-by-or-with/
154,Improve Your English FASTER by Reading (It really works!),2-Intermediate    3-Advanced    culture & tips,https://www.engvid.com/improve-your-english-faster-by-reading/
155,Improve Your ENGLISH FLUENCY with BINOMIALS,2-Intermediate    3-Advanced    vocabulary,https://www.engvid.com/improve-your-english-fluency-with-binomials/
156,Build Your Vocabulary FASTER!,2-Intermediate    3-Advanced    culture & tips    vocabulary,https://www.engvid.com/build-your-vocabulary-faster/
157,Business English: How to get a meeting – EXACTLY what to write and say,2-Intermediate    3-Advanced    business english,https://www.engvid.com/business-english-how-to-get-a-meeting/
158,Feeling bad about your English? 18 solutions!,1-Beginner    2-Intermediate    3-Advanced    culture & tips,https://www.engvid.com/feeling-bad-about-your-english-18-solutions/
159,TEST YOURSELF! Practice Listening to Reduced English Speech,3-Advanced    comprehension    pronunciation    speaking,https://www.engvid.com/test-yourself-practice-listening-to-reduced-english-speech/
160,5 English Expressions to use at work,2-Intermediate    expressions    speaking    vocabulary,https://www.engvid.com/5-english-expressions-to-use-at-work/
161,Talking about People: 8 Essential Idioms,2-Intermediate    expressions,https://www.engvid.com/talking-about-people-8-essential-idioms/
162,The Roots of Everyday English Expressions: The Bible & Folk Tales,2-Intermediate    culture & tips    expressions,https://www.engvid.com/everyday-english-expressions-bible-folk-tales/
163,"English for Living in the UK: Setting up Internet, Mobile, TV Services",2-Intermediate    culture & tips    speaking,https://www.engvid.com/english-for-living-in-the-uk-internet-mobile-tv-setup/
164,"Animal Phrasal Verbs! “Clam up”, “wolf down”, “monkey around”…",2-Intermediate    3-Advanced    vocabulary,https://www.engvid.com/animal-phrasal-verbs/
165,30 Minutes of ENGLISH VOCABULARY TRAINING (Interactive Practice),2-Intermediate    speaking    vocabulary,https://www.engvid.com/30-minutes-of-english-vocabulary-training-interactive-practice/
166,The S.B.A.R. Method: Write Better at Work,2-Intermediate    3-Advanced    business english    writing,https://www.engvid.com/the-sbar-method-write-better-at-work/
167,"Confusing English Words: COST, PRICE, WORTH, VALUE 🤔",2-Intermediate    vocabulary,https://www.engvid.com/confusing-english-words-cost-price-worth-value/
168,How to Use Subordinating Conjunctions for Better English,2-Intermediate    3-Advanced    grammar    writing,https://www.engvid.com/how-to-use-subordinating-conjunctions-for-better-english/
169,Confusing English Grammar: “HAVE” or “HAVING”?,2-Intermediate    grammar,https://www.engvid.com/confusing-english-grammar-have-or-having/
170,"English Vocabulary for Personal Finances – assets, equity, collateral…",2-Intermediate    expressions    vocabulary,https://www.engvid.com/english-vocabulary-for-personal-finances/
171,Professional English Vocabulary for Sales,2-Intermediate    3-Advanced    business english    vocabulary,https://www.engvid.com/professional-english-vocabulary-for-sales/
172,How to Support and Empower Women Everywhere,1-Beginner    2-Intermediate    3-Advanced    culture & tips,https://www.engvid.com/how-to-support-and-empower-women-everywhere/
173,15 Minutes of English Speaking Practice: Phrasal Verbs,2-Intermediate    speaking    vocabulary,https://www.engvid.com/15-minutes-of-english-speaking-practice-phrasal-verbs/
174,How to Pronounce ‘-ED’ in Past Tense (Beginner Tips),1-Beginner    pronunciation,https://www.engvid.com/how-to-pronounce-ed-in-past-tense-beginner-tips/
175,Have Better Conversations: The S.E.A. Small Talk Method,2-Intermediate    culture & tips    speaking,https://www.engvid.com/have-better-conversations-sea-small-talk/
176,Polite English: 4 Easy Changes You Can Make,2-Intermediate    culture & tips    speaking,https://www.engvid.com/polite-english-4-easy-changes-you-can-make/
177,4 Tips for a Successful Presentation,2-Intermediate    3-Advanced    business english,https://www.engvid.com/4-tips-for-a-successful-presentation/
178,How to Ask for Payment in English: Polite & Professional Phrases,3-Advanced    business english,https://www.engvid.com/how-to-ask-for-payment-in-english/
179,Why English is Weird: Many Meanings of “BEAR” & “BARE”,2-Intermediate    vocabulary,https://www.engvid.com/why-english-is-weird-bear-bare/
180,English Listening Practice: Phone Conversations,2-Intermediate    comprehension,https://www.engvid.com/english-listening-practice-phone-conversations/
181,5 English Idioms to MOTIVATE & INSPIRE,2-Intermediate    expressions,https://www.engvid.com/5-english-idioms-to-motivate-inspire/
182,ALL the VOWEL SOUNDS in ENGLISH,1-Beginner    pronunciation,https://www.engvid.com/all-the-vowel-sounds-in-english/
183,AFFECT or EFFECT? Infer or Imply? Sympathy or Empathy?,3-Advanced    vocabulary,https://www.engvid.com/affect-effect-infer-imply-sympathy-empathy/
184,Phrasal Verbs: Add “OFF” to change the meaning of these 8 verbs,2-Intermediate    3-Advanced    expressions    vocabulary,https://www.engvid.com/8-off-phrasal-verbs/
185,Advanced English Grammar: Multi-Clause Sentences (Embedded Clauses),3-Advanced    grammar,https://www.engvid.com/advanced-english-grammar-multi-clause-sentences-embedded-clauses/
186,Whip Up Your English: Learn These 6 Expressions!,2-Intermediate    expressions    slang,https://www.engvid.com/whip-up-your-english-learn-these-6-expressions/
187,"When to use DURING, FOR, and SINCE in English",2-Intermediate    grammar,https://www.engvid.com/when-to-use-during-for-since-in-english/
188,Learn Past Tense IRREGULAR VERBS the EASY Way!,1-Beginner    grammar,https://www.engvid.com/learn-past-tense-irregular-verbs-the-easy-way/
189,The Expectation Effect: 3 Mental Methods to Learn English Faster,3-Advanced    culture & tips,https://www.engvid.com/the-expectation-effect-3-mental-methods-to-learn-english-faster/
190,12 Confusing English Adjectives,2-Intermediate    vocabulary,https://www.engvid.com/12-confusing-english-adjectives/
191,Improve Your English Listening & Speaking…ALONE! My Self-Study Tips,1-Beginner    2-Intermediate    culture & tips,https://www.engvid.com/listening-and-speaking-alone-self-study-tips/
192,How to Remember Names: The F.R.L.R. Method,2-Intermediate    3-Advanced    culture & tips,https://www.engvid.com/how-to-remember-names-the-frlr-method/
193,“Glow-Up” Your English: Improve Fluency & Confidence,2-Intermediate    3-Advanced,https://www.engvid.com/glow-up-your-english-improve-fluency-confidence/
194,Let’s talk! Learn 5 “TALK” Phrasal Verbs,2-Intermediate    expressions    vocabulary,https://www.engvid.com/lets-talk-learn-5-talk-phrasal-verbs/
195,How to Say Years in English,1-Beginner    2-Intermediate    pronunciation    speaking,https://www.engvid.com/how-to-say-years-in-english/
196,Advanced English: 5 Idioms with Unexpected Histories,3-Advanced    expressions,https://www.engvid.com/advanced-english-5-idioms-with-unexpected-histories/
197,“GOOD” or “WELL”? What’s the difference?,1-Beginner    grammar,https://www.engvid.com/good-or-well-whats-the-difference/
198,"Professional English Communication: Invitations, Small Talk, and Thank Yous",3-Advanced    business english,https://www.engvid.com/professional-english-communication-invitations-small-talk-thank-yous/
199,"Live, Work, or Study in Canada: IELTS or CELPIP?",2-Intermediate    culture & tips    IELTS,https://www.engvid.com/live-work-or-study-in-canada-ielts-or-celpip/
200,20 “TO” Phrases That Can Use Verb+ing,3-Advanced    grammar,https://www.engvid.com/20-to-phrases-that-can-use-verbing/
201,Learn 7 Advanced English Words Through Storytelling,3-Advanced    comprehension    vocabulary,https://www.engvid.com/learn-7-advanced-english-words-through-storytelling/
202,"English Vocabulary: Housework – Dishes, Errands, Laundry…",1-Beginner    speaking    vocabulary,https://www.engvid.com/english-vocabulary-housework-dishes-errands-laundry/
203,"Learn English: LESS, FEWER, FEW, LITTLE, A FEW, A LITTLE, MORE",2-Intermediate    grammar,https://www.engvid.com/learn-english-less-fewer-few-little-more/
204,How to Make an Appointment in English – Prepositions & Expressions,2-Intermediate    grammar    speaking,https://www.engvid.com/how-to-make-an-appointment-in-english-prepositions-expressions/
205,Essential English for Teamwork & Sharing Ideas,2-Intermediate    business english,https://www.engvid.com/essential-english-for-teamwork-sharing-ideas/
206,9 Ways to Feel More Comfortable in Groups,2-Intermediate    3-Advanced    culture & tips    speaking,https://www.engvid.com/9-ways-to-feel-more-comfortable-in-groups/
207,"Speak Like a Native Shopper: English Vocabulary for Shopping, Sales…and SCAMS!",2-Intermediate    expressions    vocabulary,https://www.engvid.com/speak-like-a-native-shopper-english-vocabulary-for-shopping-sales-scams/
208,15 Minutes of English Listening Practice: Listen and Learn!,2-Intermediate    comprehension,https://www.engvid.com/15-minutes-of-english-listening-practice-listen-and-learn/
209,Expand Your Vocabulary: Say More Than “HAPPY” & “SAD”,2-Intermediate    3-Advanced    vocabulary,https://www.engvid.com/expand-your-vocabulary-say-more-than-happy-sad/
210,Speak English Naturally: Master LIP & TEETH Sounds in English,1-Beginner    2-Intermediate    pronunciation,https://www.engvid.com/speak-english-naturally-master-lip-teeth-sounds-in-english/
211,Business English Vocabulary: The Production Cycle & Supply Chain,2-Intermediate    business english    vocabulary,https://www.engvid.com/business-english-vocabulary-production-cycle-supply-chain/
212,Speak Like a Manager: 8 Better Ways to Say “IMPORTANT”,3-Advanced    business english    expressions,https://www.engvid.com/speak-like-a-manager-8-better-ways-to-say-important/
213,15 PHRASAL VERBS for Business and the Office,2-Intermediate    business english    expressions    vocabulary,https://www.engvid.com/15-phrasal-verbs-for-business-and-the-office/
214,Reading Body Language: How to tell if someone is interested or bored!,2-Intermediate    business english    culture & tips,https://www.engvid.com/reading-body-language-interested-or-bored/
215,Easy English PHRASAL VERBS for Beginners,1-Beginner    expressions    vocabulary,https://www.engvid.com/easy-english-phrasal-verbs-for-beginners/
216,Idiom Battle! Learn 10 English Idioms AND their Opposites!,2-Intermediate    expressions,https://www.engvid.com/idiom-battle-learn-10-english-idioms-and-their-opposites/
217,"Confusing English Words: NO, KNOW, NOW",1-Beginner    vocabulary,https://www.engvid.com/confusing-english-words-no-know-now/
218,Master English Modals: “SHOULD” or “SHOULD HAVE”?,2-Intermediate    grammar,https://www.engvid.com/master-english-modals-should-or-should-have/
219,Making Business Decisions in English: Key Phrases,3-Advanced    business english,https://www.engvid.com/making-business-decisions-in-english-key-phrases/
220,Political Vocabulary in English: 21 Common Terms,3-Advanced    culture & tips    vocabulary,https://www.engvid.com/political-vocabulary-in-english-21-common-terms/
221,"ONLY, ONLY, ONLY: So many meanings!",3-Advanced    grammar    speaking,https://www.engvid.com/only-only-only-so-many-meanings/
222,“He and I” or “Him and me”? Learn the difference! (English Pronoun Rules),2-Intermediate    grammar,https://www.engvid.com/he-and-i-him-and-me-english-pronoun-rules/
223,Easy English Conversation: SUGGEST & RECOMMEND,1-Beginner    2-Intermediate    grammar    speaking,https://www.engvid.com/easy-english-conversation-suggest-recommend/
224,“Having” + Past Participle | Advanced English Grammar,3-Advanced    grammar    writing,https://www.engvid.com/having-past-participle-advanced-english-grammar/
225,12 Easy English Expressions with “AT”,1-Beginner    2-Intermediate    expressions,https://www.engvid.com/12-easy-english-expressions-with-at/
226,"English for Ordering Food: Allergies, Vegan, Halal, Gluten-free…",2-Intermediate    3-Advanced    culture & tips    speaking    vocabulary,https://www.engvid.com/english-for-ordering-food-allergies-vegan-halal-gluten-free/
227,LEARN PHRASAL VERBS THE FUNNY WAY,2-Intermediate    expressions    vocabulary,https://www.engvid.com/learn-phrasal-verbs-the-funny-way/
228,10 “ON” Phrasal Verbs,2-Intermediate    expressions    vocabulary,https://www.engvid.com/10-on-phrasal-verbs/
229,“Should I move to Canada?”,1-Beginner    2-Intermediate    3-Advanced    culture & tips,https://www.engvid.com/should-i-move-to-canada/
230,12 Confusing English Nouns,1-Beginner    vocabulary,https://www.engvid.com/12-confusing-english-nouns/
231,Easy English Conversation: How to Ask for and Give Instructions,1-Beginner    speaking    vocabulary,https://www.engvid.com/easy-english-conversation-how-to-ask-for-and-give-instructions/
232,Master 9 Types of English Questions,2-Intermediate    3-Advanced    grammar,https://www.engvid.com/master-9-types-of-english-questions/
233,5 Ways to Practice Speaking English Alone,2-Intermediate    culture & tips    speaking,https://www.engvid.com/5-ways-to-practice-speaking-english-alone/
234,ENGLISH FOR BEGINNERS: 12 Confusing Words,1-Beginner    vocabulary,https://www.engvid.com/english-for-beginners-12-confusing-words/
235,"“I USED TO”, “I GOT USED TO”, “I’M USED TO”: What’s the difference?!",2-Intermediate    grammar,https://www.engvid.com/i-used-to-i-got-used-to-im-used-to-whats-the-difference/
236,"English for Parents: Speak with Your Child’s Teacher | Vocabulary, Questions, Tips",2-Intermediate    3-Advanced    culture & tips    speaking,https://www.engvid.com/english-for-parents-speak-with-your-childs-teacher/
237,10 Prepositional Phrases you should know | English Vocabulary & Conversation,3-Advanced    speaking    vocabulary,https://www.engvid.com/10-prepositional-phrases-english-vocabulary-conversation/
238,Improve Your Business English Vocabulary: 40 PROFESSIONAL ENGLISH WORDS,2-Intermediate    3-Advanced    business english    vocabulary,https://www.engvid.com/business-english-vocabulary-40-professional-english-words/
239,FLUENT ENGLISH: Understand & Use Contractions like a Native Speaker,2-Intermediate    pronunciation    speaking,https://www.engvid.com/fluent-english-contractions/
240,"Gill Stoker, 1954⁠–⁠2024",1-Beginner    2-Intermediate    3-Advanced    culture & tips,https://www.engvid.com/gill-stoker-1954%e2%81%a0-2024/
241,Learn English Tenses: PRESENT PERFECT with Unfinished Time,3-Advanced    grammar,https://www.engvid.com/learn-english-tenses-present-perfect-with-unfinished-time/
242,"Easy English Conversation: MEET, SEE, GET TOGETHER, MEET UP…",1-Beginner    speaking    vocabulary,https://www.engvid.com/easy-english-conversation-meet-see-get-together-meet-up/
243,How to introduce yourself in a group,1-Beginner    2-Intermediate    culture & tips    speaking,https://www.engvid.com/how-to-introduce-yourself-in-a-group/
244,Confusing Subject & Object Pronouns: HE or HIM? I or ME? SHE AND I or HER AND I…?,1-Beginner    2-Intermediate,https://www.engvid.com/confusing-subject-object-pronouns/
245,How to pronounce ‘A’ in English (It’s not that easy!),2-Intermediate    pronunciation,https://www.engvid.com/how-to-pronounce-a-in-english/
246,"Learn 25 Business English Idioms: “face the music”, “hard sell”, “pass the buck”…",2-Intermediate    3-Advanced    business english    expressions,https://www.engvid.com/learn-25-business-english-idioms/
247,Take the PIG Personality Test: Learn about yourself in English,2-Intermediate    culture & tips,https://www.engvid.com/take-the-pig-personality-test/
248,Natural English: 5 Easy Idioms You Can Learn TODAY!,2-Intermediate    expressions    speaking,https://www.engvid.com/natural-english-5-easy-idioms/
249,"Learn English Vocabulary: Thieves, Robbers, Stealing, Breaking Into…",2-Intermediate    vocabulary,https://www.engvid.com/learn-english-vocabulary-theft/
250,"Say it correctly in English! -TION, -SION, -CIAN, -TIAN, -CION Pronunciation",2-Intermediate    pronunciation,https://www.engvid.com/tion-sion-cian-tian-cion-pronunciation/
251,“I” or “ME”?,2-Intermediate    grammar,https://www.engvid.com/i-or-me/
252,Play games and improve your English?! YES!!!,1-Beginner    2-Intermediate    culture & tips,https://www.engvid.com/play-games-and-improve-your-english/
253,Learn 10 ENGLISH IDIOMS from Entertainment,2-Intermediate    expressions,https://www.engvid.com/learn-10-english-idioms-from-entertainment/
254,British English & American English: SPELLING DIFFERENCES,2-Intermediate    grammar    writing,https://www.engvid.com/british-english-american-english-spelling-differences/
255,✈ TRAVEL ENGLISH: Vocabulary & expressions for the airport ✈️,1-Beginner    2-Intermediate    vocabulary,https://www.engvid.com/travel-english-vocabulary-expressions-for-the-airport/
256,Learn the BEST Canadian Slang,2-Intermediate    3-Advanced    slang,https://www.engvid.com/learn-the-best-canadian-slang/
257,Watch this! 10 Ways to Use Imperatives,2-Intermediate    grammar    speaking,https://www.engvid.com/watch-this-10-ways-to-use-imperatives/
258,English Vocabulary Builder: HOUSING (American & British English),2-Intermediate    vocabulary,https://www.engvid.com/english-vocabulary-builder-housing-american-british-english/
259,How to use the PAST PERFECT TENSE…today!,2-Intermediate    grammar    speaking,https://www.engvid.com/how-to-use-the-past-perfect-tense-today/
260,3 Common Problems in Learning English (+ how to solve them),1-Beginner    2-Intermediate    3-Advanced    culture & tips,https://www.engvid.com/3-common-problems-in-learning-english-how-to-solve-them/
261,15 PHRASAL VERBS with meanings you can’t guess!,2-Intermediate    expressions    vocabulary,https://www.engvid.com/15-food-phrasal-verbs-with-meanings-you-cant-guess/
262,"Visiting London? Enjoy the theatre! What to see, where to go, what to expect.",2-Intermediate    3-Advanced    culture & tips,https://www.engvid.com/visiting-london-enjoy-theatre/
263,1 English Phrasal Verb with 10 meanings: PUT OUT!,2-Intermediate    expressions    vocabulary,https://www.engvid.com/english-phrasal-verb-put-out/
264,Let’s get going! 10 Casual English Expressions You Can Start Using RIGHT NOW,3-Advanced    speaking    vocabulary,https://www.engvid.com/lets-get-going-10-casual-english-expressions/
265,Let’s relax and learn some English vocabulary & expressions!,2-Intermediate    grammar    vocabulary,https://www.engvid.com/relax-english-vocabulary-expressions/
266,“LEND” or “BORROW”? What’s the difference?,1-Beginner    vocabulary,https://www.engvid.com/lend-or-borrow/
267,"English Vocabulary Hack: 15 words, 30 meanings!",2-Intermediate    3-Advanced    vocabulary,https://www.engvid.com/english-vocabulary-hack-15-words-30-meanings/
268,Improve Your Vocabulary: 8 Words for Intermediate English Learners,2-Intermediate    3-Advanced    vocabulary,https://www.engvid.com/improve-your-vocabulary-8-words-for-intermediate-english-learners/
269,Professional & Business English: Negotiating Vocabulary,2-Intermediate    business english    expressions    vocabulary,https://www.engvid.com/professional-business-english-negotiating-vocabulary/
270,How to understand and enjoy English poetry,3-Advanced    culture & tips,https://www.engvid.com/how-to-understand-and-enjoy-english-poetry/
271,LEARN ENGLISH: How to talk about people & events in the past,2-Intermediate    3-Advanced    grammar    vocabulary,https://www.engvid.com/learn-english-how-to-talk-about-people-events-in-the-past/
272,Want to Immigrate to Canada? Here’s What You Need to Know.,2-Intermediate    culture & tips,https://www.engvid.com/want-to-immigrate-to-canada/
273,EASY ENGLISH CONVERSATION: How to tell a story in English,2-Intermediate    3-Advanced    expressions    speaking,https://www.engvid.com/easy-english-conversation-how-to-tell-a-story-in-english/
274,English for Beginners: Learn all the CONSONANT SOUNDS,1-Beginner    pronunciation,https://www.engvid.com/english-for-beginners-all-consonant-sounds/
275,"9 Easy 2-Word English Expressions: “on call”, “on edge”, “on board”…",2-Intermediate    expressions,https://www.engvid.com/9-easy-2-word-english-expressions/
276,SIMPLE PAST or PRESENT PERFECT? When + how to use them!,2-Intermediate    grammar,https://www.engvid.com/simple-past-or-present-perfect-when-how-to-use-them/
277,English for Real Life: Renting a Car,2-Intermediate    vocabulary,https://www.engvid.com/english-for-real-life-renting-a-car/
278,25+ English Expressions for Musicians & Music Lovers,2-Intermediate    culture & tips    expressions,https://www.engvid.com/25-english-expressions-for-musicians-music-lovers/
279,25+ Ways to Make Friends in English,1-Beginner    2-Intermediate    3-Advanced    culture & tips,https://www.engvid.com/25-ways-to-make-friends-in-english/
280,LEARN ENGLISH MODALS with Sherlock Holmes,2-Intermediate    grammar,https://www.engvid.com/learn-english-modals-with-sherlock-holmes/
281,Learn 10 English Idioms with ‘BOOK’,2-Intermediate    expressions,https://www.engvid.com/learn-10-english-idioms-with-book/
282,3 Keys to Learning English,1-Beginner    2-Intermediate    culture & tips,https://www.engvid.com/3-keys-to-learning-english/
283,How to say the days of the week correctly in English,1-Beginner    pronunciation,https://www.engvid.com/how-to-say-the-days-of-the-week-correctly-in-english/
284,10 English Expressions with meanings you can’t guess,2-Intermediate    expressions,https://www.engvid.com/10-english-expressions-with-meanings-you-cant-guess/
285,Vocabulary of International Trade | Business English,3-Advanced    business english    expressions    vocabulary,https://www.engvid.com/vocabulary-of-international-trade-business-english/
286,“Yes… No… Yeah… Sure.” WHAT???,2-Intermediate    culture & tips    slang    speaking,https://www.engvid.com/yes-no-yeah-sure-what/
287,CORRECT YOUR ENGLISH: Top 10 Mistakes with Gerunds & Infinitives,2-Intermediate    grammar,https://www.engvid.com/top-10-mistakes-gerunds-infinitives/
288,Customer Service English: The H.E.A.R.T. Approach,2-Intermediate    culture & tips,https://www.engvid.com/customer-service-english-the-heart-approach/
289,"Formal, Neutral, Informal: Use the correct register in English!",3-Advanced    culture & tips    vocabulary,https://www.engvid.com/formal-neutral-informal-use-the-correct-register-in-english/
290,Upgrade Your Vocabulary: 6 ADVANCED ENGLISH VERBS,3-Advanced    IELTS    TOEFL    vocabulary,https://www.engvid.com/upgrade-your-vocabulary-6-advanced-english-verbs/
291,Speak and be understood! ‘TH’ & ‘D’ Sounds in English,2-Intermediate    pronunciation,https://www.engvid.com/th-d-sounds-in-english/
292,"21 English Expressions with “FIRST”: first timer, first light, if at first…",2-Intermediate    expressions,https://www.engvid.com/21-english-expressions-first/
293,Upgrade Your English: “AS LONG AS” & “AS FAR AS”,2-Intermediate    expressions    vocabulary,https://www.engvid.com/as-long-as-as-far-as/
294,How to Write a Formal Email: 12 Rules,2-Intermediate    business english    writing,https://www.engvid.com/how-to-write-a-formal-email-12-rules/
295,Speak like a Pro! 25 Business English Phrases,2-Intermediate    business english    vocabulary,https://www.engvid.com/speak-like-a-pro-25-business-english-phrases/
296,Easy English Conversation: Talk about interests and hobbies,1-Beginner    2-Intermediate    speaking    vocabulary,https://www.engvid.com/easy-english-conversation-interests-hobbies/
297,Top 10 Pronunciation Tips for IELTS Success,2-Intermediate    IELTS    pronunciation    TOEFL,https://www.engvid.com/top-10-pronunciation-tips-for-ielts-success/
298,Syllable Stress in Long English Words,3-Advanced    pronunciation    vocabulary,https://www.engvid.com/syllable-stress-in-long-english-words/
299,Learn English Vocabulary: Shopping at the Supermarket,1-Beginner    vocabulary,https://www.engvid.com/learn-english-vocabulary-shopping-at-the-supermarket/
300,"Say & Write Numbers in English: currencies, fractions, percentages, decimals, large numbers",2-Intermediate    business english    IELTS    vocabulary    writing,https://www.engvid.com/say-write-numbers-in-english/
301,"Test Your Personality, Improve Your English!",1-Beginner    2-Intermediate    3-Advanced    culture & tips    vocabulary,https://www.engvid.com/test-your-personality-improve-your-english/
302,LOVE AND GRAMMAR: English for Online Dating,1-Beginner    2-Intermediate    3-Advanced    culture & tips    grammar    writing,https://www.engvid.com/love-and-grammar-english-for-online-dating/
303,PREPOSITIONS IN ENGLISH: Learn 20 Verbs with Prepositions,2-Intermediate    grammar,https://www.engvid.com/prepositions-in-english-20-verbs-with-prepositions/
304,PRONUNCIATION: The 2 ways to say ‘TH’ in English,1-Beginner    pronunciation,https://www.engvid.com/pronunciation-2-ways-to-say-th/
305,Confusing English Grammar: “THERE IS” or “THERE ARE”?,1-Beginner    2-Intermediate    3-Advanced    grammar,https://www.engvid.com/confusing-english-grammar-there-is-or-there-are/
306,PHRASAL VERBS: How pronunciation changes their meaning,3-Advanced    pronunciation,https://www.engvid.com/phrasal-verbs-how-pronunciation-changes-their-meaning/
307,Business English for Project Management & Budgets,2-Intermediate    3-Advanced    business english    vocabulary,https://www.engvid.com/business-english-for-project-management-budgets/
308,VERBS to PHRASAL VERBS: Their meaning changes!,3-Advanced    expressions    vocabulary,https://www.engvid.com/verbs-to-phrasal-verbs-their-meaning-changes/
309,Start Using the 2nd Conditional in Real English Conversations,3-Advanced    grammar    speaking,https://www.engvid.com/2nd-conditional-real-english-conversations/
310,"Speak English Naturally: WANNA, GIMME, LEMME, GONNA",2-Intermediate    pronunciation    speaking,https://www.engvid.com/speak-english-naturally-wanna-gimme-lemme-gonna/
311,Improve Your Vocabulary Easily: Add “-NESS”!,1-Beginner    vocabulary,https://www.engvid.com/improve-your-vocabulary-easily-add-ness/
312,11 English Expressions for Starting a New Job or Business,2-Intermediate    business english    expressions,https://www.engvid.com/11-english-expressions-new-job-business/
313,"Learn English Grammar: FEW, LITTLE, A FEW, A LITTLE",2-Intermediate    3-Advanced    grammar,https://www.engvid.com/learn-english-grammar-few-little-a-few-a-little/
314,How to stay motivated to learn,1-Beginner    2-Intermediate    3-Advanced    culture & tips,https://www.engvid.com/how-to-stay-motivated-to-learn/
315,"The Future in English: Modals, Conditionals, Clauses, Tenses, Phrases",2-Intermediate    grammar,https://www.engvid.com/future-english-modals-conditionals-clauses-tenses-phrases/
316,How to Make a Good First Impression,2-Intermediate    culture & tips    expressions,https://www.engvid.com/how-to-make-a-good-first-impression/
317,Can you solve these 10 FUN RIDDLES?,3-Advanced    comprehension    vocabulary,https://www.engvid.com/10-fun-riddles/
318,Learn English Grammar: INDIRECT SPEECH (REPORTED SPEECH),2-Intermediate    3-Advanced    grammar,https://www.engvid.com/learn-english-grammar-indirect-speech-reported-speech/
319,Famous Quotations from Charles Dickens,3-Advanced    culture & tips,https://www.engvid.com/famous-quotations-from-charles-dickens/
320,Basic English Word Order: Place & Time,1-Beginner    grammar,https://www.engvid.com/basic-english-word-order-place-time/
321,English for Finance: 7 Key Terms,3-Advanced    business english    vocabulary,https://www.engvid.com/english-for-finance-7-key-terms/
322,Understand Real English: Famous Lines from Movies,2-Intermediate    culture & tips    expressions,https://www.engvid.com/understand-real-english-famous-lines-from-movies/
323,English Vocabulary & Expressions from Boxing,2-Intermediate    3-Advanced    expressions    vocabulary,https://www.engvid.com/english-vocabulary-expressions-from-boxing/
324,The 7 Meanings of “DROP” in English,2-Intermediate    slang    vocabulary,https://www.engvid.com/the-7-meanings-of-drop-in-english/
325,Try it out! Go from Standard to Casual English (15 Common Sentences),3-Advanced    speaking    vocabulary,https://www.engvid.com/go-from-standard-to-casual-english/
326,Learn English with Mario,1-Beginner    2-Intermediate    3-Advanced    culture & tips    pronunciation,https://www.engvid.com/learn-english-with-mario/
327,How to Ask Open-Ended Questions (with 100+ examples!),English resource    3-Advanced    speaking,https://www.engvid.com/english-resource/how-to-ask-open-ended-questions-with-100-examples/
328,How to turn a conversation into a connection,2-Intermediate    3-Advanced    business english    speaking,https://www.engvid.com/how-to-turn-a-conversation-into-a-connection/
329,Basic English Grammar: When & how to add ‘s’,1-Beginner    grammar,https://www.engvid.com/basic-english-grammar-when-how-to-add-s/
330,How to Defend Yourself in English,2-Intermediate    3-Advanced    culture & tips,https://www.engvid.com/how-to-defend-yourself-in-english/
331,5 Common Writing Mistakes to Avoid,3-Advanced    writing,https://www.engvid.com/5-common-writing-mistakes-to-avoid/
332,Business English: How to Network Successfully,2-Intermediate    3-Advanced    business english    expressions,https://www.engvid.com/business-english-how-to-network-successfully/
333,"Word Stress: 1 Sentence, 7 Different Meanings!",2-Intermediate    3-Advanced    pronunciation    speaking,https://www.engvid.com/word-stress-1-sentence-7-different-meanings/
334,Prepositions Make a Difference: “THINK OF” or “THINK ABOUT”?,2-Intermediate    grammar    vocabulary,https://www.engvid.com/prepositions-think-of-think-about/
335,Don’t plagiarize! How to cite correctly in academic writing,2-Intermediate    3-Advanced    culture & tips    writing,https://www.engvid.com/dont-plagiarize-how-to-cite-correctly-in-academic-writing/
336,EASY EMAIL: Sending Good & Bad News,2-Intermediate    business english    writing,https://www.engvid.com/easy-email-sending-good-bad-news/
337,"Listening, Vocabulary, Comprehension: 7 Advanced Words",3-Advanced    comprehension    vocabulary,https://www.engvid.com/listening-vocabulary-comprehension-7-advanced-words/
338,"Learn English: Baseball Vocabulary, Expressions, Rules, and Culture",2-Intermediate    culture & tips    expressions    vocabulary,https://www.engvid.com/learn-english-baseball-vocabulary/
339,"English for Moving to the UK: documents, services, utilities",2-Intermediate    culture & tips    vocabulary,https://www.engvid.com/english-for-moving-to-the-uk-documents-services-utilities/
340,Learn about Yourself + Learn Vocabulary: The Animal Personality Test,1-Beginner    2-Intermediate    culture & tips    vocabulary,https://www.engvid.com/personality-vocabulary-animal-personality-test/
341,Learning English? 5 Things to Avoid,1-Beginner    2-Intermediate    culture & tips,https://www.engvid.com/learning-english-5-things-to-avoid/
342,Speak English Naturally: SCHWA Pronunciation,1-Beginner    pronunciation    vocabulary,https://www.engvid.com/speak-english-naturally-schwa-pronunciation/
343,How to Remember Vocabulary: The W.R.A.P. Method,1-Beginner    2-Intermediate    3-Advanced    culture & tips    vocabulary,https://www.engvid.com/how-to-remember-vocabulary-the-wrap-method/
344,Confusing English Grammar: “IS” or “ARE”?,2-Intermediate    grammar,https://www.engvid.com/confusing-english-grammar-is-or-are/
345,Prepositions Make a Difference: “HEAR OF” & “HEAR ABOUT”,2-Intermediate    grammar    vocabulary,https://www.engvid.com/prepositions-hear-of-hear-about/
346,"16 “MAKE” Phrasal Verbs: “make for”, “make off”, “make out”…",2-Intermediate    vocabulary,https://www.engvid.com/16-make-phrasal-verbs/
347,"Improve Your Vocabulary: 21 ways to say YES, NO, and MAYBE",3-Advanced    expressions    vocabulary,https://www.engvid.com/improve-your-vocabulary-yes-no-maybe/
348,What to say in uncomfortable situations,2-Intermediate    3-Advanced    culture & tips,https://www.engvid.com/what-to-say-in-uncomfortable-situations/
349,C1 Advanced English for Professional Emails,3-Advanced    business english    writing,https://www.engvid.com/c1-advanced-english-for-professional-emails/
350,"Negative Words in English: No, Not, Don’t, Didn’t",1-Beginner    grammar,https://www.engvid.com/negative-words-in-english-no-not-dont-didnt/
351,Basic English: The 8 Parts of Speech,1-Beginner    grammar,https://www.engvid.com/basic-english-the-8-parts-of-speech/
352,Improve Your Pronunciation: The Short A in English,1-Beginner    pronunciation,https://www.engvid.com/improve-your-pronunciation-short-a-english/
353,Adam’s 5 Tips for Teaching a Beginner’s English Class,1-Beginner    2-Intermediate    culture & tips,https://www.engvid.com/adams-5-tips-for-teaching-a-beginners-english-class/
354,"How to Sell: yourself, your products, your services",3-Advanced    business english,https://www.engvid.com/how-to-sell-yourself-products-services/
355,Update your resume and get a job!,2-Intermediate    business english    culture & tips,https://www.engvid.com/update-your-resume-and-get-a-job/
356,PHRASAL VERBS that mean the same thing!,3-Advanced    expressions    vocabulary,https://www.engvid.com/phrasal-verbs-that-mean-the-same-thing/
357,"RESPECT – How to give it, how to get it",2-Intermediate    3-Advanced    culture & tips    speaking,https://www.engvid.com/respect-how-to-give-it-how-to-get-it/
358,Learn English Grammar: DIRECT & INDIRECT SPEECH (REPORTED SPEECH),3-Advanced    grammar,https://www.engvid.com/learn-english-grammar-direct-indirect-reported-speech/
359,How to use ChatGPT to study for the IELTS exam,2-Intermediate    IELTS,https://www.engvid.com/how-to-use-chatgpt-to-study-for-the-ielts-exam/
360,"Prepositions in Real Life: SINCE, FOR, DURING, WHILE",1-Beginner    grammar,https://www.engvid.com/prepositions-in-real-life-since-for-during-while/
361,Essential English Grammar: WILL or WOULD?,2-Intermediate    grammar,https://www.engvid.com/essential-english-grammar-will-or-would/
362,Learn English Grammar: The 3rd Conditional,2-Intermediate    grammar,https://www.engvid.com/learn-english-grammar-3rd-conditional/
363,Learn English: Say & spell -CH and -TCH words easily,2-Intermediate    pronunciation    writing,https://www.engvid.com/learn-english-say-spell-ch-tch-words-easily/
364,10 ENGLISH TONGUE TWISTERS to improve your speaking skills,2-Intermediate    pronunciation,https://www.engvid.com/10-english-tongue-twisters/
365,Commas | When & how to use commas in English writing,English resource    3-Advanced    writing,https://www.engvid.com/english-resource/commas-how-to-use-in-english-writing/
366,Easy English Conversation: REGRETS,2-Intermediate    grammar    speaking,https://www.engvid.com/easy-english-conversation-regrets/
367,Basic English: How to pronounce -NGTH words,1-Beginner    pronunciation    vocabulary,https://www.engvid.com/basic-english-how-to-pronounce-ngth-words/
368,Conversation Skills: 5 questions to make you the most interesting person in the room,3-Advanced    culture & tips    speaking,https://www.engvid.com/conversation-skills-5-questions-most-interesting-person-in-the-room/
369,"10 “LOOK” Phrasal Verbs: “look up”, “look for”, “look into”…",2-Intermediate    3-Advanced    expressions    vocabulary,https://www.engvid.com/10-look-phrasal-verbs/
370,“WHO’S YOUR DADDY?” 13 English Expressions of Superiority,3-Advanced    expressions    slang,https://www.engvid.com/whos-your-daddy-13-english-expressions-of-superiority/
371,Improve Your Creative Writing: Why & How,3-Advanced    culture & tips    writing,https://www.engvid.com/improve-your-creative-writing-why-how/
372,How to use ChatGPT to learn a language,1-Beginner    2-Intermediate    3-Advanced    culture & tips,https://www.engvid.com/how-to-use-chatgpt-to-learn-a-language/
373,PHRASAL VERBS for hanging out with friends,2-Intermediate    expressions    vocabulary,https://www.engvid.com/phrasal-verbs-hanging-out-with-friends/
374,Fluent English: 40+ ways to answer “How are you?”,1-Beginner    speaking,https://www.engvid.com/fluent-english-40-ways-to-answer-how-are-you/
375,Learn about Poetry & Literature: PARODY,3-Advanced    culture & tips,https://www.engvid.com/learn-about-poetry-literature-parody/
376,50 Fun Riddles,English resource    1-Beginner    culture & tips    vocabulary,https://www.engvid.com/english-resource/50-fun-english-riddles/
377,8 English Idioms Hiding in Questions,3-Advanced    business english    expressions,https://www.engvid.com/8-english-idioms-hiding-in-questions/
378,7 Common PHRASAL VERBS for Business,2-Intermediate    business english    expressions    vocabulary,https://www.engvid.com/7-common-phrasal-verbs-for-business/
379,IELTS Speaking: How to get a much higher score,2-Intermediate    IELTS,https://www.engvid.com/ielts-speaking-how-to-get-a-much-higher-score/
380,Learn TRAVEL ENGLISH Phrases & Expressions,3-Advanced    expressions    vocabulary,https://www.engvid.com/learn-travel-english-phrases-expressions/
381,How to Give Bad News: 6 Easy English Expressions,2-Intermediate    expressions,https://www.engvid.com/how-to-give-bad-news-6-easy-english-expressions/
382,My Top 5 Tips for Learning English More Effectively,2-Intermediate    culture & tips,https://www.engvid.com/my-top-5-tips-for-learning-english-more-effectively/
383,50 Common Online and Texting Abbreviations,English resource    2-Intermediate    3-Advanced    slang    vocabulary,https://www.engvid.com/english-resource/50-common-online-and-texting-abbreviations/
384,TOILET ENGLISH: Where is the toilet? Bathroom? Washroom? Loo? Lavatory? WC? 🚽 💩 🧻,1-Beginner    culture & tips    slang    vocabulary,https://www.engvid.com/toilet-english-where-is-the-toilet-bathroom-washroom-loo-lavatory-wc/
385,British English & American English: 11 Vocabulary Differences,2-Intermediate    culture & tips    vocabulary,https://www.engvid.com/british-english-american-english-11-vocabulary-differences/
386,Speak Like a Manager: 9 Easy Business Phrases with ‘ON’,2-Intermediate    business english,https://www.engvid.com/speak-like-a-manager-9-business-phrases-on/
387,"Advanced Prepositions of Time: “throughout”, “ahead of”, “at around”, “out of”…",3-Advanced    grammar    vocabulary,https://www.engvid.com/advanced-prepositions-of-time/
388,Learn English Vocabulary: Buying a Car,2-Intermediate    vocabulary,https://www.engvid.com/learn-english-vocabulary-buying-a-car/
389,How to Give (and Accept) Compliments in English: Social & Business Settings,3-Advanced    expressions    speaking,https://www.engvid.com/how-to-give-and-accept-compliments-in-english/
390,How you say words matters!,2-Intermediate    speaking,https://www.engvid.com/how-you-say-words-matters/
391,10 English Grammar Mistakes that are Accepted in Casual Speech,3-Advanced    culture & tips    grammar    speaking,https://www.engvid.com/10-english-grammar-mistakes-that-are-accepted-in-casual-speech/
392,Expand Your English Vocabulary: 10 Adjectives for Describing Food,2-Intermediate    vocabulary,https://www.engvid.com/english-vocabulary-10-adjectives-for-describing-food/
393,Easy English Vocabulary: THING & STUFF,1-Beginner    2-Intermediate    slang    vocabulary,https://www.engvid.com/easy-english-vocabulary-thing-stuff/
394,Learn 20 ‘-ISM’ Words in English: VOCABULARY & PRONUNCIATION,2-Intermediate    pronunciation    vocabulary,https://www.engvid.com/learn-20-ism-words-in-english/
395,“CAN” or “COULD”? What’s the difference?,1-Beginner    2-Intermediate    grammar,https://www.engvid.com/can-or-could-whats-the-difference/
396,Professional English: 17 Expressions to Use in Meetings,3-Advanced    business english    expressions,https://www.engvid.com/professional-english-17-expressions-to-use-in-meetings/
397,Learn about Ice Hockey from a Canadian,2-Intermediate    culture & tips    vocabulary,https://www.engvid.com/learn-about-ice-hockey-from-a-canadian/
398,Practical English Vocabulary: Riding & fixing your bike,2-Intermediate    vocabulary,https://www.engvid.com/practical-english-vocabulary-riding-fixing-your-bike/
399,Learn 5 “GET” Idioms in 10 minutes,2-Intermediate    expressions,https://www.engvid.com/learn-5-get-idioms-in-10-minutes/
400,Polite & Positive English: How to wish “good luck” + how to respond,2-Intermediate    expressions    speaking,https://www.engvid.com/polite-positive-english-good-luck/
401,RHYME in English poetry and speech,3-Advanced    culture & tips    pronunciation,https://www.engvid.com/rhyme-in-english-poetry-and-speech/
402,Improve Your English Fluency: 10 Words for Seeing,3-Advanced    vocabulary,https://www.engvid.com/improve-your-english-fluency-10-words-for-seeing/
403,British English Slang: What does it mean???,2-Intermediate    culture & tips    slang,https://www.engvid.com/british-english-slang-what-does-it-mean/
404,3-Word Phrasal Verbs,3-Advanced    expressions    vocabulary,https://www.engvid.com/3-word-phrasal-verbs/
405,English for Beginners: “TO BE” in Past Tense,1-Beginner    grammar,https://www.engvid.com/english-for-beginners-to-be-past-tense/
406,"Learn English for Golf: Vocabulary, Phrases, Culture",3-Advanced    business english    vocabulary,https://www.engvid.com/learn-english-golf-vocabulary-phrases-culture/
407,Questions You Might Be Asked at a Restaurant (+ how to answer),1-Beginner    2-Intermediate    culture & tips    speaking,https://www.engvid.com/restaurant-questions-how-to-answer/
408,Why You Should Learn the Bad Words in English,2-Intermediate,https://www.engvid.com/why-you-should-learn-the-bad-words-in-english/
409,Test Your English Vocabulary: SHAPES & PATTERNS,1-Beginner    vocabulary,https://www.engvid.com/english-vocabulary-shapes-patterns/
410,Polite English: Ask Better Questions (and get better results),2-Intermediate    3-Advanced    business english    culture & tips    speaking,https://www.engvid.com/polite-english-ask-better-questions/
411,English Conversation: Learn to Talk About Film & Movies,3-Advanced    speaking    vocabulary,https://www.engvid.com/english-conversation-film-movies/
412,Use the STAR METHOD for success in your JOB INTERVIEW,3-Advanced    business english,https://www.engvid.com/star-method-success-job-interview/
413,Improve Your Vocabulary: Stop Saying BAD!,2-Intermediate    vocabulary,https://www.engvid.com/stop-saying-bad/
414,English Vocabulary Builder: Using the Computer & Internet,2-Intermediate    vocabulary,https://www.engvid.com/english-vocabulary-builder-computer-internet/
415,Let’s practice everyday English with ‘GO’!,2-Intermediate    expressions    vocabulary,https://www.engvid.com/everyday-english-go-6-uses/
416,Real English Conversation: Talking about FAMILY,1-Beginner    2-Intermediate    3-Advanced    expressions    speaking    vocabulary,https://www.engvid.com/real-english-conversation-talking-about-family/
417,6 Famous Quotations from Shakespeare,3-Advanced    culture & tips,https://www.engvid.com/6-famous-quotations-from-shakespeare/
418,7 Ways to Master Vocabulary,2-Intermediate    3-Advanced    culture & tips,https://www.engvid.com/7-ways-to-master-vocabulary/
419,GRAMMAR CHALLENGE: PREPOSITIONS – at on in/since for/during while,1-Beginner    2-Intermediate    3-Advanced    grammar,https://www.engvid.com/grammar-challenge-prepositions/
420,How to Give an Informative Presentation: What to say and do,3-Advanced    business english,https://www.engvid.com/how-to-give-an-informative-presentation/
421,Learn 7 ways to use “OFF” in English,2-Intermediate    expressions    vocabulary,https://www.engvid.com/learn-7-ways-to-use-off-in-english/
422,Noun + Preposition Phrases (NOT Phrasal Verbs!) with Body Parts,2-Intermediate    expressions    vocabulary,https://www.engvid.com/noun-preposition-phrases-body-parts/
423,Polite English: 10 Ways to Make Offers (formal → neutral → casual),2-Intermediate    speaking    vocabulary,https://www.engvid.com/polite-english-10-ways-to-make-offers/
424,Top 10 Important Phrasal Verbs for Your Daily Routine,1-Beginner    2-Intermediate    vocabulary,https://www.engvid.com/10-phrasal-verbs-daily-routine/
425,English Vocabulary Builder: Learn 15 Slang & Informal Words,2-Intermediate    slang    vocabulary,https://www.engvid.com/english-vocabulary-builder-15-slang-informal-words/
426,Silent Letters in English: The 10 Most Common Errors,2-Intermediate    pronunciation,https://www.engvid.com/silent-letters-in-english-10-most-common-errors/
427,How to Answer the 5 HARDEST Job Interview Questions,3-Advanced    business english,https://www.engvid.com/5-hardest-job-interview-questions/
428,"Tricky English Question Structures: Tag Questions, “Do you mind?”, “Are you in?”…",2-Intermediate    speaking    vocabulary,https://www.engvid.com/tricky-english-question-structures-tag-questions/
429,Get Lucky with Benjamin: 17 Everyday English Phrases about Luck & Chance,3-Advanced    expressions,https://www.engvid.com/17-everyday-english-phrases-about-luck-chance/
430,Ronnie’s #1 Tip for Teachers,1-Beginner    2-Intermediate    3-Advanced    culture & tips,https://www.engvid.com/ronnies-1-tip-for-teachers/
431,"10 PHRASAL VERBS with “UP”: set up, pick up, catch up, bring up…",2-Intermediate    expressions    vocabulary,https://www.engvid.com/10-up-phrasal-verbs/
432,Learn English: “-ISH”,1-Beginner    slang    vocabulary,https://www.engvid.com/learn-english-ish/
433,"Gender Pronouns: Using ‘THEY’, ‘THEIR’, and ‘THEM’ for a single person in English",3-Advanced    grammar    speaking    writing,https://www.engvid.com/gender-pronouns-singular-they-their-them-english/
434,12 Confusing English Verbs,1-Beginner    vocabulary,https://www.engvid.com/12-confusing-english-verbs/
435,Learn English Vocabulary: Pregnancy & having a baby 🤰,3-Advanced    vocabulary,https://www.engvid.com/learn-english-vocabulary-pregnancy-baby/
436,"Learn English expressions that come from TV shows: Friends, Seinfeld, 30 Rock…",2-Intermediate    culture & tips    expressions,https://www.engvid.com/learn-english-expressions-from-tv-shows/
437,Professional English Vocabulary: Talk about your career,3-Advanced    business english    vocabulary,https://www.engvid.com/professional-english-vocabulary-talk-about-your-career/
438,"“Do” Questions & Negatives – DO, DOES, DON’T, DOESN’T",1-Beginner    grammar,https://www.engvid.com/do-questions-negatives-do-does-dont-doesnt/
439,English Grammar: The 5 Most Frequent Article Mistakes,1-Beginner    grammar,https://www.engvid.com/english-grammar-the-5-most-frequent-article-mistakes/
440,How To Solve 5 Common Workplace Problems,3-Advanced    business english,https://www.engvid.com/how-to-solve-5-common-workplace-problems/
441,How NOT to learn a language,1-Beginner    2-Intermediate    3-Advanced    culture & tips,https://www.engvid.com/how-not-to-learn-a-language/
442,English Pronunciation Practice: SH & SHR,1-Beginner    pronunciation,https://www.engvid.com/english-pronunciation-practice-sh-shr/
443,English Pronunciation Hack: The Missing S,2-Intermediate    3-Advanced    pronunciation,https://www.engvid.com/english-pronunciation-hack-the-missing-s/
444,14 Expressions Even Native English Speakers Get Wrong,3-Advanced    expressions,https://www.engvid.com/14-expressions-native-speakers-get-wrong/
445,Can you guess the verb? (they’re all F***),3-Advanced    slang,https://www.engvid.com/can-you-guess-the-verb-f/
446,5 Proverbs to Inspire Language Learners,2-Intermediate    culture & tips    expressions,https://www.engvid.com/5-proverbs-to-inspire-language-learners/
447,Let’s Read and Understand a Poem: “In An Artist’s Studio” by Christina Rossetti,3-Advanced    culture & tips,https://www.engvid.com/lets-read-and-understand-a-poem-christina-rossetti/
448,What to do and say at a supper party,3-Advanced    culture & tips    expressions,https://www.engvid.com/what-to-do-and-say-at-a-supper-party/
449,Learn English with CHRISTMAS SONGS 🎵,1-Beginner    culture & tips,https://www.engvid.com/learn-english-with-christmas-songs/
450,Speak Like a Manager: Stop Saying GET!,2-Intermediate    3-Advanced    business english    expressions,https://www.engvid.com/speak-like-a-manager-stop-saying-get/
451,Learn English: 20 Expressions about Secrets,2-Intermediate    expressions,https://www.engvid.com/learn-english-20-expressions-about-secrets/
452,Business English: Polite Expressions for Resolving Conflict,3-Advanced    business english    expressions,https://www.engvid.com/business-english-polite-expressions-resolving-conflict/
453,"USED TO, BE USED TO, GET USED TO: When and How to Use Them",2-Intermediate    grammar,https://www.engvid.com/used-to-be-used-to-get-used-to/
454,“She” or “her”? “He” or “his”? Subjective & Objective Pronouns,1-Beginner    grammar,https://www.engvid.com/subjective-and-objective-pronouns/
455,Stop using the glottal stop!,2-Intermediate    pronunciation,https://www.engvid.com/stop-using-the-glottal-stop/
456,6 Common English Proverbs – What do they mean?,3-Advanced    expressions,https://www.engvid.com/6-common-english-proverbs-dont/
457,“THANKS”: 5 Common Expressions (that don’t all mean the same thing!),1-Beginner    expressions    speaking,https://www.engvid.com/thanks-5-common-expressions/
458,RELAX and stop feeling embarrassed when you speak,3-Advanced    culture & tips,https://www.engvid.com/relax-and-stop-feeling-embarrassed-when-you-speak/
459,"How to Write a Professional Email: Tone, Language, and Templates",English resource    3-Advanced    business english    writing,https://www.engvid.com/english-resource/how-to-write-a-professional-email/
460,The 10 Most Frequent Preposition Mistakes in English,2-Intermediate    grammar,https://www.engvid.com/the-10-most-frequent-preposition-mistakes-in-english/
461,Why I love living in the UK,1-Beginner    2-Intermediate    3-Advanced    culture & tips,https://www.engvid.com/why-i-love-living-in-the-uk/
462,"5 Tips for University Applications: Essays, Letters, Statements, etc.",3-Advanced    culture & tips    writing,https://www.engvid.com/5-tips-for-university-applications-essays-letters-statements/
463,"Basic English Grammar: HAD, DIDN’T HAVE, DID _____ HAVE?",1-Beginner    grammar,https://www.engvid.com/basic-english-grammar-had-didnt-have-did-have/
464,Learn 9 ways to use ‘JUST’ in English,2-Intermediate    vocabulary,https://www.engvid.com/learn-9-ways-to-use-just-in-english/
465,Writing & Punctuation: How to use a COMMA correctly in a complex sentence,2-Intermediate    writing,https://www.engvid.com/writing-punctuation-comma-complex-sentence/
466,Easy English Conversation: SUCCEED IN & MANAGE TO,2-Intermediate    business english    speaking    vocabulary,https://www.engvid.com/easy-english-conversation-succeed-in-manage-to/
467,How to answer 5 of the most common job interview questions,2-Intermediate    business english,https://www.engvid.com/5-most-common-job-interview-questions/
468,Who is a native speaker?,2-Intermediate    3-Advanced    culture & tips,https://www.engvid.com/who-is-a-native-speaker/
469,Learn English: 18 Idioms & Expressions with “RUN”,2-Intermediate    3-Advanced    expressions,https://www.engvid.com/learn-english-18-run-idioms-expressions/
470,“Can I learn English by myself?”,2-Intermediate    culture & tips,https://www.engvid.com/can-i-learn-english-by-myself/
471,"Basic English Grammar: HAVE, HAS, DON’T HAVE, DOESN’T HAVE",1-Beginner    grammar,https://www.engvid.com/basic-english-grammar-have-has-dont-have-doesnt-have/
472,Basic English: How to pronounce the long vowel sound in words ending with ‘e’,1-Beginner    pronunciation    vocabulary,https://www.engvid.com/basic-english-pronounce-long-vowels-e/
473,‘I’ or ‘me’? ‘She’ or ‘her’? ‘They’ or ‘them’? – English Grammar Pronoun Challenge!,1-Beginner    grammar,https://www.engvid.com/english-grammar-pronoun-challenge/
474,6 ways to pronounce ‘-OUGH’ words in English,1-Beginner    2-Intermediate    pronunciation,https://www.engvid.com/6-ways-to-pronounce-ough-words-in-english/
475,Improve your Vocabulary: Stop saying SORRY!,3-Advanced    expressions    vocabulary,https://www.engvid.com/improve-your-vocabulary-stop-saying-sorry/
476,English for Daily Life: Talking to Customer Service,3-Advanced    culture & tips    speaking,https://www.engvid.com/english-for-daily-life-talking-to-customer-service/
477,Learn English Prepositions: Preposition Collocations,3-Advanced    grammar    vocabulary,https://www.engvid.com/learn-english-prepositions-preposition-collocations/
478,Queen Elizabeth II – My Thoughts and Memories,2-Intermediate    3-Advanced    culture & tips,https://www.engvid.com/queen-elizabeth-ii-thoughts-memories/
479,10 Ways to Say “Thank You” in English,1-Beginner    speaking    vocabulary,https://www.engvid.com/10-ways-to-say-thank-you-in-english/
480,How to fake a conversation (when people are boring or annoying),2-Intermediate    culture & tips    speaking,https://www.engvid.com/how-to-fake-a-conversation/
481,"5-Minute English: WHO, WHOM, WHOSE, WHO’S",2-Intermediate    grammar,https://www.engvid.com/5-minute-english-who-whom-whose-whos/
482,60+ English Words Shortened in Conversation,English resource    1-Beginner    2-Intermediate    speaking    vocabulary,https://www.engvid.com/english-resource/60-english-words-shortened-in-conversation/
483,Phrasal Verbs: Add “OUT” to change the meaning of these 8 verbs,2-Intermediate    vocabulary,https://www.engvid.com/8-out-phrasal-verbs/
484,Easy English Conversation: “DID YOU KNOW?” or “DO YOU KNOW?”,1-Beginner    grammar    speaking,https://www.engvid.com/did-you-know-or-do-you-know/
485,"Learn English Prepositions: BY, UNTIL, TILL, ’TIL…",2-Intermediate    grammar,https://www.engvid.com/learn-english-prepositions-by-until-till-til/
486,How IELTS Writing is Scored (+ how to get the best results!),3-Advanced    IELTS    writing,https://www.engvid.com/how-ielts-writing-is-scored/
487,"Polite English: Modals for Advice – SHOULD, MUST, HAVE TO…",1-Beginner    grammar    speaking,https://www.engvid.com/polite-english-modals-for-advice/
488,5-Minute English: 5 “SURE” Phrases,2-Intermediate    speaking    vocabulary,https://www.engvid.com/5-minute-english-sure/
489,"Learn English Grammar: NOUN, VERB, ADVERB, ADJECTIVE",1-Beginner    grammar,https://www.engvid.com/learn-english-grammar-noun-verb-adverb-adjective/
490,"Make your English stronger with INTENSIFIERS: very, really, so, do, definitely, absolutely…",1-Beginner    speaking    vocabulary,https://www.engvid.com/make-your-english-stronger-with-intensifiers/
491,"8 Popular Idioms You Should Know: “out of the blue”, “out of the question”, “out of…”",2-Intermediate    expressions,https://www.engvid.com/8-popular-idioms-out-of/
492,Natural English Conversation: Interjections,2-Intermediate    culture & tips    speaking    vocabulary,https://www.engvid.com/natural-english-conversation-interjections/
493,5 Ways Meditation Will Help You Learn,2-Intermediate    3-Advanced    culture & tips,https://www.engvid.com/5-ways-meditation-will-help-you-learn/
494,11 common English words with slang meanings you can’t guess!,2-Intermediate    slang    vocabulary,https://www.engvid.com/11-common-english-words-slang-meanings/
495,Life in England: English for Speaking with Your Child’s Teacher,2-Intermediate    culture & tips,https://www.engvid.com/life-in-england-english-for-speaking-with-your-childs-teacher/
496,Learn 150+ Phrasal Verbs in English,2-Intermediate    expressions    vocabulary,https://www.engvid.com/learn-150-phrasal-verbs-in-english/
497,“I used to…” & “I would…”: Talking about the past in English,1-Beginner    grammar,https://www.engvid.com/i-used-to-i-would-talking-about-the-past-in-english/
498,‘Shall’ in English: Everything you need to know,3-Advanced    grammar    vocabulary,https://www.engvid.com/shall-in-english/
499,English Grammar: Which prepositions go with these 12 adjectives?,2-Intermediate    grammar,https://www.engvid.com/english-grammar-12-prepositions-adjectives/
500,How to be more professional at work: 5 phrases to use,3-Advanced    business english    expressions,https://www.engvid.com/how-to-be-more-professional-at-work-5-phrases/
501,English Pronunciation Mistake: Get rid of that ‘E’! (especially for Spanish speakers),1-Beginner    pronunciation,https://www.engvid.com/english-pronunciation-mistake-get-rid-of-that-e/
502,Polite & Professional English: How to soften your language,2-Intermediate    business english    culture & tips    speaking,https://www.engvid.com/polite-professional-english-how-to-soften-your-language/
503,Learn 30+ Everyday English Expressions from War,3-Advanced    expressions,https://www.engvid.com/learn-30-everyday-english-expressions-from-war/
504,“Should I learn British English or American English?”,1-Beginner    culture & tips,https://www.engvid.com/should-i-learn-british-english-or-american-english/
505,"English Listening Practice: TikTok, ding-dong, hip hop, teeny-tiny",2-Intermediate    comprehension    slang,https://www.engvid.com/english-listening-practice-tiktok-ding-dong/
506,"The Ages & Periods of English History: Victorian, Tudor, Edwardian, Elizabethan…",3-Advanced    culture & tips,https://www.engvid.com/the-ages-periods-of-english-history-victorian-tudor-edwardian-elizabethan/
507,"English Pronunciation Fix: 1 small change, 100s of errors gone!",1-Beginner    2-Intermediate    pronunciation,https://www.engvid.com/english-pronunciation-fix-or/
508,"English Vocabulary Builder: exhausted, wiped, fried, burnt out…",2-Intermediate    expressions    vocabulary,https://www.engvid.com/english-vocabulary-builder-tired/
509,30 Literal Phrasal Verbs in English,English resource    1-Beginner    vocabulary,https://www.engvid.com/english-resource/30-literal-phrasal-verbs-in-english/
510,Improve your Vocabulary: Stop saying OKAY!,2-Intermediate    3-Advanced    vocabulary,https://www.engvid.com/improve-your-vocabulary-stop-saying-okay/
511,Real English Conversation with a Yoga Teacher from Canada,3-Advanced    culture & tips    speaking,https://www.engvid.com/real-english-conversation-with-a-yoga-teacher-from-canada/
512,"13 Phrasal Verbs with GO: go for, go on, go along, go ahead…",2-Intermediate    expressions    vocabulary,https://www.engvid.com/13-go-phrasal-verbs/
513,5 English Idioms to Encourage People,2-Intermediate    expressions,https://www.engvid.com/5-english-idioms-to-encourage-people/
514,English Pronunciation & Spelling: Silent ‘U’ After ‘G’,1-Beginner,https://www.engvid.com/english-pronunciation-spelling-silent-u-after-g/
515,“What should I read?” – My Book Recommendations,2-Intermediate    3-Advanced    culture & tips,https://www.engvid.com/gills-book-recommendations/
516,Speak Like a Manager: 8 Advanced Adjectives,2-Intermediate    3-Advanced    business english    vocabulary,https://www.engvid.com/speak-like-a-manager-8-advanced-adjectives/
517,Learning English: Avoid these mistakes talking about money,1-Beginner    pronunciation    speaking,https://www.engvid.com/learning-english-avoid-these-mistakes-talking-about-money/
518,Become a Better Learner: 5 things you can do to improve focus & memory,2-Intermediate    3-Advanced    culture & tips,https://www.engvid.com/5-things-to-improve-focus-memory/
519,English Grammar: Adjective Clauses with Prepositions,3-Advanced    grammar,https://www.engvid.com/english-grammar-adjective-clauses-prepositions/
520,Work English: Expressions for polite negotiations,3-Advanced    business english    speaking,https://www.engvid.com/work-english-expressions-polite-negotiations/
521,Increase your vocabulary by using your senses,2-Intermediate    vocabulary,https://www.engvid.com/increase-your-vocabulary-by-using-your-senses/
522,Get out of awkward conversations the Ronnie way!,2-Intermediate    speaking,https://www.engvid.com/get-out-of-awkward-conversations-the-ronnie-way/
523,Learn 14 Musical Expressions in English,2-Intermediate    expressions,https://www.engvid.com/learn-14-musical-expressions-in-english/
524,Learn 10 Time Expressions in English,2-Intermediate    expressions,https://www.engvid.com/learn-10-time-expressions-in-english/
525,PRONUNCIATION: How to say “-ious” endings correctly in English,2-Intermediate    pronunciation,https://www.engvid.com/pronunciation-ious-endings-in-english/
526,3 Keys to Small Talk: Meet new people and build relationships,2-Intermediate    3-Advanced    culture & tips,https://www.engvid.com/3-keys-to-small-talk/
527,How To Understand Native English Speakers: Shortened Words,2-Intermediate    pronunciation    slang,https://www.engvid.com/native-english-speakers-shortened-words/
528,Improve Your Vocabulary: 24 ways to complain in English,3-Advanced    expressions,https://www.engvid.com/improve-your-vocabulary-13-ways-to-complain-in-english/
529,Improve Your English Vocabulary: Using Sense Verbs in Conversation,2-Intermediate    expressions    speaking,https://www.engvid.com/using-sense-verbs-in-conversation/
530,Simple Past Negative (English Tenses for Beginners),1-Beginner    grammar,https://www.engvid.com/simple-past-negative-english-tenses-for-beginners/
531,"How the UK is Divided: Countries, Cities, Counties, Councils, Wards",2-Intermediate    culture & tips    vocabulary,https://www.engvid.com/how-the-uk-is-divided/
532,4 ways to learn English FASTER and BETTER,2-Intermediate    3-Advanced    culture & tips,https://www.engvid.com/4-ways-to-learn-english-faster-and-better/
533,How to Write Effective Email Subject Lines,2-Intermediate    3-Advanced    business english    writing,https://www.engvid.com/how-to-write-effective-email-subject-lines/
534,Improve Your Vocabulary: Stop Saying ‘BIG’ & ‘SMALL’,1-Beginner    vocabulary,https://www.engvid.com/improve-your-vocabulary-stop-saying-big-small/
535,Learn English: Basketball Vocabulary,2-Intermediate    culture & tips    vocabulary,https://www.engvid.com/learn-english-basketball-vocabulary/
536,14 ENGLISH IDIOMS & EXPRESSIONS from food,3-Advanced    expressions,https://www.engvid.com/14-english-idioms-expressions-from-food/
537,Basic English: “BORROW” or “LEND”?,1-Beginner    vocabulary,https://www.engvid.com/basic-english-borrow-or-lend/
538,Have natural and DRAMATIC conversations by using HYPERBOLE!,2-Intermediate    3-Advanced    slang    speaking,https://www.engvid.com/have-natural-dramatic-conversations-hyperbole/
539,English Vocabulary: CLIMATE CHANGE,2-Intermediate    vocabulary,https://www.engvid.com/english-vocabulary-climate-change/
540,Upgrade your English: 12 Confusing Advanced Adjectives,3-Advanced    vocabulary,https://www.engvid.com/upgrade-your-english-12-confusing-advanced-adjectives/
541,Paying at a Restaurant: Vocabulary & Culture,1-Beginner    culture & tips    speaking,https://www.engvid.com/paying-at-a-restaurant-vocabulary-culture/
542,Improve Your English Pronunciation: Voiced & Voiceless Consonants,2-Intermediate    3-Advanced    pronunciation,https://www.engvid.com/english-pronunciation-voiced-voiceless-consonants/
543,Build a picture with your words: 5 descriptive writing tools,2-Intermediate    writing,https://www.engvid.com/5-descriptive-writing-tools/
544,Business English: Asking for and providing a quotation – expressions for email & phone,3-Advanced    business english    writing,https://www.engvid.com/business-english-asking-for-providing-quotations/
545,Positive English: 15 expressions to encourage and praise others,2-Intermediate    3-Advanced    expressions    speaking,https://www.engvid.com/positive-english-15-expressions-encourage-praise/
546,Improve Your Vocabulary: 15 names that have other meanings in English,2-Intermediate    slang    vocabulary,https://www.engvid.com/15-names-that-have-other-meanings-in-english/
547,“THAN” or “THEN”?,1-Beginner    vocabulary    writing,https://www.engvid.com/than-or-then/
548,STOP SAYING “SAID”: 8 words you can use instead,2-Intermediate    3-Advanced    vocabulary,https://www.engvid.com/stop-saying-said-8-words-you-can-use-instead/
549,How to speak English more fluently & fluidly,2-Intermediate    pronunciation,https://www.engvid.com/how-to-speak-english-more-fluently-fluidly/
550,How to use habits to help you learn: 3 methods,2-Intermediate    3-Advanced    culture & tips,https://www.engvid.com/how-to-use-habits-to-help-you-learn-3-methods/
551,How to ask for and give directions in English,1-Beginner    speaking    vocabulary,https://www.engvid.com/how-to-ask-give-directions-in-english/
552,From beginner to intermediate English,1-Beginner    2-Intermediate    culture & tips,https://www.engvid.com/from-beginner-to-intermediate-english/
553,"Learn 10 ways to use “DOWN” in English: I’m down, get down, down for life…",1-Beginner    expressions,https://www.engvid.com/learn-10-ways-to-use-down-in-english/
554,English Vocabulary Builder: Learn 9 BUZZWORDS,2-Intermediate    vocabulary,https://www.engvid.com/english-vocabulary-builder-learn-9-buzzwords/
555,Upgrade your writing with APPOSITIVES,3-Advanced    IELTS    TOEFL    writing,https://www.engvid.com/upgrade-your-writing-with-appositives/
556,Do you want an English wife? ❤️ How to find true love,1-Beginner    2-Intermediate    3-Advanced    culture & tips,https://www.engvid.com/do-you-want-an-english-wife/
557,Improving Your Spelling: My top tips,1-Beginner    grammar    writing,https://www.engvid.com/improving-your-spelling-my-top-tips/
558,LISTEN & UNDERSTAND: How to improve your listening comprehension in English,1-Beginner    2-Intermediate    3-Advanced    comprehension    culture & tips,https://www.engvid.com/how-to-improve-your-listening-comprehension-in-english/
559,"13 Phrasal Verbs with STAND: stand by, stand out, stand down…",2-Intermediate    expressions    vocabulary,https://www.engvid.com/13-stand-phrasal-verbs/
560,English Vocabulary Boost: 10 “KEEP” imperatives for daily life,2-Intermediate    expressions    speaking    vocabulary,https://www.engvid.com/10-keep-imperatives/
561,Improve Your Vocabulary: 26 ways to say you don’t care,2-Intermediate    3-Advanced    expressions    speaking,https://www.engvid.com/improve-your-vocabulary-26-ways-to-say-you-dont-care/
562,Grammar that you don’t need to worry about!,2-Intermediate    culture & tips    grammar,https://www.engvid.com/grammar-that-you-dont-need-to-worry-about/
563,Basic English: How to pronounce negative contractions,1-Beginner    pronunciation,https://www.engvid.com/basic-english-how-to-pronounce-negative-contractions/
564,Listen & Repeat: How to pronounce the short ‘U’ sound in English,1-Beginner    pronunciation,https://www.engvid.com/english-pronunciation-short-u/
565,Learning a language? Don’t let these 3 ideas hold you back,1-Beginner    2-Intermediate    3-Advanced    culture & tips,https://www.engvid.com/learning-language-3-ideas-holding-you-back/
566,Advanced English Grammar: The Infinitive Clause & The Infinitive Phrase,3-Advanced    grammar,https://www.engvid.com/advanced-english-grammar-infinitive-clause-infinitive-phrase/
567,How to be productive and motivated: My recommendations,1-Beginner    2-Intermediate    3-Advanced    culture & tips,https://www.engvid.com/how-to-be-productive-and-motivated/
568,“Should I worry about my accent?”,2-Intermediate    culture & tips    pronunciation,https://www.engvid.com/should-i-worry-about-my-accent/
569,"Identity Theft, Phishing, and Hacking: BE CAREFUL!",2-Intermediate    culture & tips,https://www.engvid.com/identity-theft-phishing-hacking/
570,Advanced English Vocabulary: PUNS & DOUBLE MEANINGS,3-Advanced    vocabulary,https://www.engvid.com/advanced-english-vocabulary-puns-double-meanings/
571,WHO’S or WHOSE?,1-Beginner    grammar,https://www.engvid.com/english-confused-words-whose-whos/
572,Improve Your English Conversations: How to talk about opinions,2-Intermediate    speaking,https://www.engvid.com/improve-your-english-conversations-opinions/
573,Improve Your English Vocabulary: 5 terms for a healthy life,2-Intermediate    culture & tips    vocabulary,https://www.engvid.com/improve-your-english-vocabulary-5-healthy-collocations/
574,Understand REAL English: Fictional Characters in Everyday English,2-Intermediate    culture & tips,https://www.engvid.com/understand-real-english-fictional-characters/
575,How to Give a Speech or Presentation: Overcoming Anxiety,2-Intermediate    business english    culture & tips    speaking,https://www.engvid.com/how-to-give-a-speech-or-presentation-overcoming-anxiety/
576,Learn English with George Orwell’s 1984,2-Intermediate    culture & tips    vocabulary,https://www.engvid.com/learn-english-george-orwell-1984/
577,4 Slang Expressions in English with “ON”,2-Intermediate    slang,https://www.engvid.com/4-on-slang-expressions-in-english/
578,Basic English: How to pronounce contractions,1-Beginner    pronunciation,https://www.engvid.com/basic-english-how-to-pronounce-contractions/
579,Learn 8 Popular English Expressions,1-Beginner    2-Intermediate    expressions,https://www.engvid.com/8-popular-english-expressions/
580,THE F WORD,2-Intermediate    culture & tips    slang,https://www.engvid.com/the-f-word/
581,Basic English: OF & OFF,1-Beginner    vocabulary,https://www.engvid.com/basic-english-of-off/
582,"14 Phrasal Verbs with RUN: run off, run out of, run over…",2-Intermediate    expressions    vocabulary,https://www.engvid.com/14-run-phrasal-verbs/
583,"Business English Vocabulary: MARKET, PRODUCTS, BRANDING, CONSUMERS, and more",3-Advanced    business english    vocabulary,https://www.engvid.com/business-english-vocabulary-market-products-branding-consumers-and-more/
584,3 Common Idioms for Appearance,2-Intermediate    expressions    speaking,https://www.engvid.com/3-common-idioms-for-appearance/
585,Job Interview Discrimination in North America,1-Beginner    culture & tips,https://www.engvid.com/job-interview-discrimination-north-america/
586,"Learn English: THOU, THEE, THY, THINE",3-Advanced    grammar    vocabulary,https://www.engvid.com/learn-english-thou-thee-thy-thine/
587,Basic English Errors: Duplicate Subjects,1-Beginner    grammar,https://www.engvid.com/basic-english-errors-duplicate-subjects/
588,Learn English: 8 common ways to describe your coworkers,2-Intermediate    vocabulary,https://www.engvid.com/learn-english-8-common-ways-to-describe-coworkers/
589,SUPERCHARGE Your English Language Learning: 3 Strategies,1-Beginner    2-Intermediate    3-Advanced    culture & tips,https://www.engvid.com/supercharge-your-english-3-strategies/
590,Learn Real English: 12 Current Words & Expressions,2-Intermediate    culture & tips    slang    vocabulary,https://www.engvid.com/learn-real-english-12-current-words-expressions/
591,IELTS VOCABULARY: 17 Direction Verbs for Graphs (IELTS Writing Task 1),2-Intermediate    IELTS    vocabulary,https://www.engvid.com/ielts-vocabulary-17-direction-verbs-graphs/
592,How to handle uncomfortable situations,1-Beginner    culture & tips,https://www.engvid.com/how-to-handle-uncomfortable-situations/
593,English Pronunciation Practice: CH & SH,1-Beginner    pronunciation,https://www.engvid.com/english-pronunciation-practice-ch-sh/
594,Learn English: 30 Common Commands,1-Beginner    expressions    speaking,https://www.engvid.com/learn-english-30-common-commands/
595,"English Grammar: Subject-Verb Agreement – all, most, some, none",2-Intermediate    grammar,https://www.engvid.com/english-grammar-subject-verb-agreement-indefinite-pronouns/
596,"The Most Common Preposition Mistakes in English: AT, ON, IN, TO, WITH…",1-Beginner    2-Intermediate    grammar,https://www.engvid.com/the-most-common-preposition-mistakes-in-english/
597,"8 Phrasal Verb Opposites in English: pass out, come to, talk into…",3-Advanced    expressions    vocabulary,https://www.engvid.com/8-phrasal-verb-opposites-in-english/
598,"Parts of Speech in English Grammar: PREPOSITIONS, PRONOUNS, CONJUNCTIONS, ARTICLES",1-Beginner    2-Intermediate    grammar,https://www.engvid.com/parts-of-speech-in-english-grammar-prepositions-pronouns-conjunctions-articles/
599,Polite English Conversation: How to take feedback,3-Advanced    business english    speaking,https://www.engvid.com/polite-english-conversation-how-to-take-feedback/
600,My experience learning English as an immigrant child,2-Intermediate    culture & tips,https://www.engvid.com/my-experience-learning-english-as-an-immigrant-child/
601,Learn English with an article from The Guardian,3-Advanced    comprehension    vocabulary,https://www.engvid.com/learn-english-with-a-guardian-news-article/
602,Pronunciation Secret: How to say any word with ‘-tion’,1-Beginner    2-Intermediate    pronunciation,https://www.engvid.com/pronunciation-secret-how-to-say-tion/
603,Easy English Conversation: 11 Common Social Expressions,1-Beginner    expressions    speaking,https://www.engvid.com/easy-english-conversation-11-common-social-expressions/
604,ONE-MINUTE ENGLISH: Confusing Words,1-Beginner    2-Intermediate    vocabulary,https://www.engvid.com/one-minute-english-confusing-words/
605,10 Common English Expressions from Sports,2-Intermediate    expressions    vocabulary,https://www.engvid.com/10-common-english-expressions-from-sports/
606,"16 Easy English Phrasal Verbs: People, Places, Clothes",1-Beginner    expressions    vocabulary,https://www.engvid.com/16-easy-english-phrasal-verbs-people-places-clothes/
607,Don’t make this mistake on your resume!,3-Advanced    business english    culture & tips,https://www.engvid.com/dont-make-this-mistake-on-your-resume/
608,English Vocabulary & Slang: POP!,1-Beginner    slang    vocabulary,https://www.engvid.com/english-vocabulary-slang-pop/
609,Improve your conversation skills with this easy expression: “Tell me about…”,1-Beginner    speaking,https://www.engvid.com/conversation-skills-tell-me-about/
610,English Grammar Hack: Where should you put the adverb?,1-Beginner    2-Intermediate    grammar,https://www.engvid.com/english-grammar-hack-adverbs-frequency/
611,English Pronunciation Practice: V & W,1-Beginner    pronunciation,https://www.engvid.com/english-pronunciation-practice-v-w/
612,Learn English: SUPPOSED TO,2-Intermediate    grammar    vocabulary,https://www.engvid.com/learn-english-supposed-to/
613,”My English isn’t improving. What should I do?”,2-Intermediate    3-Advanced    culture & tips,https://www.engvid.com/my-english-isnt-improving-what-should-i-do/
614,“REMIND” or “REMEMBER”?,2-Intermediate    grammar    vocabulary,https://www.engvid.com/remind-or-remember/
615,The Definite Article: When to use “the” with abstract nouns in English,3-Advanced    grammar,https://www.engvid.com/the-definite-article-abstract-nouns-english/
616,Improve your Vocabulary: 17 Advanced Verbs,3-Advanced    vocabulary,https://www.engvid.com/improve-your-vocabulary-17-advanced-verbs/
617,6 tips for improving your creative writing,3-Advanced    writing,https://www.engvid.com/6-tips-for-improving-your-creative-writing/
618,8 Easy English Expressions with “on the…”,1-Beginner    2-Intermediate    expressions,https://www.engvid.com/8-easy-english-expressions-on-the/
619,English for Beginners: Animal Vocabulary & Expressions to Describe People,1-Beginner    expressions    vocabulary,https://www.engvid.com/english-for-beginners-animal-vocabulary-expressions/
620,"Listening, Vocabulary, Comprehension: 8 English Expressions",2-Intermediate    comprehension    vocabulary,https://www.engvid.com/listening-vocabulary-comprehension-8-english-expressions/
621,Real English: Vocabulary to talk about real estate,2-Intermediate    vocabulary,https://www.engvid.com/real-english-vocabulary-real-estate/
622,Learn 15 Common WALK Expressions in English,2-Intermediate    expressions,https://www.engvid.com/learn-15-common-walk-expressions-in-english/
623,PHRASAL VERBS: 3 ways to use “give back” in English,2-Intermediate    expressions    vocabulary,https://www.engvid.com/phrasal-verbs-give-back/
624,Learn about Scotland with a Scottish poet,3-Advanced    culture & tips,https://www.engvid.com/learn-about-scotland-with-a-scottish-poet/
625,English Vocabulary & Phrasal Verbs for strange things we do,2-Intermediate    vocabulary,https://www.engvid.com/english-vocabulary-phrasal-verbs-strange-things/
626,How to start & end a business call: 3 easy steps,2-Intermediate    3-Advanced    business english,https://www.engvid.com/how-to-start-end-a-business-call-3-easy-steps/
627,How to use songs to learn English,1-Beginner    2-Intermediate    culture & tips    grammar,https://www.engvid.com/how-to-use-songs-to-learn-english/
628,8 Common Slang Phrases in English,2-Intermediate    expressions    slang,https://www.engvid.com/8-common-slang-phrases-in-english/
629,My Top 10 Tips for Better English Speaking,1-Beginner    2-Intermediate    3-Advanced    culture & tips    speaking,https://www.engvid.com/my-top-10-tips-for-better-english-speaking/
630,How to IMPROVISE during your speech or presentation,3-Advanced    business english    culture & tips    speaking,https://www.engvid.com/how-to-improvise-speech-presentation/
631,Let’s go! Learn 25 common imperatives in English with “let’s”,2-Intermediate    expressions    speaking,https://www.engvid.com/25-common-imperatives-english-lets/
632,Improve your English Vocabulary by reading an article with me,3-Advanced    comprehension    vocabulary,https://www.engvid.com/improve-your-english-vocabulary-reading-article/
633,How to talk about your boss in English,2-Intermediate    business english    expressions    vocabulary,https://www.engvid.com/how-to-talk-about-your-boss-in-english/
634,"PREPOSITIONS IN ENGLISH: work in, as, from, for, at, on…?",1-Beginner    business english    grammar,https://www.engvid.com/prepositions-in-english-work/
635,English Tenses: Learn PRESENT PERFECT with a game!,2-Intermediate    grammar,https://www.engvid.com/english-tenses-present-perfect-game/
636,5 questions to get the conversation going!,3-Advanced    culture & tips    speaking,https://www.engvid.com/5-questions-to-get-the-conversation-going/
637,Phrasal Verbs: 5 ways to use “GET OUT” in English,2-Intermediate    expressions    vocabulary,https://www.engvid.com/phrasal-verbs-5-ways-to-use-get-out-in-english/
638,12 Common English Expressions for Work,2-Intermediate    3-Advanced    business english    expressions,https://www.engvid.com/12-common-english-expressions-for-work/
639,"Working from Home: Vocabulary, Phrases, and more",2-Intermediate    3-Advanced    business english    culture & tips,https://www.engvid.com/working-from-home-vocabulary-phrases/
640,How I remember the spelling of difficult words,2-Intermediate    grammar    vocabulary,https://www.engvid.com/how-i-remember-the-spelling-of-difficult-words/
641,Practice L & R pronunciation in English with a song,1-Beginner    2-Intermediate    pronunciation,https://www.engvid.com/practice-l-r-pronunciation-in-english-with-a-song/
642,Fix Your Mistakes: 3 Common English Errors with Adjectives,1-Beginner    grammar,https://www.engvid.com/fix-your-mistakes-3-common-english-errors-adjectives/
643,How to pronounce the 10 most common verbs in English,1-Beginner    pronunciation,https://www.engvid.com/how-to-pronounce-the-10-most-common-verbs-in-english/
644,What’s the difference? 5 confusing word pairs for work,2-Intermediate    business english    vocabulary,https://www.engvid.com/5-confusing-word-pairs-for-work/
645,14 PHRASAL VERBS with meanings you can’t guess!,2-Intermediate    expressions    vocabulary,https://www.engvid.com/14-phrasal-verbs-with-meanings-you-cant-guess/
646,English Listening Comprehension: Native Speaker Conversation,3-Advanced    comprehension    culture & tips,https://www.engvid.com/english-listening-comprehension-native-speaker-conversation/
647,"English for Beginners: VERY, NOT VERY, VERY MUCH",1-Beginner    grammar,https://www.engvid.com/very-not-very-very-much/
648,Working in North America: What is mobbing?,2-Intermediate    3-Advanced    business english,https://www.engvid.com/working-in-north-america-mobbing/
649,Improve Your Pronunciation: The Short ‘i’ in English,1-Beginner    pronunciation,https://www.engvid.com/how-to-pronounce-short-i-english/
650,"Learn English: Cause & Effect – so, since, hence, due to, as a result…",2-Intermediate    grammar    vocabulary    writing,https://www.engvid.com/learn-english-cause-effect/
651,"Listening, Vocabulary, Comprehension: Learn 12 new words",2-Intermediate    comprehension    vocabulary,https://www.engvid.com/listening-vocabulary-comprehension-learn-12-new-words/
652,Learn English with a BBC News article,2-Intermediate    3-Advanced    comprehension    vocabulary,https://www.engvid.com/learn-english-with-a-bbc-news-article/
653,"13 Phrasal Verbs with Animals: fish for, clam up, wolf down…",2-Intermediate    expressions    vocabulary,https://www.engvid.com/13-phrasal-verbs-with-animals/
654,Learn 25 English Expressions from the Bible,3-Advanced    culture & tips    expressions,https://www.engvid.com/learn-25-english-expressions-from-the-bible/
655,"Learn 14 Phrasal Verbs with “stand”: stand for, stand out, stand down…",2-Intermediate    vocabulary,https://www.engvid.com/learn-14-stand-phrasal-verbs/
656,Speak Like a Manager: 10 Adjectives + 10 Adverbs,2-Intermediate    3-Advanced    business english    vocabulary,https://www.engvid.com/speak-like-a-manager-10-adjectives-10-adverbs/
657,How to talk about series in English,2-Intermediate    culture & tips    speaking    vocabulary,https://www.engvid.com/how-to-talk-about-series-in-english/
658,Learn English Grammar: 10 Types of Nouns,2-Intermediate    grammar,https://www.engvid.com/learn-english-grammar-10-types-of-nouns/
659,Top 6 Soft Skills for the Workplace,2-Intermediate    3-Advanced    business english    culture & tips,https://www.engvid.com/top-6-soft-skills-for-the-workplace/
660,How to Prepare for a Speech,3-Advanced    business english    culture & tips    speaking,https://www.engvid.com/how-to-prepare-for-a-speech/
661,Work English: 12 Phrasal Verbs for Job Interviews,2-Intermediate    business english    vocabulary,https://www.engvid.com/12-phrasal-verbs-for-job-interviews/
662,Learn English Vocabulary… with a tree!,1-Beginner    vocabulary,https://www.engvid.com/learn-english-vocabulary-with-a-tree/
663,Prepositions of Time: 6 Easy Exceptions,1-Beginner    2-Intermediate    grammar,https://www.engvid.com/prepositions-of-time-6-easy-exceptions/
664,English Pronunciation for Brazilians,1-Beginner    2-Intermediate    3-Advanced    pronunciation,https://www.engvid.com/english-pronunciation-for-brazilians/
665,How fluent are you in English?,1-Beginner    2-Intermediate    3-Advanced    culture & tips,https://www.engvid.com/how-fluent-are-you-in-english/
666,“There is” or “there are”? Matching Verbs in English,3-Advanced    grammar,https://www.engvid.com/there-is-or-there-are-matching-verbs-in-english/
667,Writing Emails: My Complete Guide,3-Advanced    business english    writing,https://www.engvid.com/writing-emails-my-guide/
668,10 Common “HOW” Questions in English,1-Beginner    expressions    speaking,https://www.engvid.com/10-common-how-questions-in-english/
669,English Spelling & Pronunciation: The Silent ‘H’,1-Beginner    pronunciation,https://www.engvid.com/english-spelling-pronunciation-silent-h/
670,What are you reading? A group discussion about books.,2-Intermediate    culture & tips,https://www.engvid.com/what-are-you-reading-book-discussion/
671,Emma takes the IELTS!,1-Beginner    2-Intermediate    3-Advanced    IELTS,https://www.engvid.com/emma-takes-the-ielts/
672,"Learn English Grammar: Single Items, but Plural Nouns!",3-Advanced    grammar,https://www.engvid.com/learn-english-grammar-single-items-plural-nouns/
673,Improve your Vocabulary: Stop saying NICE & BEAUTIFUL!,2-Intermediate    vocabulary,https://www.engvid.com/improve-your-vocabulary-stop-saying-nice-beautiful/
674,IELTS & TOEFL Study Tips: What you need to succeed,3-Advanced    IELTS    TOEFL,https://www.engvid.com/ielts-toefl-study-tips/
675,Improve your English: Phrases for your online meeting,2-Intermediate    business english    culture & tips    expressions,https://www.engvid.com/improve-your-english-online-meeting-phrases/
676,Stop saying “I don’t understand”: What to say instead,2-Intermediate    speaking    vocabulary,https://www.engvid.com/stop-saying-i-dont-understand/
677,How to prepare for your online job interview,2-Intermediate    3-Advanced    business english    culture & tips,https://www.engvid.com/how-to-prepare-for-your-online-job-interview/
678,IN or ON? Learn to use these 8 professional English verbs correctly,2-Intermediate    business english    grammar,https://www.engvid.com/in-on-8-professional-english-verbs/
679,Learning English for Beginners: My top tips,1-Beginner    culture & tips,https://www.engvid.com/learning-english-for-beginners-my-top-tips/
680,"Listening, Vocabulary, Comprehension: Medical words used in business English",3-Advanced    business english    vocabulary,https://www.engvid.com/listening-vocabulary-comprehension-medical-business-english/
681,English Grammar: When NOT to use an article – 9 rules,2-Intermediate    3-Advanced    grammar,https://www.engvid.com/when-not-to-use-an-article-9-rules/
682,Learn English Tenses: PAST SIMPLE & PRESENT PERFECT,2-Intermediate    grammar,https://www.engvid.com/english-tenses-past-simple-present-perfect/
683,PHRASAL VERBS: 5 ways to use “take off” in English,2-Intermediate    expressions    vocabulary,https://www.engvid.com/phrasal-verbs-take-off/
684,Improve your Vocabulary: 8 better ways to say “I don’t know”,2-Intermediate    expressions    vocabulary,https://www.engvid.com/8-better-ways-to-say-i-dont-know/
685,"Help a Charity, Save a Life",3-Advanced    culture & tips,https://www.engvid.com/help-a-charity-save-a-life/
686,Comparative & Superlative Adjectives in English,English resource    1-Beginner    grammar,https://www.engvid.com/english-resource/comparative-superlative-adjectives-in-english/
687,Comparative & Superlative Adjectives in English: Complete Guide,1-Beginner    vocabulary,https://www.engvid.com/comparative-superlative-adjectives-english/
688,The Top 10 Words of the Decade,2-Intermediate    3-Advanced    culture & tips    vocabulary,https://www.engvid.com/the-top-10-words-of-the-decade/
689,Learn the many uses of “SOME” in English,2-Intermediate    3-Advanced    vocabulary,https://www.engvid.com/some-in-english/
690,??? Strange English idioms that don’t make sense,3-Advanced    expressions,https://www.engvid.com/strange-english-idioms/
691,The BEST classic books for kids and teenagers (ages 7–16),1-Beginner    2-Intermediate    3-Advanced    culture & tips,https://www.engvid.com/the-best-classic-books-for-kids-and-teenagers/
692,Learn English vocabulary for card games,2-Intermediate    culture & tips    vocabulary,https://www.engvid.com/english-vocabulary-card-games/
693,PHRASAL VERBS to talk about what you do every morning,1-Beginner    2-Intermediate    expressions    vocabulary,https://www.engvid.com/phrasal-verbs-morning-routine/
694,Comparing life during lockdown in China & England,3-Advanced    culture & tips,https://www.engvid.com/life-during-lockdown-china-england/
695,Learn English: SAY or TELL?,1-Beginner    grammar,https://www.engvid.com/learn-english-say-or-tell/
696,Learn English Vocabulary: SELF-HELP… life is hard!,2-Intermediate    culture & tips    expressions    vocabulary,https://www.engvid.com/learn-english-vocabulary-self-help/
697,NOUN or VERB? Listen for the word stress,2-Intermediate    3-Advanced    grammar    pronunciation,https://www.engvid.com/noun-or-verb-word-stress/
698,13 English PHRASAL VERBS with “cut”,2-Intermediate    expressions    vocabulary,https://www.engvid.com/13-cut-phrasal-verbs/
699,Improve your English by speaking to yourself,2-Intermediate    3-Advanced    culture & tips    expressions,https://www.engvid.com/improve-your-english-by-speaking-to-yourself/
700,How do posh people speak? Learn about language and social class in England,3-Advanced    culture & tips,https://www.engvid.com/how-do-posh-people-speak/
701,Learn English with Alice in Wonderland,2-Intermediate    3-Advanced    culture & tips    expressions,https://www.engvid.com/learn-english-with-alice-in-wonderland/
702,My apology video…,2-Intermediate    culture & tips    speaking,https://www.engvid.com/my-apology-video/
703,Learn English with a Poem: “The New Colossus” by Emma Lazarus,3-Advanced    comprehension    culture & tips,https://www.engvid.com/learn-english-with-a-poem-the-new-colossus-emma-lazarus/
704,Speak like a Manager: Adjectives 1,2-Intermediate    3-Advanced    business english    vocabulary,https://www.engvid.com/speak-like-a-manager-adjectives-1/
705,How to listen to lectures: Understand & remember with these strategies,3-Advanced    culture & tips    Exams,https://www.engvid.com/how-to-listen-to-lectures/
706,Stop using these COVID words!,3-Advanced    vocabulary,https://www.engvid.com/stop-using-these-covid-words/
707,Learn 10 English Expressions from Politics,2-Intermediate    expressions,https://www.engvid.com/learn-10-english-expressions-from-politics/
708,How to write an article,3-Advanced    business english    writing,https://www.engvid.com/how-to-write-an-article/
709,30+ ways to say “NO” in English,2-Intermediate    expressions    vocabulary,https://www.engvid.com/30-ways-to-say-no-in-english/
710,"Learn English Phrasal Verbs: BBQ! “light up”, “put out”, “flip over”, “scrape down”…",1-Beginner    2-Intermediate    culture & tips    vocabulary,https://www.engvid.com/learn-english-phrasal-verbs-bbq/
711,Life in the UK: A professional couple who moved to London 5 years ago talk about their experience,2-Intermediate    3-Advanced    culture & tips,https://www.engvid.com/life-in-the-uk-interview-professional-couple/
712,Millionaire English: 10 idioms about money!,1-Beginner    expressions,https://www.engvid.com/millionaire-english-10-idioms-about-money/
713,Cultural Differences between North America & England,2-Intermediate    3-Advanced    culture & tips,https://www.engvid.com/cultural-differences-north-america-england/
714,TEST YOUR ENGLISH: Play the phrase game!,2-Intermediate    3-Advanced    expressions,https://www.engvid.com/test-your-english-phrase-game/
715,Learn Real English: Buying Glasses,2-Intermediate    vocabulary,https://www.engvid.com/learn-real-english-buying-glasses/
716,British English & North American English: Pronunciation & Accent Differences,2-Intermediate    3-Advanced,https://www.engvid.com/british-north-american-english-accent-differences/
717,Australian English,3-Advanced    culture & tips    slang,https://www.engvid.com/australian-english/
718,The BEST way to learn PHRASAL VERBS,2-Intermediate    3-Advanced    expressions    vocabulary,https://www.engvid.com/the-best-way-to-learn-phrasal-verbs/
719,ZOOM Meeting Tips: What to do and what not to do!,2-Intermediate    culture & tips,https://www.engvid.com/zoom-meeting-tips/
720,How to disagree politely in English,2-Intermediate    3-Advanced    business english    speaking,https://www.engvid.com/how-to-disagree-politely-in-english/
721,English Pronunciation Practice: OO & U,1-Beginner    pronunciation,https://www.engvid.com/english-pronunciation-oo-u/
722,When to END a conversation: 4 signs,2-Intermediate    3-Advanced    culture & tips    speaking,https://www.engvid.com/when-to-end-a-conversation/
723,Professional & Business English: Marketing,2-Intermediate    3-Advanced    business english,https://www.engvid.com/professional-business-english-marketing/
724,Professional English: Expressions to use in business & office meetings,2-Intermediate    3-Advanced    business english    expressions,https://www.engvid.com/professional-english-expressions-meetings/
725,Work English: 12 PHRASAL VERBS for meetings,2-Intermediate    business english    expressions    vocabulary,https://www.engvid.com/work-english-12-phrasal-verbs-for-meetings/
726,"Learn 8 Phrasal Verbs for opening: pop open, peel off, flip up…",1-Beginner    expressions    slang,https://www.engvid.com/8-phrasal-verbs-for-opening/
727,"Life in the UK: What’s it like to move to, live, and work in London?",3-Advanced    culture & tips,https://www.engvid.com/life-in-the-uk-whats-it-like-to-live-in-london/
728,10 Common Mistakes with Verbs & Prepositions in English,1-Beginner    2-Intermediate    3-Advanced    grammar,https://www.engvid.com/10-common-mistakes-with-verbs-prepositions-in-english/
729,How to learn & study more effectively: Use the “BLESS ME” strategy,1-Beginner    2-Intermediate    3-Advanced    culture & tips    IELTS    TOEFL    TOEIC,https://www.engvid.com/learn-study-more-effectively-bless-me/
730,Learn English: 20 ways to say “I don’t know”,2-Intermediate    expressions    speaking,https://www.engvid.com/learn-english-20-ways-to-say-i-dont-know/
731,English Grammar: Linking Verbs (Copula),2-Intermediate    3-Advanced    grammar,https://www.engvid.com/english-grammar-linking-verbs-copula/
732,English Grammar: Tag Questions for ALL TENSES!,2-Intermediate    3-Advanced    grammar,https://www.engvid.com/english-grammar-tag-questions-for-all-tenses/
733,Why English is SO HARD to learn,2-Intermediate    culture & tips,https://www.engvid.com/why-english-is-so-hard-to-learn/
734,Life in London: Fish & Chips,3-Advanced    culture & tips,https://www.engvid.com/life-in-london-fish-chips/
735,Learn 14 English expressions for body language,3-Advanced    expressions,https://www.engvid.com/14-english-expressions-body-language/
736,"Optimistic English: Make yourself & others happier, healthier, and richer!",2-Intermediate    3-Advanced    culture & tips    expressions    speaking,https://www.engvid.com/optimistic-english/
737,Do you want to change your accent?,1-Beginner    comprehension    pronunciation    speaking,https://www.engvid.com/do-you-want-to-change-your-accent/
738,"Phrasal Verbs: CHECK – check up, check out, check off…",2-Intermediate    expressions    vocabulary,https://www.engvid.com/phrasal-verbs-check/
739,"Learn English prefixes to improve your vocabulary: DOWN-, UP-, RE-, DE-",2-Intermediate    vocabulary,https://www.engvid.com/learn-english-prefixes-down-up-re-de/
740,STOP giving advice in English!,2-Intermediate    expressions    slang,https://www.engvid.com/stop-giving-advice-in-english/
741,Why English is easy to learn,2-Intermediate    culture & tips,https://www.engvid.com/why-english-is-easy-to-learn/
742,Learn 7 Time Expressions in English,3-Advanced    expressions,https://www.engvid.com/learn-7-time-expressions-in-english/
743,Learn English Vocabulary: Computer Hardware,2-Intermediate    expressions    vocabulary,https://www.engvid.com/learn-english-vocabulary-computer-hardware/
744,Learn English Tenses: Review of ALL 12 TENSES in English,1-Beginner    grammar,https://www.engvid.com/learn-english-tenses-review/
745,Giving advice in English with ‘SHOULD’ & tips for being in a hospital,1-Beginner    2-Intermediate    3-Advanced    culture & tips    grammar,https://www.engvid.com/advice-english-should-hospital-tips/
746,Speak English more naturally: Using rhyme for word stress and intonation,3-Advanced    pronunciation,https://www.engvid.com/rhyme-word-stress-intonation/
747,Practice your English comprehension: Sailing vocabulary & expressions,3-Advanced    comprehension    expressions    vocabulary,https://www.engvid.com/english-comprehension-sailing-vocabulary-expressions/
748,How has the quarantine changed life and society?,1-Beginner    2-Intermediate    culture & tips,https://www.engvid.com/quarantine-life-society/
749,Learn English Tenses: FUTURE PERFECT CONTINUOUS,1-Beginner    grammar,https://www.engvid.com/future-perfect-continuous/
750,Learn 30+ ways to greet people in English,2-Intermediate    expressions    speaking,https://www.engvid.com/learn-30-ways-to-greet-people-in-english/
751,Study & work in the UK: A talk with my English student about her journey!,2-Intermediate    3-Advanced    culture & tips,https://www.engvid.com/study-work-in-the-uk-a-talk-with-my-english-student/
752,Learn 12 Work English Expressions with BREAD,2-Intermediate    3-Advanced    business english    expressions,https://www.engvid.com/12-work-english-expressions-bread/
753,Improve Your Writing: Common & Proper Nouns,2-Intermediate    grammar    writing,https://www.engvid.com/improve-your-writing-common-proper-nouns/
754,Easy English Conversation: Talk about food!,1-Beginner    2-Intermediate    3-Advanced    vocabulary,https://www.engvid.com/easy-english-conversation-food/
755,The BEST books to read with your kids (ages 0–7),1-Beginner    2-Intermediate    3-Advanced    culture & tips,https://www.engvid.com/best-books-to-read-with-kids/
756,Water Vocabulary & Expressions in English,2-Intermediate    expressions    vocabulary,https://www.engvid.com/water-vocabulary-expressions-in-english/
757,How to use “GET” like a native English speaker,1-Beginner    2-Intermediate    slang    vocabulary,https://www.engvid.com/how-to-use-get-like-a-native-english-speaker/
758,Learn English Tenses: FUTURE PERFECT,1-Beginner    grammar,https://www.engvid.com/future-perfect/
759,Learn English Vocabulary: Cleaning your house,2-Intermediate    vocabulary,https://www.engvid.com/learn-english-vocabulary-cleaning-your-house/
760,Learn 55 abbreviations for texting & messaging in English,2-Intermediate    slang,https://www.engvid.com/55-abbreviations-texting-english/
761,"Describe people in English with animal adjectives & idioms: sheepish, sluggish, fishy…",2-Intermediate    expressions    slang    vocabulary,https://www.engvid.com/describe-people-in-english-animal-adjectives-idioms/
762,Learn English Tenses: PRESENT PERFECT CONTINUOUS or PAST PERFECT CONTINUOUS?,1-Beginner    grammar,https://www.engvid.com/present-perfect-continuous-or-past-perfect-continuous/
763,GROUP JOB INTERVIEW: What to say and do to succeed,3-Advanced    business english    culture & tips,https://www.engvid.com/group-job-interview/
764,How to cancel plans: Use my 5 easy steps,3-Advanced    speaking,https://www.engvid.com/how-to-cancel-plans-5-steps/
765,"Learn English Vocabulary for Tourism: resort, cruise, charter, all-inclusive…",1-Beginner    2-Intermediate    vocabulary,https://www.engvid.com/english-vocabulary-tourism/
766,How to talk about wine in English: Vocabulary & expressions,3-Advanced    culture & tips    expressions    vocabulary,https://www.engvid.com/wine-english-vocabulary-expressions/
767,Learn English Tenses: PAST PERFECT CONTINUOUS,1-Beginner    grammar,https://www.engvid.com/past-perfect-continuous/
768,"Learn English vocabulary from French: foie gras, du jour, faux pas…",1-Beginner    pronunciation,https://www.engvid.com/learn-english-vocabulary-from-french/
769,15 English words that even native speakers don’t pronounce correctly,3-Advanced    pronunciation,https://www.engvid.com/15-english-words-native-speakers-mispronounce/
770,Pronunciation: Fix 14 Common Mistakes with Business English Verbs,2-Intermediate    3-Advanced    business english    pronunciation,https://www.engvid.com/pronunciation-14-common-mistakes-business-english-verbs/
771,English Poetry: Learn about THE SONNET,3-Advanced    culture & tips,https://www.engvid.com/english-poetry-sonnet/
772,Basic English: How to use SORRY & EXCUSE ME,1-Beginner    vocabulary,https://www.engvid.com/basic-english-sorry-excuse-me/
773,Learn English Tenses: PAST SIMPLE or PAST PERFECT?,1-Beginner    grammar,https://www.engvid.com/past-simple-or-past-perfect/
774,Everyday English: Going to the PHARMACY,1-Beginner    expressions    vocabulary,https://www.engvid.com/everyday-english-pharmacy/
775,Improve your Vocabulary: 29 ways to express anger in English,2-Intermediate    3-Advanced    expressions    slang    vocabulary,https://www.engvid.com/29-ways-to-express-anger-in-english/
776,Understand ROAD SIGNS in the UK & North America,2-Intermediate    culture & tips    vocabulary,https://www.engvid.com/road-signs-uk-north-america/
777,Learn about North American culture: Hygiene,1-Beginner    culture & tips,https://www.engvid.com/north-american-culture-hygiene/
778,Learn English Tenses: PAST PERFECT,1-Beginner    grammar,https://www.engvid.com/past-perfect/
779,How to make small talk at work: What to say,3-Advanced    business english    speaking,https://www.engvid.com/how-to-make-small-talk-at-work/
780,"22 ways to use ‘OUT’ in English: outfit, outlook, output, outcry, out loud…",2-Intermediate    expressions    vocabulary,https://www.engvid.com/22-ways-to-use-out-in-english/
781,"Basic English Grammar: How to use ALSO, TOO, AS WELL",1-Beginner    grammar,https://www.engvid.com/basic-english-grammar-also-too-as-well/
782,Learn how to say 30+ foods that are hard to pronounce,3-Advanced    pronunciation,https://www.engvid.com/30-foods-hard-to-pronounce/
783,Learn English Tenses: PRESENT PERFECT CONTINUOUS,1-Beginner    grammar,https://www.engvid.com/present-perfect-continuous/
784,HELP! I failed my test/exam/course: NOW WHAT?,1-Beginner    2-Intermediate    3-Advanced    culture & tips    IELTS    TOEFL,https://www.engvid.com/help-i-failed-my-test-exam-course-now-what/
785,How to write a PERSONAL STATEMENT for university or college,3-Advanced    culture & tips    writing,https://www.engvid.com/how-to-write-a-personal-statement-university-college/
786,Learn 7 easy English idioms for giving advice,1-Beginner    expressions,https://www.engvid.com/7-easy-english-idioms-advice/
787,Basic English to GET TALKING FAST!,1-Beginner    expressions,https://www.engvid.com/basic-english-to-get-talking-fast/
788,How to GET A JOB in North America,3-Advanced    business english    culture & tips    expressions    vocabulary,https://www.engvid.com/how-to-get-a-job-in-north-america/
789,Learn 20 ways to say “that’s cool” in English,2-Intermediate    expressions    slang,https://www.engvid.com/20-ways-to-say-thats-cool-in-english/
790,Learn English Tenses: PRESENT PERFECT or PAST SIMPLE?,1-Beginner    grammar,https://www.engvid.com/present-perfect-or-past-simple/
791,How to pronounce ‘R’ in British English,1-Beginner    pronunciation,https://www.engvid.com/how-to-pronounce-r-in-british-english/
792,4 ways to improve your English speaking… ALONE!,2-Intermediate    3-Advanced    culture & tips    speaking,https://www.engvid.com/improve-english-speaking-alone/
793,“Schedule”: Are you saying it correctly?,2-Intermediate    business english    pronunciation,https://www.engvid.com/schedule-pronunciation/
794,Learn English Tenses: PRESENT PERFECT,1-Beginner    grammar,https://www.engvid.com/present-perfect-tense/
795,Should you use slang?,1-Beginner    culture & tips    slang,https://www.engvid.com/should-you-use-slang/
796,Driving in English: Car & Road Vocabulary,2-Intermediate    culture & tips    vocabulary,https://www.engvid.com/driving-in-english-car-road-vocabulary/
797,18 PHRASAL VERBS in English for success and failure,2-Intermediate    expressions    vocabulary,https://www.engvid.com/18-phrasal-verbs-success-failure/
798,I HATE English! Surprising plurals and singulars ?,1-Beginner    grammar,https://www.engvid.com/surprising-plurals-and-singulars/
799,Learn English Tenses: FUTURE CONTINUOUS,1-Beginner    grammar,https://www.engvid.com/future-continuous/
800,English Vocabulary: 35 words that we shorten in conversation,2-Intermediate    vocabulary,https://www.engvid.com/english-vocabulary-35-shortened-words/
801,Learn English Grammar: The 4 Conditionals,2-Intermediate    3-Advanced    grammar,https://www.engvid.com/learn-english-grammar-the-4-conditionals/
802,10 English Idioms & Expressions with “EYE”,2-Intermediate    expressions,https://www.engvid.com/10-english-idioms-expressions-eye/
803,Get a job: Language & phrases for Your English CV,3-Advanced    business english    culture & tips,https://www.engvid.com/get-a-job-english-cv/
804,COVID-19: Talking about coronavirus in English – vocabulary & expressions,2-Intermediate    3-Advanced    vocabulary,https://www.engvid.com/covid-19-coronavirus-vocabulary-expressions/
805,Basic English Grammar: Giving reasons with infinitives,1-Beginner    expressions    grammar,https://www.engvid.com/basic-english-grammar-giving-reasons-with-infinitives/
806,REAL ENGLISH: Going to the COFFEE SHOP,2-Intermediate    culture & tips    vocabulary,https://www.engvid.com/real-english-coffee-shop/
807,Learn English Tenses: FUTURE – “will” or “going to”?,1-Beginner    grammar,https://www.engvid.com/will-or-going-to/
808,"5 simple English words with many meanings: VERY, TOO, ENOUGH, QUITE, RATHER",1-Beginner    2-Intermediate    comprehension    grammar    vocabulary,https://www.engvid.com/very-too-enough-quite-rather/
809,EASY ENGLISH VOCABULARY for Spanish & Portuguese Speakers,1-Beginner    pronunciation    vocabulary,https://www.engvid.com/easy-english-vocabulary-spanish-portuguese/
810,Improve your Vocabulary: Learn 26 adjectives to describe the taste and texture of food!,2-Intermediate    vocabulary,https://www.engvid.com/improve-your-vocabulary-26-food-adjectives/
811,Learn English Vocabulary: Going to the theatre,2-Intermediate    3-Advanced    culture & tips    vocabulary,https://www.engvid.com/learn-english-vocabulary-going-to-the-theatre/
812,13 Common ACRONYMS & ABBREVIATIONS in English,2-Intermediate    3-Advanced    slang    vocabulary,https://www.engvid.com/13-common-acronyms-abbreviations-in-english/
813,Learn English Tenses: FUTURE with “GOING TO” & Present Continuous,1-Beginner    grammar,https://www.engvid.com/future-going-to-present-continuous/
814,Change your life by changing how you speak,3-Advanced    culture & tips    speaking,https://www.engvid.com/change-your-life-by-changing-how-you-speak/
815,English Fluency: Improve your INTONATION with the Banana Game,1-Beginner    pronunciation    speaking,https://www.engvid.com/english-fluency-intonation-banana-game/
816,English Pronunciation: How to make the TS sound,2-Intermediate    pronunciation,https://www.engvid.com/english-pronunciation-ts/
817,Improve your life & find SUCCESS with social etiquette,3-Advanced    culture & tips    expressions,https://www.engvid.com/social-etiquette/
818,Learn Real English: How to talk about your PERIOD,1-Beginner    culture & tips    vocabulary,https://www.engvid.com/how-to-talk-about-your-period/
819,Upgrade your English: 10 Advanced Business Expressions,3-Advanced    business english    vocabulary,https://www.engvid.com/10-advanced-business-expressions/
820,How to use “first” and “last” in English sentences,2-Intermediate    grammar    writing,https://www.engvid.com/how-to-use-first-and-last-in-english-sentences/
821,Learn English Grammar: What’s the difference between ACTIVE & PASSIVE?,2-Intermediate    grammar,https://www.engvid.com/learn-english-grammar-active-passive/
822,SUPERLEARNING: Develop your learning style to its full potential,1-Beginner    2-Intermediate    3-Advanced    comprehension    culture & tips,https://www.engvid.com/superlearning-learning-styles/
823,"Learn about the SCOTTISH accent, dialect, and slang!",3-Advanced    culture & tips,https://www.engvid.com/scottish-accent-dialect-slang/
824,Learn English Tenses: FUTURE SIMPLE with “will”,1-Beginner    grammar,https://www.engvid.com/future-simple/
825,Understand what you read: Emma’s pronoun trick!,1-Beginner    grammar    IELTS    TOEFL,https://www.engvid.com/understand-what-you-read-emmas-pronoun-trick/
826,Parts of Speech in English Grammar: VERBS & ADVERBS,1-Beginner    2-Intermediate    3-Advanced    grammar,https://www.engvid.com/parts-of-speech-verbs-adverbs/
827,10 social English expressions to use in conversations,1-Beginner    2-Intermediate    expressions,https://www.engvid.com/10-social-english-expressions-to-use-in-conversations/
828,"English Vocabulary: hmm, huh, ouch, wow, aww, uhh… (interjections)",1-Beginner    slang    vocabulary,https://www.engvid.com/english-vocabulary-interjections/
829,Learn 30+ common “WILL” sentences in English,2-Intermediate    expressions,https://www.engvid.com/learn-30-common-will-sentences-in-english/
830,Learn English Tenses: PAST CONTINUOUS,1-Beginner    grammar,https://www.engvid.com/past-continuous/
831,IELTS & Academic English: How to talk about percentages,2-Intermediate    3-Advanced    IELTS    vocabulary,https://www.engvid.com/ielts-academic-english-percentages/
832,W5 Questions in English: Wherever Whenever Whatever Whoever Whyever,2-Intermediate    grammar    vocabulary,https://www.engvid.com/wherever-whenever-whatever-whoever-whyever/
833,Speak like a Manager: Stop saying “very good” & “very bad”,2-Intermediate    3-Advanced    business english    expressions    vocabulary,https://www.engvid.com/stop-saying-very-good-very-bad/
834,The MOST mispronounced word in English: Learn how to say it correctly!,1-Beginner    pronunciation,https://www.engvid.com/the-most-mispronounced-word-in-english/
835,How to use “USED TO” in English,1-Beginner    grammar,https://www.engvid.com/how-to-use-used-to-in-english/
836,Parts of Speech in English Grammar: NOUNS & ADJECTIVES,1-Beginner    2-Intermediate    3-Advanced    grammar,https://www.engvid.com/parts-of-speech-english-grammar-nouns-adjectives/
837,Learn English Tenses: PAST SIMPLE,1-Beginner    grammar,https://www.engvid.com/past-simple-tense/
838,Don’t say “I done that”! Learn 10 better ways to say it,2-Intermediate    expressions    vocabulary,https://www.engvid.com/dont-say-i-done-that/
839,"Learn English vocabulary with the alphabet: I is for “eye”, T is for “tea”…",1-Beginner    vocabulary,https://www.engvid.com/learn-english-vocabulary-with-the-alphabet/
840,My EASY English grammar trick for yes/no questions,2-Intermediate    grammar,https://www.engvid.com/easy-english-grammar-trick-yes-no-questions/
841,Learn English Tenses: PRESENT SIMPLE or PRESENT CONTINUOUS?,1-Beginner    grammar,https://www.engvid.com/present-simple-or-present-continuous/
842,"Learn 9 English idioms from ball sports: out of your league, up to par, get into the swing…",2-Intermediate    expressions,https://www.engvid.com/learn-9-english-idioms-from-ball-sports/
843,Learn English the MMA way!,3-Advanced    expressions,https://www.engvid.com/learn-english-the-mma-way/
844,English Pronunciation: 12 commonly confused word pairs,2-Intermediate    pronunciation,https://www.engvid.com/english-pronunciation-12-commonly-confused-word-pairs/
845,"How to pronounce British towns & cities: -HAM, -BURY, -WICH, -MOUTH…",3-Advanced    culture & tips    pronunciation,https://www.engvid.com/how-to-pronounce-british-towns-cities/
846,"Learn English vocabulary, expressions, and culture for birthdays!",1-Beginner    culture & tips    expressions    vocabulary,https://www.engvid.com/english-vocabulary-expressions-culture-birthdays/
847,SOCIAL MEDIA Vocabulary in English: 30 words to learn,2-Intermediate    expressions    vocabulary,https://www.engvid.com/social-media-vocabulary-in-english/
848,Learn English Tenses: PRESENT CONTINUOUS (PRESENT PROGRESSIVE),1-Beginner    grammar,https://www.engvid.com/present-continuous-progressive-tense/
849,ENGLISH Tips for CHINESE Speakers,1-Beginner    2-Intermediate    culture & tips    pronunciation,https://www.engvid.com/english-tips-for-chinese-speakers/
850,Take PRIVATE ENGLISH CLASSES with RONNIE!,1-Beginner    2-Intermediate    3-Advanced    culture & tips,https://www.engvid.com/take-private-english-classes-with-ronnie/
851,How to write informal emails in English,3-Advanced    writing,https://www.engvid.com/how-to-write-informal-emails-in-english/
852,Learn English Tenses: PRESENT SIMPLE,1-Beginner    grammar,https://www.engvid.com/present-simple-tense/
853,English Pronunciation: Learn when and how to say the S & Z sound,2-Intermediate    pronunciation    vocabulary,https://www.engvid.com/english-pronunciation-s-z-sound/
854,Improve your Vocabulary: Stop saying I KNOW!,2-Intermediate    3-Advanced    culture & tips    speaking    vocabulary,https://www.engvid.com/improve-your-vocabulary-stop-saying-i-know/
855,How to remember IPA phoneme symbols: my tricks!,3-Advanced    pronunciation,https://www.engvid.com/how-to-remember-ipa-phoneme-symbols-my-tricks/
856,How to talk about the future in English with ‘WILL’,1-Beginner    culture & tips    grammar    speaking,https://www.engvid.com/how-to-talk-about-the-future-in-english-with-will/
857,"REAL ENGLISH: Talking about measurements: cm, m, km, ‘, “, lb, kg, g, oz, ml, cc",2-Intermediate    3-Advanced    culture & tips    vocabulary,https://www.engvid.com/real-english-talking-about-measurements/
858,"16 English words that come from Japanese: karaoke, origami, tsunami, tofu…",1-Beginner    vocabulary,https://www.engvid.com/16-english-words-from-japanese/
859,MERRY CHRISTMAS! Learn English idioms & North American customs for the holidays,2-Intermediate    culture & tips    expressions,https://www.engvid.com/merry-christmas-english-idioms-holiday-customs/
860,Improve your vocabulary! 18 ways to say something is broken in English,2-Intermediate    speaking    vocabulary,https://www.engvid.com/18-ways-to-say-something-is-broken-in-english/
861,English Vocabulary Game: Guess the people!,2-Intermediate    vocabulary,https://www.engvid.com/english-vocabulary-game-guess-the-people/
862,The 10 Best INSULTS from SHAKESPEARE,3-Advanced    culture & tips    expressions,https://www.engvid.com/the-10-best-insults-from-shakespeare/
863,Improve your English with COMICS & GRAPHIC NOVELS,2-Intermediate    culture & tips    slang,https://www.engvid.com/improve-your-english-with-comics-graphic-novels/
864,Prepositions: Fix 8 Common Errors with the F.U.N. method!,1-Beginner    2-Intermediate    grammar,https://www.engvid.com/common-preposition-errors-fun-method/
865,English Vocabulary: Learn 15 words with the prefix OVER-,2-Intermediate    grammar    vocabulary,https://www.engvid.com/english-vocabulary-prefix-over/
866,English Vocabulary & Expressions for SHOPPING in North America,2-Intermediate    culture & tips    expressions    vocabulary,https://www.engvid.com/english-vocabulary-expressions-shopping-north-america/
867,REAL ENGLISH: Money vocabulary & expressions,2-Intermediate    vocabulary,https://www.engvid.com/common-money-expressions/
868,Learn 13 English IDIOMS from the theatre,3-Advanced    expressions,https://www.engvid.com/13-english-idioms-from-theatre/
869,Vocabulary & Life Tips: BE RESPONSIBLE! DON’T BLAME ME! WHOSE FAULT IS IT?,2-Intermediate    3-Advanced    vocabulary,https://www.engvid.com/vocabulary-life-tips-responsibility-blame-fault/
870,Medical Vocabulary for English Learners,2-Intermediate    3-Advanced    expressions    vocabulary,https://www.engvid.com/medical-vocabulary-for-english-learners/
871,POSH ENGLISH: Old-fashioned British English Expressions,3-Advanced    culture & tips    expressions,https://www.engvid.com/posh-english-old-fashioned-british-english-expressions/
872,IELTS Speaking Part 1: All my best tips for success,2-Intermediate    IELTS,https://www.engvid.com/ielts-speaking-part-1-tips-for-success/
873,English Vocabulary: Words with the prefix UNDER-,2-Intermediate    grammar    vocabulary,https://www.engvid.com/english-vocabulary-prefix-under/
874,English Tips for Arabic Speakers,1-Beginner    2-Intermediate    culture & tips    grammar,https://www.engvid.com/english-tips-for-arabic-speakers/
875,Speak English like a North American: How to pronounce P & B,1-Beginner    pronunciation,https://www.engvid.com/english-pronunciation-p-b/
876,Learn 50 “GET” Phrases in English,2-Intermediate    speaking    vocabulary,https://www.engvid.com/learn-50-get-phrases-in-english/
877,12 ‘WALL’ Expressions in English,2-Intermediate    3-Advanced    expressions,https://www.engvid.com/12-wall-expressions-in-english/
878,"10 PHRASAL VERBS using the prepositions OFF, ON, OVER, UP",2-Intermediate    3-Advanced    business english    expressions,https://www.engvid.com/10-phrasal-verbs-off-on-over-up/
879,Conversation Skills: Interrupting politely in English,3-Advanced    culture & tips    speaking,https://www.engvid.com/conversation-skills-interrupting-politely-in-english/
880,How to use the SEMI-COLON in English writing,3-Advanced    writing,https://www.engvid.com/how-to-use-the-semi-colon-in-english-writing/
881,IELTS Reading: True/False/Not Given Questions,3-Advanced    IELTS,https://www.engvid.com/ielts-reading-true-false-not-given-questions/
882,Learn 10 English Expressions with NOSE!,2-Intermediate    expressions,https://www.engvid.com/learn-10-english-nose-expressions/
883,Learn English: MUCH & MANY,1-Beginner    2-Intermediate    grammar,https://www.engvid.com/english-grammar-much-many-a-lot-of-quantifiers/
884,Improve your Vocabulary: 6 English words ending in -RUPT,2-Intermediate    vocabulary,https://www.engvid.com/improve-your-vocabulary-6-english-words-ending-in-rupt/
885,English Vocabulary: FLAT & 3D SHAPES to Describe Things,1-Beginner    2-Intermediate    vocabulary,https://www.engvid.com/english-vocabulary-flat-3d-shapes/
886,HOW TO PRACTICE ENGLISH in a non-English speaking country,1-Beginner    2-Intermediate    3-Advanced    culture & tips,https://www.engvid.com/how-to-practice-english-in-a-non-english-speaking-country/
887,"English Grammar: Modal Verbs of Certainty – MIGHT, MAY, MUST, CAN",3-Advanced    grammar,https://www.engvid.com/english-grammar-modal-verbs-of-certainty/
888,Fix Your English Pronunciation Errors: Food & Restaurants,1-Beginner    2-Intermediate    pronunciation,https://www.engvid.com/fix-your-english-pronunciation-errors-food-restaurants/
889,"Learn 17 homophone pairs in English: be/bee, know/no, hear/here…",2-Intermediate    grammar    vocabulary,https://www.engvid.com/learn-17-homophone-pairs-in-english/
890,Sound like a native English speaker by using ACRONYMS!,2-Intermediate    expressions    vocabulary,https://www.engvid.com/sound-like-a-native-english-speaker-acronyms/
891,IELTS WRITING TASK 2: How to structure an argument,3-Advanced    IELTS    writing,https://www.engvid.com/ielts-writing-task-2-how-to-structure-an-argument/
892,54 Common Present Progressive Questions in English,1-Beginner    grammar    speaking,https://www.engvid.com/54-common-present-progressive-questions-in-english/
893,How to say words that begin with ‘H’: Pronunciation Practice,1-Beginner    pronunciation    vocabulary,https://www.engvid.com/words-that-begin-with-h-pronunciation-practice/
894,"CONTRACTIONS for HAVE, BE, WOULD, WILL: ’d, ’s, ’ve, ’re, ’m, ’ll",2-Intermediate    3-Advanced    grammar,https://www.engvid.com/contractions-for-have-be-would-will/
895,How to pronounce the ‘R’ sound in English: Tips & Practice,1-Beginner    2-Intermediate    3-Advanced    pronunciation,https://www.engvid.com/how-to-pronounce-r-in-english/
896,So many ways to SAY YES in English!,3-Advanced    comprehension    culture & tips    expressions,https://www.engvid.com/so-many-ways-to-say-yes-in-english/
897,Stative Verbs in English,English resource    grammar,https://www.engvid.com/english-resource/stative-verbs-in-english/
898,STATIVE VERBS in English,2-Intermediate    3-Advanced    grammar,https://www.engvid.com/stative-verbs-in-english/
899,"How & when to use LESS, FEWER, LESSER, and LEAST in English",2-Intermediate    grammar,https://www.engvid.com/less-fewer-lesser-least/
900,16 English PHRASAL VERBS & IDIOMS about Driving,2-Intermediate    expressions,https://www.engvid.com/16-english-phrasal-verbs-idioms-about-driving/
901,When & when NOT to use “MAKE” in English,2-Intermediate    grammar,https://www.engvid.com/when-when-not-to-use-make-in-english/
902,30 “TAKE” Phrases in English,2-Intermediate    speaking    vocabulary,https://www.engvid.com/30-take-phrases-in-english/
903,English Grammar & Spelling: VERBS with 2 PAST TENSES,3-Advanced    grammar    vocabulary,https://www.engvid.com/verbs-with-2-past-tenses/
904,DURING or WHILE?,2-Intermediate    grammar,https://www.engvid.com/during-or-while/
905,"8 AWAY Expressions in English: go away, run away, right away…",2-Intermediate    expressions,https://www.engvid.com/8-away-expressions-in-english/
906,"Learn English: When to use EACH, EVERY, WHOLE, ENTIRE, ALL",2-Intermediate    grammar,https://www.engvid.com/learn-english-each-every-whole-entire-all/
907,17 English PHRASAL VERBS for School,2-Intermediate    expressions    vocabulary,https://www.engvid.com/17-english-phrasal-verbs-for-school/
908,"English Pronunciation: 1 Small Change, 100s of Corrections!",1-Beginner    2-Intermediate    3-Advanced    pronunciation,https://www.engvid.com/english-pronunciation-on/
909,Pronunciation: How to pronounce the ‘ON’ sound in English,English resource    1-Beginner    pronunciation,https://www.engvid.com/english-resource/how-to-pronounce-the-on-sound-in-english/
910,"INTERNET DATING SLANG: hook up, Netflix & chill…",2-Intermediate    3-Advanced    culture & tips    slang    vocabulary,https://www.engvid.com/internet-dating-slang/
911,10 Phrasal Verbs for everyday life,2-Intermediate    expressions    vocabulary,https://www.engvid.com/10-phrasal-verbs-for-everyday-life/
912,14 ENGLISH IDIOMS & SAYINGS from food & drink,2-Intermediate    expressions,https://www.engvid.com/14-english-idioms-sayings-food-drink/
913,"English Vocabulary: Using names as nouns, verbs, adjectives: Dick, John, Will…",1-Beginner    2-Intermediate    slang    vocabulary,https://www.engvid.com/english-vocabulary-using-names-as-nouns-verbs-adjectives/
914,Situational Job Interview Questions,English resource    3-Advanced    business english,https://www.engvid.com/english-resource/situational-job-interview-questions/
915,How to succeed in your JOB INTERVIEW: Situational Questions,3-Advanced    business english    culture & tips,https://www.engvid.com/job-interview-situational-questions/
916,25 ways to SAY NO strongly!,2-Intermediate    3-Advanced    culture & tips    expressions,https://www.engvid.com/25-ways-to-say-no-strongly/
917,How to say your email correctly in English + more,1-Beginner    2-Intermediate    3-Advanced    business english    culture & tips,https://www.engvid.com/how-to-say-your-email-correctly-in-english/
918,10 English Idioms from Health & Medicine,2-Intermediate    expressions,https://www.engvid.com/10-english-idioms-health-medicine/
919,English Conversation Skills: 12 methods to persuade and convince people,2-Intermediate    business english    culture & tips    speaking,https://www.engvid.com/english-conversation-skills-12-methods-to-persuade-and-convince-people/
920,English Heteronyms: Different words that look the same!,1-Beginner    vocabulary,https://www.engvid.com/english-heteronyms-different-words-that-look-the-same/
921,Improve your Academic Writing: PASSIVE PREPOSITIONAL VERBS (also great for IELTS & TOEFL!),3-Advanced    IELTS    TOEFL    writing,https://www.engvid.com/improve-your-academic-writing-passive-prepositional-verbs/
922,Learn about METAPHORS in English with a poem by Emily Dickinson,3-Advanced    culture & tips    vocabulary,https://www.engvid.com/metaphors-in-english-emily-dickinson-poem/
923,LEARN REAL ENGLISH: Get DRUNK with James,2-Intermediate    culture & tips    expressions    slang    vocabulary,https://www.engvid.com/learn-real-english-get-drunk-with-james/
924,Stop saying I’M SORRY: More ways to apologize in English,1-Beginner    2-Intermediate    culture & tips    expressions,https://www.engvid.com/stop-saying-im-sorry/
925,How to use the modal SHOULD in English,2-Intermediate    grammar,https://www.engvid.com/modal-should-in-english/
926,Vocabulary: 7 English words that can be suffixes,2-Intermediate    grammar    IELTS    TOEFL    vocabulary,https://www.engvid.com/vocabulary-7-english-words-suffixes/
927,"How to pronounce LONDON places correctly: Vauxhall, Marlylebone, Leicester, Chiswick…",3-Advanced    culture & tips    pronunciation,https://www.engvid.com/how-to-pronounce-london-places/
928,Learn 20+ words to talk about personality & character in English,2-Intermediate    culture & tips    vocabulary,https://www.engvid.com/personality-character-birth-order/
929,"Learn about the sport of CRICKET: rules, vocabulary, culture, and more!",3-Advanced    culture & tips    expressions    vocabulary,https://www.engvid.com/learn-about-sport-cricket/
930,20 ways to say ‘goodbye’ in English,2-Intermediate    expressions    vocabulary,https://www.engvid.com/20-ways-to-say-goodbye-in-english/
931,How to pronounce the “NG” sound in English,2-Intermediate    pronunciation,https://www.engvid.com/how-to-pronounce-ng-in-english/
932,How to LEARN & REMEMBER English Words: My Top Tips,2-Intermediate    3-Advanced    comprehension    culture & tips    vocabulary,https://www.engvid.com/how-to-learn-remember-english-words/
933,The Most Common Words in English: 8 ways to use ‘THAT’,1-Beginner    2-Intermediate    grammar    vocabulary,https://www.engvid.com/the-most-common-words-in-english-that/
934,Vocabulary Hack: How 5 words become 30!,2-Intermediate    3-Advanced    vocabulary,https://www.engvid.com/vocabulary-hack-how-5-words-become-30/
935,"Improve your Vocabulary: Learn hundreds of words with the suffixes -ful, -fully, -fulness, -less, -lessly, -lessness",English resource    2-Intermediate    vocabulary,https://www.engvid.com/english-resource/vocabulary-suffixes-ful-fully-fulness-less-lessly-lessness/
936,TRAVEL ENGLISH: Vocabulary & expressions for your flight ✈️,1-Beginner    vocabulary,https://www.engvid.com/travel-english-vocabulary-expressions-for-your-flight/
937,ENGLISH Tips for POLISH Speakers,1-Beginner    2-Intermediate    3-Advanced    culture & tips,https://www.engvid.com/english-tips-for-polish-speakers/
938,English Vocabulary & Slang: SCORE!!!,2-Intermediate    slang    vocabulary,https://www.engvid.com/english-vocabulary-slang-score/
939,Improve Your Vocabulary: Adverbs of Intensity,2-Intermediate    vocabulary,https://www.engvid.com/improve-your-vocabulary-adverbs-of-intensity/
940,Pronunciation of the “OR” sound in English,1-Beginner    pronunciation,https://www.engvid.com/pronunciation-or-sound-english/
941,15 English Expressions & Idioms using ‘ALL’,2-Intermediate    expressions,https://www.engvid.com/15-english-expressions-idioms-all/
942,SMALL TALK: What to say and what NOT to say!,2-Intermediate    culture & tips    speaking,https://www.engvid.com/small-talk/
943,Are you using submissive language?,2-Intermediate    3-Advanced    culture & tips    speaking,https://www.engvid.com/submissive-language/
944,Tricky Pronouns: ‘I’ or ‘ME’?,1-Beginner    2-Intermediate    grammar,https://www.engvid.com/tricky-pronouns-i-or-me/
945,Learn REAL ENGLISH: Going to the hospital ?,3-Advanced    vocabulary,https://www.engvid.com/learn-real-english-going-to-the-hospital/
946,English Vocabulary: BABIES & CHILDREN,1-Beginner    vocabulary,https://www.engvid.com/english-vocabulary-babies-children/
947,16 HOMOPHONES & Past Simple Verbs,1-Beginner    grammar    vocabulary,https://www.engvid.com/16-homophones-past-simple-verbs/
948,20 ways to give advice in English,3-Advanced    speaking    vocabulary,https://www.engvid.com/20-ways-to-give-advice-in-english/
949,REAL ENGLISH: How to talk about art,3-Advanced    culture & tips    expressions    vocabulary,https://www.engvid.com/real-english-how-to-talk-about-art/
950,S’ or ‘S: Where do I put the apostrophe?,2-Intermediate    grammar,https://www.engvid.com/apostrophe-how-to-show-possession/
951,"How to use SO & NEITHER in English: “So do I”, “Neither am I”…",2-Intermediate    grammar,https://www.engvid.com/english-grammar-so-neither/
952,"Quick & Easy Writing Tip for IELTS, TOEFL, TOEIC, PTE",2-Intermediate    3-Advanced    IELTS    TOEFL    TOEIC,https://www.engvid.com/quick-easy-writing-tip-for-ielts-toefl-toeic-pte/
953,10 English Idioms with Food,2-Intermediate    3-Advanced    expressions,https://www.engvid.com/10-english-idioms-with-food/
954,IELTS Speaking: How to talk about a book or film,2-Intermediate    expressions    IELTS    speaking    vocabulary,https://www.engvid.com/ielts-speaking-how-to-talk-about-a-book-or-film/
955,17 HOMOPHONES & Past Participles,1-Beginner    2-Intermediate    grammar    vocabulary,https://www.engvid.com/17-homophones-past-participles/
956,Advanced English Vocabulary: Compound Adjectives,3-Advanced    vocabulary,https://www.engvid.com/advanced-english-vocabulary-compound-adjectives/
957,"Negative Prefixes in English: UN-, DIS-, NON-, A-, AB-, AN-, ANTI-",2-Intermediate    3-Advanced    grammar,https://www.engvid.com/more-negative-prefixes-in-english/
958,Friendly & Social Phrasal Verbs in English,2-Intermediate    expressions,https://www.engvid.com/friendly-social-phrasal-verbs-in-english/
959,English Pronunciation Practice: CONSONANT CLUSTERS,2-Intermediate    3-Advanced    pronunciation,https://www.engvid.com/english-pronunciation-practice-consonant-clusters/
960,34 things you don’t know about English culture!,1-Beginner    2-Intermediate    3-Advanced    culture & tips,https://www.engvid.com/34-things-you-dont-know-about-english-culture/
961,Do you make these mistakes in English?,2-Intermediate    3-Advanced    IELTS    speaking    TOEFL,https://www.engvid.com/do-you-make-these-mistakes-in-english/
962,Understand more in English: Expressions from pop culture,2-Intermediate    comprehension    culture & tips    expressions,https://www.engvid.com/expressions-from-pop-culture/
963,Vocabulary: Learn 31 words to use instead of ‘BAD’,1-Beginner    vocabulary,https://www.engvid.com/vocabulary-31-words-to-use-instead-of-bad/
964,How to communicate effectively & GET RESULTS!,3-Advanced    business english    culture & tips    speaking,https://www.engvid.com/communicate-effectively-get-results/
965,Learn 50 “MAKE” Phrases in English!,2-Intermediate    speaking    vocabulary,https://www.engvid.com/50-make-phrases-in-english/
966,Learn the many uses of ‘DOWN’ in English,2-Intermediate    expressions    vocabulary,https://www.engvid.com/use-down-in-english/
967,English Grammar Exceptions: Superlative & Comparative,2-Intermediate    grammar    vocabulary,https://www.engvid.com/comparative-superlative-adjectives-exceptions/
968,"How to use sequencers in English: FIRST, THEN, NEXT, AFTER THAT, FINALLY",1-Beginner    vocabulary    writing,https://www.engvid.com/english-writing-sequencing-first-next-finally/
969,Learn English Slang: GUY TALK,1-Beginner    slang,https://www.engvid.com/learn-english-slang-guy-talk/
970,Speak like a Manager: How to leave a voicemail,2-Intermediate    3-Advanced    business english    culture & tips,https://www.engvid.com/speak-like-a-manager-voicemail/
971,10 Phrasal Verbs for Academic Writing in English,2-Intermediate    expressions    IELTS    vocabulary    writing,https://www.engvid.com/10-phrasal-verbs-for-academic-writing-in-english/
972,Learn English Vocabulary: 28 WORDS FOR CONVINCING PEOPLE,2-Intermediate    business english    vocabulary,https://www.engvid.com/learn-english-vocabulary-28-words-for-convincing-people/
973,Speak English like a North American: 4 Pronunciation Rules for the Letter T,2-Intermediate    pronunciation,https://www.engvid.com/speak-english-pronunciation-t/
974,5 English grammar myths you need to stop believing RIGHT NOW,3-Advanced    grammar,https://www.engvid.com/5-english-grammar-myths/
975,English Pronunciation: How to say words beginning in W + vowel,1-Beginner    pronunciation,https://www.engvid.com/english-pronunciation-words-beginning-in-w-vowel/
976,12 Expressions of TIME in English,2-Intermediate    expressions,https://www.engvid.com/12-expressions-of-time-in-english/
977,Practice the PRESENT PERFECT TENSE in English!,2-Intermediate    grammar    speaking,https://www.engvid.com/practice-the-present-perfect-tense-in-english/
978,Sound like a Native Speaker: WHEN & WHAT QUESTIONS,3-Advanced    pronunciation    speaking,https://www.engvid.com/sound-like-a-native-speaker-when-what-questions/
979,Can I? Could I? May I?,1-Beginner    2-Intermediate    grammar    speaking,https://www.engvid.com/can-i-could-i-may-i/
980,Learn English Grammar: When to use an ‘-ING’ word after ‘TO’,2-Intermediate    grammar,https://www.engvid.com/english-grammar-ing-after-to/
981,Become a better writer: How to use personification,3-Advanced    writing,https://www.engvid.com/become-a-better-writer-personification/
982,What’s the difference between GET & TAKE?,1-Beginner    grammar,https://www.engvid.com/get-or-take/
983,How to write professional emails in English,2-Intermediate    3-Advanced    business english    writing,https://www.engvid.com/how-to-write-professional-emails-in-english/
984,English Pronunciation: -ING & -INK word endings,1-Beginner    pronunciation,https://www.engvid.com/english-pronunciation-ing-ink-word-endings/
985,How to learn MORE English with Emma,1-Beginner    2-Intermediate    3-Advanced    culture & tips,https://www.engvid.com/how-to-learn-more-english-with-emma/
986,Learn 13 HEART EXPRESSIONS in English ❤️,2-Intermediate    expressions,https://www.engvid.com/13-heart-expressions-in-english/
987,Prepositions: 16 ways to use ‘by’ in English,2-Intermediate    3-Advanced    grammar,https://www.engvid.com/prepositions-16-ways-to-use-by-in-english/
988,"AT, ON, or IN? The Triangle Method for Prepositions of Place",1-Beginner    2-Intermediate    3-Advanced    grammar    speaking    writing,https://www.engvid.com/at-on-in-triangle-method-prepositions-place/
989,"Improve Your English Vocabulary: Diet, Health, and Nutrition",2-Intermediate    vocabulary,https://www.engvid.com/english-vocabulary-diet-health-nutrition/
990,Improve Your Vocabulary: 25 English adjectives to describe people,1-Beginner    vocabulary,https://www.engvid.com/25-english-adjectives-to-describe-people/
991,Learn 8 Expressions in English with ‘Tongue’,2-Intermediate    expressions,https://www.engvid.com/8-tongue-expressions/
992,Advanced English Lesson: Using ADJECTIVES as NOUNS,3-Advanced    grammar    vocabulary,https://www.engvid.com/adjectives-as-nouns/
993,Basic English Grammar: All forms of the verb TO BE,1-Beginner    grammar,https://www.engvid.com/basic-english-grammar-verb-to-be/
994,Vocabulary: The 27 most common HOMOPHONES in English,2-Intermediate    vocabulary,https://www.engvid.com/english-vocabulary-27-common-homophones/
995,How to talk about your job in English: 10 Key Verbs,2-Intermediate    business english    vocabulary,https://www.engvid.com/how-to-talk-about-your-job-in-english-10-key-verbs/
996,Learn English Vocabulary: CATS! ? ?,2-Intermediate    vocabulary,https://www.engvid.com/learn-english-vocabulary-cats/
997,The New IELTS Computer Test: Everything you need to know,2-Intermediate    3-Advanced    IELTS,https://www.engvid.com/the-new-ielts-computer-test/
998,6 UNCOMMON uses of COMMON English words,2-Intermediate    3-Advanced    expressions    slang,https://www.engvid.com/6-uncommon-uses-of-common-english-words/
999,POLITE ENGLISH: 9 phrases for getting out of trouble,2-Intermediate    expressions    speaking,https://www.engvid.com/polite-english-9-phrases-for-getting-out-of-trouble/
1000,"Sound more natural in English: CHA, CHA, CHA!",2-Intermediate    pronunciation    slang,https://www.engvid.com/sound-more-natural-in-english-cha/
1001,10 words you’re not using correctly,3-Advanced    vocabulary,https://www.engvid.com/10-words-youre-not-using-correctly/
1002,5 ways to use ‘SHOULD’ in English,2-Intermediate    grammar,https://www.engvid.com/auxiliary-verb-should/
1003,"TIME Vocabulary & Phrases in English: recently, outdated, of late, nowadays…",2-Intermediate    vocabulary,https://www.engvid.com/time-vocabulary-phrases-in-english/
1004,Improve Your English Pronunciation: How the Human Voice Works,1-Beginner    pronunciation,https://www.engvid.com/english-pronunciation-how-the-human-voice-works/
1005,"Speak English FAST, like a native speaker: 3 methods",3-Advanced    pronunciation    speaking,https://www.engvid.com/speak-english-fast-3-methods/
1006,Common ENGLISH VOCABULARY & EXPRESSIONS from French cooking,2-Intermediate    expressions    vocabulary,https://www.engvid.com/common-english-vocabulary-expressions-french-cooking/
1007,6 Tips to INCREASE MOTIVATION & ACHIEVE GOALS,2-Intermediate    culture & tips,https://www.engvid.com/6-tips-to-increase-motivation-achieve-goals/
1008,Improve your Vocabulary: Adjectives & idioms for how people look,2-Intermediate    expressions    speaking    vocabulary,https://www.engvid.com/improve-your-vocabulary-adjectives-idioms-peoples-looks/
1009,Fun & Easy English with Poems: THE LIMERICK,2-Intermediate    culture & tips,https://www.engvid.com/english-poems-limerick/
1010,"Common Direction Phrases in English: UPSIDE DOWN, INSIDE OUT…",2-Intermediate    expressions    vocabulary,https://www.engvid.com/common-direction-phrases-in-english/
1011,Conversation Skills: A quick & easy way to make people understand you,1-Beginner    2-Intermediate    3-Advanced    comprehension    speaking,https://www.engvid.com/conversation-skills-make-people-understand-you/
1012,How to wish someone in person and online,1-Beginner    culture & tips    expressions,https://www.engvid.com/wishes-in-person-online/
1013,Speaking English: How we use math vocabulary in everyday English,2-Intermediate    expressions,https://www.engvid.com/speaking-english-everyday-math-vocabulary/
1014,Flirt and be romantic like SHAKESPEARE ???,3-Advanced    culture & tips    expressions,https://www.engvid.com/flirt-and-be-romantic-like-shakespeare/
1015,"10 Phrasal Verbs with CHECK: check in, check out, check for…",2-Intermediate    expressions    vocabulary,https://www.engvid.com/10-check-phrasal-verbs/
1016,Learn nature vocabulary in English with The Lord of the Rings,3-Advanced    culture & tips    vocabulary,https://www.engvid.com/learn-nature-vocabulary-in-english-lotr/
1017,Learn the VOCABULARY of MUSIC,3-Advanced    culture & tips    vocabulary,https://www.engvid.com/music-vocabulary/
1018,How to use APOSTROPHES for missing letters & contractions,1-Beginner    grammar    writing,https://www.engvid.com/apostrophes-missing-letters-contractions/
1019,Get a new job: Vocabulary & grammar for your RESUME & COVER LETTER,2-Intermediate    3-Advanced    business english    culture & tips,https://www.engvid.com/vocabulary-grammar-resume-cover-letter/
1020,"United Kingdom, Great Britain, England, Scotland, Ireland, Wales…CONFUSED???",2-Intermediate    culture & tips,https://www.engvid.com/uk-gb-british-isles-terminology/
1021,English Grammar: How to use 5 confusing indefinite pronouns,2-Intermediate    3-Advanced    grammar,https://www.engvid.com/english-grammar-5-confusing-indefinite-pronouns/
1022,IELTS Speaking: Improve your fluency with the LASAGNA METHOD,3-Advanced    IELTS    speaking,https://www.engvid.com/ielts-speaking-lasagna-method/
1023,REAL ENGLISH VOCABULARY: 10 words to talk about MONEY & PRICES,1-Beginner    vocabulary,https://www.engvid.com/real-english-vocabulary-money-prices/
1024,Long & Short Vowels: Pronunciation Trick!,1-Beginner    2-Intermediate    pronunciation,https://www.engvid.com/long-short-vowels-pronunciation-trick/
1025,Academic Vocabulary for Essays & IELTS Writing: 15 cause and effect POWER VERBS,3-Advanced    IELTS    TOEFL    writing,https://www.engvid.com/academic-vocabulary-cause-effect-verbs/
1026,"Learn Negative Prefixes in English: IN-, IM-, IL-, IR-, IG-",2-Intermediate    3-Advanced    grammar,https://www.engvid.com/negative-prefixes-in-english-i/
1027,ONLY & JUST: What’s the difference?,1-Beginner    grammar,https://www.engvid.com/only-just-whats-the-difference/
1028,English Grammar – Comparative Adjectives,1-Beginner    grammar,https://www.engvid.com/english-grammar-comparative-adjectives/
1029,REAL ENGLISH: Spiritual Vocabulary,2-Intermediate    3-Advanced    culture & tips    vocabulary,https://www.engvid.com/real-english-spiritual-vocabulary/
1030,Speak like a Manager: Verbs 2 – Opposites,2-Intermediate    3-Advanced    business english    vocabulary,https://www.engvid.com/speak-like-a-manager-verbs-2-opposites/
1031,Learn English Vocabulary: Your Body & Organs,1-Beginner    vocabulary,https://www.engvid.com/learn-english-vocabulary-body-organs/
1032,How to say the names of places in the UK,2-Intermediate    3-Advanced    culture & tips    pronunciation,https://www.engvid.com/how-to-say-the-names-of-places-in-the-uk/
1033,Which gym animal are you?,1-Beginner    2-Intermediate    culture & tips    vocabulary,https://www.engvid.com/which-gym-animal-are-you/
1034,Sound more natural in English: 10 informal commands,2-Intermediate    expressions,https://www.engvid.com/10-informal-commands/
1035,Learn about the COCKNEY ENGLISH accent & dialect,3-Advanced    culture & tips    pronunciation    slang,https://www.engvid.com/cockney-english-accent-dialect/
1036,"11 PHRASAL VERBS with FILL: fill in, fill out, fill up…",1-Beginner    expressions    vocabulary,https://www.engvid.com/11-fill-phrasal-verbs/
1037,Cannabis! Marijuana! Weed! English Vocabulary & Slang,2-Intermediate    3-Advanced    expressions    slang,https://www.engvid.com/cannabis-marijuana-weed-english-vocabulary-slang/
1038,STOP SOUNDING WEAK!,2-Intermediate    3-Advanced    culture & tips,https://www.engvid.com/stop-sounding-weak/
1039,Speak like a Manager: 8 Easy Workplace Expressions,2-Intermediate    3-Advanced    business english    expressions,https://www.engvid.com/business-english-workplace-expressions/
1040,Learn English: How to use I’D BETTER & I’D BETTER NOT,2-Intermediate    expressions    grammar,https://www.engvid.com/learn-english-better-better-not/
1041,Giving Excuses: How to say NO in English,1-Beginner    culture & tips    expressions    speaking,https://www.engvid.com/how-to-say-no-in-english/
1042,PRONUNCIATION of English Words with an -ON Ending,1-Beginner    pronunciation    vocabulary,https://www.engvid.com/pronunciation-on-ending/
1043,Learn 20 intransitive PHRASAL VERBS in English,2-Intermediate    expressions    grammar    vocabulary,https://www.engvid.com/20-intransitive-phrasal-verbs/
1044,Learn English Grammar: How to use the auxiliary verb ‘WOULD’,2-Intermediate    grammar,https://www.engvid.com/auxiliary-verb-would/
1045,How to READ FASTER: 2 tricks,2-Intermediate    3-Advanced    culture & tips,https://www.engvid.com/how-to-read-faster-2-tricks/
1046,English for Beginners: Countable & Uncountable Nouns,1-Beginner    writing,https://www.engvid.com/countable-uncountable-nouns-english-grammar/
1047,Improve your accent: Introduction to the IPA and vowel sound training,3-Advanced    pronunciation,https://www.engvid.com/improve-your-accent-ipa-vowels/
1048,How to say the time in English,1-Beginner    speaking    vocabulary,https://www.engvid.com/speaking-english-how-to-express-time/
1049,"PREPOSITIONS in English: under, below, beneath, underneath",1-Beginner    grammar    vocabulary,https://www.engvid.com/prepositions-in-english-under-below-beneath-underneath/
1050,Learn 18 English PHRASAL VERBS for compliments & criticism,2-Intermediate    expressions,https://www.engvid.com/english-phrasal-verbs-compliments-criticism/
1051,5 books to improve your English,2-Intermediate    comprehension    culture & tips,https://www.engvid.com/5-books-to-improve-your-english/
1052,"English Pronunciation: How to say words ending with -OW: grow, cow, slow, now…",1-Beginner    pronunciation,https://www.engvid.com/english-pronunciation-ow/
1053,"Learn English Vocabulary: kind of, sort of, type of, style of…",1-Beginner    grammar    vocabulary,https://www.engvid.com/learn-english-vocabulary-kind-of-sort-of/
1054,"12 English Expressions with ALL: “for all I know”, “all along”, “all talk”…",1-Beginner    expressions,https://www.engvid.com/english-idioms-all/
1055,10 things people in England say when they argue,3-Advanced    culture & tips    expressions    slang,https://www.engvid.com/10-things-people-in-england-say-when-they-argue/
1056,10 Common English Expressions,1-Beginner    expressions,https://www.engvid.com/10-common-english-expressions/
1057,Real English Vocabulary: Taking care of your car,2-Intermediate    3-Advanced    vocabulary,https://www.engvid.com/real-english-vocabulary-taking-care-of-your-car/
1058,Learn how to tell an interesting story… or make a boring story interesting!,3-Advanced    business english    culture & tips    IELTS    speaking,https://www.engvid.com/tell-an-interesting-story/
1059,English Grammar: MUST & HAVE TO,1-Beginner    grammar,https://www.engvid.com/english-grammar-must-have-to/
1060,♥ ♥ ♥ 16 Common English LOVE Expressions ♥ ♥ ♥,1-Beginner    expressions    slang,https://www.engvid.com/16-common-english-expressions-love-relationships/
1061,Learn English Grammar: Infinitives of Purpose,2-Intermediate    grammar,https://www.engvid.com/learn-english-grammar-infinitives-of-purpose/
1062,Learn Basic English Vocabulary: FAMILY,1-Beginner    vocabulary,https://www.engvid.com/learn-basic-english-vocabulary-family/
1063,English Expressions: Talking about good and bad habits,2-Intermediate    expressions,https://www.engvid.com/english-expressions-good-bad-habits/
1064,"Practice your VOCABULARY, LISTENING, and COMPREHENSION with this game",1-Beginner    comprehension    vocabulary,https://www.engvid.com/vocabulary-listening-comprehension-faces-game/
1065,Shopping in England: Everything you need to know,1-Beginner    culture & tips,https://www.engvid.com/shopping-in-england/
1066,Fix two BIG errors in English writing!,2-Intermediate    3-Advanced    writing,https://www.engvid.com/fix-two-big-errors-in-english-writing/
1067,10 Common English Idioms & Expressions From Education,2-Intermediate    expressions,https://www.engvid.com/10-english-idioms-expressions-education/
1068,Strange & unusual traditions of the United Kingdom,2-Intermediate    culture & tips,https://www.engvid.com/strange-unusual-traditions-uk/
1069,Culture & Vocabulary: Major religions of the world,2-Intermediate    culture & tips    vocabulary,https://www.engvid.com/culture-vocabulary-major-religions/
1070,Real English: Talking about what people wear,2-Intermediate    speaking    vocabulary,https://www.engvid.com/real-english-talking-about-what-people-wear/
1071,"Learn & Remember the English ALPHABET: A, B, C, D, E, F…",1-Beginner    culture & tips    vocabulary,https://www.engvid.com/learn-remember-the-english-alphabet/
1072,Learn common English expressions…that come from shoes?!,2-Intermediate    expressions,https://www.engvid.com/learn-english-expressions-shoes/
1073,Find a NEW JOB in North America: Cover Letter & Resume Advice,2-Intermediate    3-Advanced    business english    culture & tips,https://www.engvid.com/north-america-jobs-cover-letter-resume-advice/
1074,Resume Sample & Tips,English resource    business english    writing,https://www.engvid.com/english-resource/resume-sample-tips/
1075,Toxic Language & Violent Communication,3-Advanced    culture & tips,https://www.engvid.com/toxic-language-violent-communication/
1076,Parallelism: The secret to great writing,3-Advanced    writing,https://www.engvid.com/parallelism-great-writing/
1077,English Grammar: Compound Subjects & Verb Agreement,3-Advanced    grammar    writing,https://www.engvid.com/english-grammar-compound-subjects-verb-agreement/
1078,REAL ENGLISH: Vocabulary and expressions to get a haircut,1-Beginner    expressions    vocabulary,https://www.engvid.com/real-english-haircut-vocabulary-expressions/
1079,English Vocabulary – WISH & HOPE,2-Intermediate    grammar    vocabulary,https://www.engvid.com/english-vocabulary-wish-hope/
1080,Improve your Vocabulary: 10 common word combinations in English,2-Intermediate    vocabulary,https://www.engvid.com/10-common-word-combinations/
1081,Learn to write poetry: THE HAIKU,2-Intermediate    3-Advanced    culture & tips    writing,https://www.engvid.com/learn-to-write-poetry-haiku/
1082,The 2 essential skills you need for great conversations,2-Intermediate    3-Advanced    culture & tips    speaking,https://www.engvid.com/2-essential-skills-for-great-conversations/
1083,Learn English Vocabulary: FAKE NEWS,1-Beginner    2-Intermediate    3-Advanced    culture & tips    expressions    vocabulary,https://www.engvid.com/learn-english-vocabulary-fake-news/
1084,Pronunciation: Learn how to say the top 10 British cities correctly,2-Intermediate    culture & tips    pronunciation,https://www.engvid.com/pronunciation-top-10-british-cities/
1085,When to use CAPITAL LETTERS in English,2-Intermediate    3-Advanced    writing,https://www.engvid.com/capital-letters-in-english/
1086,"8 Phrasal Verbs with BREAK: break in, break up, break through…",2-Intermediate    expressions    vocabulary,https://www.engvid.com/8-break-phrasal-verbs/
1087,"IMPROVE YOUR VOCABULARY: length, long, short, wide, broad, high, height…",1-Beginner    vocabulary,https://www.engvid.com/improve-your-vocabulary-length-width-height/
1088,Learn English Grammar: Superlative Adjectives,1-Beginner    grammar,https://www.engvid.com/english-grammar-superlative-adjectives/
1089,English Grammar & Vocabulary: Permanent Plurals,2-Intermediate    grammar    vocabulary,https://www.engvid.com/english-grammar-vocabulary-permanent-plurals/
1090,English Grammar: How to use the auxiliary verb ‘COULD’,2-Intermediate    grammar,https://www.engvid.com/auxiliary-verb-could/
1091,Improve your Vocabulary: Stop saying VERY!,1-Beginner    vocabulary,https://www.engvid.com/improve-your-vocabulary-stop-saying-very/
1092,Learn English Expressions: JUST IN CASE,2-Intermediate    expressions    grammar    vocabulary,https://www.engvid.com/learn-english-expressions-just-in-case/
1093,10 ways to use ‘FROM’ in English,1-Beginner    2-Intermediate    vocabulary,https://www.engvid.com/10-ways-to-use-from-in-english/
1094,"Pronunciation: How native speakers say TO, FOR, FROM in English",2-Intermediate    3-Advanced    pronunciation,https://www.engvid.com/pronunciation-to-for-from/
1095,My 6 TOP tips for taking tests and exams,2-Intermediate    3-Advanced    culture & tips    TOEFL    TOEIC,https://www.engvid.com/my-6-top-tips-for-tests-exams/
1096,English Tips for Japanese Speakers,1-Beginner    2-Intermediate    3-Advanced    culture & tips,https://www.engvid.com/english-tips-for-japanese-speakers/
1097,Vocabulary & Tips to SAVE MONEY,2-Intermediate    culture & tips    vocabulary,https://www.engvid.com/vocabulary-tips-save-money/
1098,30 English Phrasal Verb Commands,1-Beginner    speaking    vocabulary,https://www.engvid.com/30-english-phrasal-verb-commands/
1099,Learn English Pronunciation: TH & THR,1-Beginner    pronunciation,https://www.engvid.com/learn-english-pronunciation-th-thr/
1100,Practice English PHRASAL VERBS with this game,2-Intermediate    3-Advanced    culture & tips    expressions    grammar,https://www.engvid.com/practice-english-phrasal-verbs-with-this-game/
1101,My TOP 5 Writing Tips (for all levels),1-Beginner    2-Intermediate    3-Advanced    business english    writing,https://www.engvid.com/my-top-5-writing-tips-for-all-levels/
1102,"Improve your Vocabulary: Learn 16 new social, political, and internet words",2-Intermediate    3-Advanced    culture & tips    vocabulary,https://www.engvid.com/16-new-social-political-internet-words/
1103,How to make your English learning plan and achieve your goals,1-Beginner    2-Intermediate    3-Advanced    culture & tips,https://www.engvid.com/how-to-make-your-english-learning-plan/
1104,"WRITING – Advanced English Transitions: thereby, thereof, hereby, therein, wherein, whereby…",2-Intermediate    3-Advanced    vocabulary    writing,https://www.engvid.com/writing-advanced-english-transitions/
1105,15 PHRASAL VERBS about sickness in English,1-Beginner    expressions    vocabulary,https://www.engvid.com/phrasal-verbs-sickness/
1106,SLANG words using ‘bug’ in English,1-Beginner    slang,https://www.engvid.com/english-slang-bug/
1107,English Modals: 4 ways to use “SHOULD”,2-Intermediate    grammar,https://www.engvid.com/english-modals-4-ways-to-use-should/
1108,Life in London: Visiting an art gallery,3-Advanced    culture & tips,https://www.engvid.com/life-in-london-visiting-an-art-gallery/
1109,"English Vocabulary for difficult situations: confess, regret, condolences…",2-Intermediate    3-Advanced    vocabulary,https://www.engvid.com/english-vocabulary-apologies-condolences/
1110,"Why you should make mistakes, and how to learn from them",1-Beginner    2-Intermediate    3-Advanced    culture & tips,https://www.engvid.com/why-you-should-make-mistakes/
1111,35 English phrases for making friends & asking someone out on a date,2-Intermediate    3-Advanced    culture & tips    speaking,https://www.engvid.com/35-english-phrases-friends-dating/
1112,Speak like a Manager: Verbs 1,2-Intermediate    3-Advanced    business english    vocabulary,https://www.engvid.com/speak-like-a-manager-verbs-1/
1113,Speak like a Manager: 100+ Business English Collocations,English resource    3-Advanced    business english    vocabulary,https://www.engvid.com/english-resource/speak-like-a-manager-100-business-english-collocations/
1114,Learn all about EASTER,2-Intermediate    culture & tips,https://www.engvid.com/learn-all-about-easter/
1115,Real English: Talking about BEER,2-Intermediate    culture & tips    slang    vocabulary,https://www.engvid.com/real-english-talking-about-beer/
1116,Writing & Punctuation: How to use COLONS & SEMICOLONS,1-Beginner    2-Intermediate    3-Advanced    writing,https://www.engvid.com/writing-punctuation-how-to-use-colons-semicolons/
1117,Fixed Modal Expressions: Easy English sentences to memorize and use!,2-Intermediate    vocabulary,https://www.engvid.com/fixed-modal-expressions/
1118,REMEMBER ANYTHING with the Memory Palace Method,1-Beginner    2-Intermediate    3-Advanced    comprehension    culture & tips,https://www.engvid.com/remember-anything-with-the-memory-palace-method/
1119,"Learn IRISH slang, vocabulary, and expressions",3-Advanced    culture & tips    pronunciation    slang,https://www.engvid.com/learn-irish-slang-vocabulary-expressions/
1120,How to pronounce “OF” like a native English speaker,1-Beginner    2-Intermediate    pronunciation,https://www.engvid.com/how-to-pronounce-of-like-a-native-english-speaker/
1121,Basic English Grammar: How to Use WAS and WERE,1-Beginner    grammar,https://www.engvid.com/basic-english-grammar-was-were/
1122,"23 Phrasal Verbs with COME: come across, come around, come up with…",2-Intermediate    expressions    vocabulary,https://www.engvid.com/23-come-phrasal-verbs/
1123,"Improve your Vocabulary: 50 adjectives to describe what you see, hear, feel, smell, and taste",1-Beginner    2-Intermediate    3-Advanced    vocabulary,https://www.engvid.com/improve-your-vocabulary-50-sense-adjectives/
1124,"English Grammar: AUXILIARY VERBS – be, do, have",2-Intermediate    grammar,https://www.engvid.com/auxiliary-verbs-be-do-have/
1125,Learn 20 passive “GET” Expressions in English!,1-Beginner    2-Intermediate    expressions,https://www.engvid.com/learn-20-passive-get-expressions-in-english/
1126,Learn English: The 2 ways to pronounce “THE”,1-Beginner    pronunciation,https://www.engvid.com/2-ways-to-pronounce-the/
1127,Learn English Vocabulary: 12 ways to use body parts as verbs,1-Beginner    expressions    vocabulary,https://www.engvid.com/12-ways-to-use-body-parts-as-verbs/
1128,How to succeed in your JOB INTERVIEW: Behavioral Questions,3-Advanced    business english    culture & tips,https://www.engvid.com/job-interview-behavioral-questions/
1129,10 ways to use ALRIGHT & ALL RIGHT in English,1-Beginner    2-Intermediate    speaking    vocabulary,https://www.engvid.com/10-ways-to-use-alright-all-right/
1130,"50+ Expressions using AT, ON, and IN (Prepositions of Time)",English resource    1-Beginner    grammar,https://www.engvid.com/english-resource/50-expressions-using-at-on-and-in-prepositions-of-time/
1131,"Master AT, ON, IN with the TRIANGLE method",1-Beginner    grammar,https://www.engvid.com/at-on-in-triangle-method/
1132,Professional English Vocabulary: Meetings,2-Intermediate    3-Advanced    business english    vocabulary,https://www.engvid.com/professional-english-vocabulary-meetings/
1133,"Acting secrets for a strong, dynamic voice",1-Beginner    2-Intermediate    3-Advanced    culture & tips    speaking,https://www.engvid.com/acting-secrets-for-a-strong-dynamic-voice/
1134,"Learn this English slang for 2018: go-to, hit it, rock up",2-Intermediate    slang,https://www.engvid.com/english-slang-2018-go-to-hit-it-rock-up/
1135,"Learn English Vocabulary: The people we LOVE ❤ – spouse, girlfriend, partner, husband…",1-Beginner    culture & tips    vocabulary,https://www.engvid.com/english-vocabulary-people-we-love/
1136,English Prepositions: BELOW & UNDER,2-Intermediate    grammar,https://www.engvid.com/english-prepositions-below-under/
1137,"11 uses of the verb ‘GET’ in English: get going, get together, getting on…",3-Advanced    expressions    vocabulary,https://www.engvid.com/11-uses-of-get-english/
1138,Learn Vocabulary: Sports of the Winter Olympics,1-Beginner    vocabulary,https://www.engvid.com/vocabulary-sports-winter-olympics/
1139,Learn 48 adjectives in English to describe people with Chinese astrology,2-Intermediate    vocabulary,https://www.engvid.com/48-adjectives-chinese-astrology/
1140,The 10 WORST English mistakes you’re making!,2-Intermediate    3-Advanced    grammar    vocabulary    writing,https://www.engvid.com/10-worst-english-mistakes/
1141,Understand more and improve your English pronunciation with the GRAB & BREAK METHOD,2-Intermediate    3-Advanced    comprehension    pronunciation,https://www.engvid.com/grab-and-break-method/
1142,Have SAFE SEX with Ronnie!,2-Intermediate    3-Advanced    culture & tips,https://www.engvid.com/safe-sex/
1143,"My BEST ENGLISH TIPS For Indians, Pakistanis, and other South Asians",2-Intermediate    3-Advanced    culture & tips    grammar    pronunciation,https://www.engvid.com/english-tips-for-south-asians/
1144,English Grammar: “BEEN TO” or “GONE TO”?,3-Advanced    grammar,https://www.engvid.com/been-to-gone-to/
1145,How did the months get their names?,3-Advanced    culture & tips    vocabulary,https://www.engvid.com/how-did-the-months-get-their-names/
1146,How to understand native English speakers: “Whaddya…?” & Relaxed Speech,2-Intermediate    comprehension    pronunciation,https://www.engvid.com/understand-native-english-speakers-relaxed-speech/
1147,The Present Perfect Progressive Challenge!,2-Intermediate    3-Advanced    grammar,https://www.engvid.com/present-perfect-progressive-challenge/
1148,Accent training exercises: Learn vowel sounds with the IPA (International Phonetic Alphabet),3-Advanced    pronunciation,https://www.engvid.com/accent-training-exercises-vowels-ipa/
1149,"How to read and write the date, and how NOT to!",2-Intermediate    3-Advanced    business english    culture & tips    writing,https://www.engvid.com/how-to-read-and-write-the-date/
1150,IELTS Writing: The 3 Essay Types,3-Advanced    IELTS,https://www.engvid.com/ielts-writing-3-essay-types/
1151,Mouth exercises for CLEAR SPEECH,3-Advanced    pronunciation,https://www.engvid.com/mouth-exercises-for-clear-speech/
1152,IELTS Reading: Read faster & remember more,2-Intermediate    IELTS,https://www.engvid.com/ielts-reading-read-faster-remember-more/
1153,Vocabulary: English word pairs about TIME,2-Intermediate    expressions    vocabulary,https://www.engvid.com/vocabulary-english-word-pairs-time/
1154,"Learn English with Superstitions: vocabulary, culture, and the first conditional",2-Intermediate    culture & tips    grammar    vocabulary,https://www.engvid.com/learn-english-superstitions-first-conditional/
1155,The 12 Days of Christmas – Sing and Learn English!,2-Intermediate    culture & tips,https://www.engvid.com/the-12-days-of-christmas-sing-and-learn-english/
1156,How to find the online English tutor for YOU,1-Beginner    2-Intermediate    culture & tips,https://www.engvid.com/how-to-find-the-online-english-tutor-for-you/
1157,8 English Idioms to learn BY heart!,2-Intermediate    3-Advanced    expressions,https://www.engvid.com/8-english-idioms-by/
1158,"How to call someone STUPID, SMART, or CRAZY in English",2-Intermediate    expressions    slang,https://www.engvid.com/how-to-call-someone-stupid-smart-or-crazy-in-english/
1159,Weird foods of the United Kingdom ?,1-Beginner    2-Intermediate    3-Advanced    culture & tips    vocabulary,https://www.engvid.com/weird-foods-of-the-uk/
1160,English Tips for Portuguese Speakers,1-Beginner    2-Intermediate    vocabulary,https://www.engvid.com/english-tips-for-portuguese-speakers/
1161,Advanced English Homophones – different words that sound the same!,3-Advanced    pronunciation    vocabulary,https://www.engvid.com/advanced-english-homophones/
1162,What’s it like to move to the UK?,1-Beginner    2-Intermediate    3-Advanced    culture & tips,https://www.engvid.com/interview-moving-to-the-uk/
1163,English color expressions to talk about situations & emotions,2-Intermediate    expressions    vocabulary,https://www.engvid.com/english-color-expressions-situations-emotions/
1164,11 MIND expressions in English,2-Intermediate    expressions,https://www.engvid.com/11-mind-expressions/
1165,"Vocabulary Hack: 2 suffixes, 200+ words!",2-Intermediate    3-Advanced    vocabulary,https://www.engvid.com/vocabulary-hack-2-suffixes-200-words/
1166,Improve your Vocabulary: Learn hundreds of words with the suffixes -ize & -ization,English resource    2-Intermediate    3-Advanced    vocabulary,https://www.engvid.com/english-resource/improve-vocabulary-learn-suffixes-ize-ization/
1167,ENGLISH SLANG – 15 trendy fashion words,2-Intermediate    culture & tips    slang    vocabulary,https://www.engvid.com/english-slang-15-trendy-fashion-words/
1168,"Learn 8 KICK Phrasal Verbs in English: “kick back”, “kick out”, “kick up”…",2-Intermediate    expressions    vocabulary,https://www.engvid.com/kick-phrasal-verbs/
1169,Learn English Vocabulary: The Dark Side of Politics,2-Intermediate    3-Advanced    culture & tips    vocabulary,https://www.engvid.com/learn-english-vocabulary-the-dark-side-of-politics/
1170,4 types of HOW questions in English,1-Beginner    grammar,https://www.engvid.com/4-types-of-how-questions-in-english/
1171,Easy English Lesson: Should you use “A” or “AN”?,1-Beginner    grammar    writing,https://www.engvid.com/easy-english-lesson-should-you-use-a-or-an/
1172,"TO, ON, ABOUT: Prepositions of behavior in English",2-Intermediate    grammar    vocabulary,https://www.engvid.com/to-on-about-prepositions-of-behavior/
1173,“How come?”,1-Beginner    2-Intermediate    3-Advanced    expressions    speaking    vocabulary,https://www.engvid.com/how-come/
1174,Learn all about Guy Fawkes & BONFIRE NIGHT,2-Intermediate    culture & tips,https://www.engvid.com/guy-fawkes-bonfire-night/
1175,No more mistakes with MODALS! 3 Easy Rules,2-Intermediate    grammar,https://www.engvid.com/modals-3-easy-rules/
1176,"Improve your Writing: Show, Not Tell",2-Intermediate    writing,https://www.engvid.com/english-writing-show-tell/
1177,10 English words that are hard to say correctly,2-Intermediate    pronunciation    vocabulary,https://www.engvid.com/10-english-words-that-are-hard-to-say-correctly/
1178,Real English: Taking care of your pet DOG!,2-Intermediate    culture & tips    vocabulary,https://www.engvid.com/real-english-pet-dog/
1179,Reduced Pronunciation: Modals,2-Intermediate    pronunciation,https://www.engvid.com/reduced-pronunciation-modals/
1180,TEST YOUR ENGLISH! Irregular Past Participles,2-Intermediate    3-Advanced    grammar,https://www.engvid.com/irregular-past-participles/
1181,How to understand native English speakers…and speak like them!,2-Intermediate    comprehension    pronunciation,https://www.engvid.com/understand-native-speakers-relaxed-pronunciation/
1182,Learn 14 GO Expressions in English,2-Intermediate    expressions,https://www.engvid.com/learn-14-go-expressions-in-english/
1183,"The RP English Accent – What is it, how does it sound, and who uses it?",3-Advanced    culture & tips    pronunciation,https://www.engvid.com/the-rp-english-accent/
1184,“WHAT” or “WHICH”? Learn how to choose!,1-Beginner    2-Intermediate    grammar,https://www.engvid.com/what-or-which/
1185,10 English Idioms from Technology,2-Intermediate    expressions,https://www.engvid.com/10-english-idioms-technology/
1186,Speed up your English ×5,3-Advanced    pronunciation    speaking,https://www.engvid.com/speed-up-your-english/
1187,Intermediate English Homophones – different words that sound the same!,2-Intermediate    pronunciation    vocabulary,https://www.engvid.com/intermediate-english-homophones/
1188,The British Royal Family: Everything you need to know,3-Advanced    culture & tips    vocabulary,https://www.engvid.com/british-royal-family/
1189,"English Grammar: Correlative Conjunctions (NEITHER & NOR, EITHER & OR, BOTH & AND…)",2-Intermediate    3-Advanced    grammar,https://www.engvid.com/english-grammar-correlative-conjunctions/
1190,Say what you mean! Simple English words that learners often say incorrectly,1-Beginner    pronunciation,https://www.engvid.com/simple-english-words-learners-say-incorrectly/
1191,Professional English: Vocabulary for managers and supervisors (and parents!),2-Intermediate    business english    expressions    vocabulary,https://www.engvid.com/professional-english-vocabulary-managers/
1192,Advance your English with 7 INTENSIFIERS,2-Intermediate    3-Advanced    expressions    IELTS    writing,https://www.engvid.com/advance-your-english-7-intensifiers/
1193,MATH & GEOMETRY Vocabulary and Terminology in English,1-Beginner    2-Intermediate    3-Advanced    grammar    vocabulary,https://www.engvid.com/math-geometry-vocabulary-english/
1194,Drinking tea in England,1-Beginner    culture & tips,https://www.engvid.com/drinking-tea-in-england/
1195,5 types of jokes in English!,2-Intermediate    3-Advanced    culture & tips    speaking,https://www.engvid.com/5-types-of-jokes-in-english/
1196,English Grammar: Negative contractions of the verb “TO BE”,1-Beginner    grammar,https://www.engvid.com/english-grammar-to-be-negative-contractions/
1197,Instantly improve your English with 3 easy words!,1-Beginner    2-Intermediate    grammar,https://www.engvid.com/instantly-improve-your-english-with-3-easy-words/
1198,How SENTENCE STRESS changes meaning in English,2-Intermediate    3-Advanced    comprehension    pronunciation    speaking,https://www.engvid.com/sentence-stress-english/
1199,"Simple but useful words in English: STILL, YET, ALWAYS, ALREADY…",2-Intermediate    grammar    vocabulary,https://www.engvid.com/still-yet-always-already/
1200,Practice Speaking English: How to give short answers about yourself,1-Beginner    grammar    speaking,https://www.engvid.com/practice-speaking-english-short-answers/
1201,English for staying at a HOTEL,2-Intermediate    3-Advanced    culture & tips    expressions    vocabulary,https://www.engvid.com/english-for-staying-at-a-hotel/
1202,Passive-Aggressive Language,3-Advanced    culture & tips    speaking,https://www.engvid.com/passive-aggressive-language/
1203,21 Common Present Perfect Questions in English,1-Beginner    2-Intermediate    expressions    grammar,https://www.engvid.com/21-common-present-perfect-questions-in-english/
1204,Learn to speak like Jon Snow & Ygritte from GAME OF THRONES!,3-Advanced    culture & tips    pronunciation,https://www.engvid.com/learn-the-game-of-thrones-accent/
1205,10 “TIP” Expressions in English,1-Beginner    expressions,https://www.engvid.com/10-tip-expressions-in-english/
1206,Stop procrastinating and start learning!,2-Intermediate    3-Advanced    culture & tips,https://www.engvid.com/stop-procrastinating-start-learning/
1207,Improve Your Vocabulary: 8 Ways to Ask ‘CAN I…?’,2-Intermediate    3-Advanced    expressions    speaking    vocabulary,https://www.engvid.com/improve-your-vocabulary-8-ways-to-ask-can-i/
1208,Easy English Expressions with “OUT OF”,2-Intermediate    3-Advanced    expressions,https://www.engvid.com/english-expressions-out-of/
1209,Bored or Boring? Learn about -ED and -ING adjectives in English,1-Beginner    2-Intermediate    grammar,https://www.engvid.com/ed-ing-adjectives-in-english/
1210,When to use “A” or “AN” in a sentence… and when NOT to! (Indefinite Articles),1-Beginner    grammar,https://www.engvid.com/when-to-use-indefinite-articles/
1211,Phrasal Verbs of SEX,2-Intermediate    3-Advanced    culture & tips    slang,https://www.engvid.com/phrasal-verbs-sex/
1212,Phrasal Verb Opposites in English,2-Intermediate    expressions    vocabulary,https://www.engvid.com/phrasal-verb-opposites-in-english/
1213,"Basic English Grammar: Parts of Speech – noun, verb, adjective, pronoun, adverb…",1-Beginner    2-Intermediate    grammar,https://www.engvid.com/basic-english-grammar-parts-of-speech/
1214,English Vocabulary for visiting the DOCTOR,2-Intermediate    expressions    vocabulary,https://www.engvid.com/english-vocabulary-visiting-the-doctor/
1215,Have better conversations using the FORD method,2-Intermediate    culture & tips    speaking,https://www.engvid.com/ford-method-small-talk/
1216,Vocabulary for IELTS & TOEFL Essay Success,2-Intermediate    IELTS    TOEFL,https://www.engvid.com/vocabulary-for-ielts-toefl-essay-success/
1217,How to say the word ‘OF’ like a native English speaker,2-Intermediate    pronunciation,https://www.engvid.com/how-to-say-the-word-of-like-a-native-english-speaker/
1218,"Do you know the difference? LAST, LATEST, AT LEAST, LATTER, LATER, LATELY…",2-Intermediate    expressions    vocabulary,https://www.engvid.com/last-latest-least-and-more/
1219,False Friends: English mistakes that Spanish speakers make,1-Beginner    vocabulary,https://www.engvid.com/false-friends-english-spanish/
1220,English Homophones for Beginners – different words that sound the same!,1-Beginner    pronunciation    vocabulary,https://www.engvid.com/english-homophones-1-beginners/
1221,Learn English: Expressions that use body parts!,1-Beginner    expressions,https://www.engvid.com/expressions-body-parts/
1222,Formal & Informal Vocabulary: Using French words in English,3-Advanced    culture & tips    vocabulary,https://www.engvid.com/formal-informal-vocabulary-french-anglo-saxon/
1223,15 ways to improve your English pronunciation,2-Intermediate    pronunciation    speaking,https://www.engvid.com/15-ways-to-improve-your-english-pronunciation/
1224,"Learn English Tenses: Past Simple, Past Continuous, Past Perfect, or Present Perfect?",2-Intermediate    grammar,https://www.engvid.com/learn-engish-tenses-past-tenses/
1225,Improve your Vocabulary: Foreign Words in English,2-Intermediate    culture & tips    vocabulary,https://www.engvid.com/foreign-words-in-english/
1226,12 English expressions using ‘THINK’,2-Intermediate    expressions,https://www.engvid.com/12-think-expressions/
1227,Learn English: What we call the people we love ❤❤❤,1-Beginner    culture & tips    expressions    vocabulary,https://www.engvid.com/what-we-call-the-people-we-love/
1228,English Grammar: Using ‘THE’ before ‘NEXT’ & ‘LAST’,2-Intermediate    grammar,https://www.engvid.com/english-grammar-the-before-next-last/
1229,Sound like a native speaker: Delete the ‘H’!,2-Intermediate    pronunciation,https://www.engvid.com/sound-like-a-native-speaker-silent-h/
1230,Learn 15 English Phrasal Verbs about CRIME!,2-Intermediate    expressions    vocabulary,https://www.engvid.com/phrasal-verbs-crime/
1231,Power Verbs in English,English resource    3-Advanced    business english    vocabulary    writing,https://www.engvid.com/english-resource/power-verbs-in-english/
1232,Get a better job: Power Verbs for Resume Writing,2-Intermediate    culture & tips    vocabulary    writing,https://www.engvid.com/power-verbs-resume-writing/
1233,Are you using “enough” correctly?,2-Intermediate    grammar,https://www.engvid.com/are-you-using-enough-correctly/
1234,Advanced English Grammar: Participles,3-Advanced    grammar    writing,https://www.engvid.com/advanced-english-grammar-participles/
1235,English Culture: Manners & how to be polite,1-Beginner    culture & tips,https://www.engvid.com/english-culture-manners/
1236,What to say when you make a mistake!,1-Beginner    2-Intermediate    expressions    slang,https://www.engvid.com/what-to-say-when-you-make-a-mistake/
1237,American English Pronunciation Practice: Short and Long “A” Sounds,1-Beginner    2-Intermediate    pronunciation,https://www.engvid.com/american-english-pronunciation-short-long-a/
1238,Learn all about the British political system & elections,2-Intermediate    culture & tips,https://www.engvid.com/uk-politics-elections/
1239,10 ways to say ‘NO’ in English (politely!),3-Advanced    culture & tips    expressions    speaking,https://www.engvid.com/10-ways-to-say-no-in-english-politely/
1240,"English Phrasal Verbs for LOVE, SEX, and DATING!",2-Intermediate    3-Advanced    culture & tips    expressions    slang,https://www.engvid.com/english-phrasal-verbs-love-sex-dating/
1241,Vocabulary Hack: Sound smarter and avoid mistakes using Compound Adjectives!,2-Intermediate    3-Advanced    grammar    vocabulary,https://www.engvid.com/vocabulary-hack-compound-adjectives/
1242,"10 “STEP” Phrasal Verbs in English: step up, step down, step in…",2-Intermediate    expressions    vocabulary,https://www.engvid.com/10-step-phrasal-verbs-in-english/
1243,Real English: Speaking on the phone,2-Intermediate    expressions    speaking    vocabulary,https://www.engvid.com/real-english-speaking-on-the-phone/
1244,Improve your English vocabulary with astrology! Personalities and Professions,2-Intermediate    3-Advanced    culture & tips    vocabulary,https://www.engvid.com/english-vocabulary-astrology-personalities-professions/
1245,English at Work: 10 Phrasal Verbs for the Office,2-Intermediate    business english    expressions,https://www.engvid.com/10-phrasal-verbs-for-the-office/
1246,Learn English: MAKE or DO?,1-Beginner    2-Intermediate    grammar,https://www.engvid.com/make-or-do/
1247,3 popular slang words in British English,1-Beginner    slang,https://www.engvid.com/3-popular-slang-words-in-british-english/
1248,English Listening Practice: Improve your vocabulary!,1-Beginner    2-Intermediate    comprehension,https://www.engvid.com/english-listening-practice-vocabulary-prepositions/
1249,IELTS General: Writing Task 1 – 14 Top Tips!,3-Advanced    IELTS,https://www.engvid.com/ielts-general-writing-task-1/
1250,IELTS General Task 1 – Letter Writing,English resource    3-Advanced    IELTS,https://www.engvid.com/english-resource/ielts-general-task-1-letter-writing/
1251,Learn Real English: Let’s go on a road trip!,2-Intermediate    culture & tips    expressions    vocabulary,https://www.engvid.com/learn-real-english-road-trip/
1252,MAY or MIGHT?,2-Intermediate    grammar,https://www.engvid.com/may-or-might/
1253,Crazy English: FOODS that have BODY PARTS?,1-Beginner    2-Intermediate    3-Advanced    slang,https://www.engvid.com/crazy-english-food-body-parts/
1254,How to improve your English by reading,1-Beginner    2-Intermediate    3-Advanced    comprehension    culture & tips,https://www.engvid.com/how-to-improve-your-english-by-reading/
1255,How to use “ABOUT TO” in English,1-Beginner    grammar,https://www.engvid.com/about-to/
1256,How to start a phone conversation in English,2-Intermediate    business english    culture & tips    speaking,https://www.engvid.com/how-to-start-a-phone-conversation/
1257,Learn English Prepositions: TO or AT?,1-Beginner    grammar,https://www.engvid.com/learn-english-prepositions-to-or-at/
1258,Improve Your Grammar: 4 ways to use -ING words in English,2-Intermediate    grammar,https://www.engvid.com/4-ways-to-use-ing-words-in-english/
1259,Learn English Slang: BITCH,1-Beginner    culture & tips    slang    vocabulary,https://www.engvid.com/learn-english-slang-bitch/
1260,Improve your English: WHO or WHOM?,2-Intermediate    grammar,https://www.engvid.com/who-or-whom/
1261,"Read, Understand, and Remember! Improve your reading skills with the KWL Method",2-Intermediate    comprehension    IELTS    TOEFL,https://www.engvid.com/kwl-reading-method/
1262,Speak English Naturally: My pronunciation secret for difficult words,1-Beginner    2-Intermediate    3-Advanced    pronunciation,https://www.engvid.com/speak-english-naturally-backchaining/
1263,Learn English Grammar: The Adverb Clause,3-Advanced    grammar    writing,https://www.engvid.com/learn-english-grammar-the-adverb-clause/
1264,How are you feeling? Vocabulary & expressions to answer this common question!,2-Intermediate    3-Advanced    expressions    speaking    vocabulary,https://www.engvid.com/how-are-you-feeling-mental-physical-health/
1265,How to be CONFIDENT!,1-Beginner    2-Intermediate    3-Advanced    culture & tips    speaking,https://www.engvid.com/how-to-be-confident/
1266,The 10 Most Common “WHAT” Questions in English,1-Beginner    grammar    speaking,https://www.engvid.com/the-10-most-common-what-questions-in-english/
1267,IELTS Writing Task 1: How to describe BAR GRAPHS,2-Intermediate    business english    IELTS    writing,https://www.engvid.com/ielts-writing-task-1-bar-graphs/
1268,How to use Mind Maps to understand and remember what you read!,3-Advanced    comprehension    culture & tips,https://www.engvid.com/how-to-use-mind-maps-to-understand-and-remember-what-you-read/
1269,Top 10 Most Confusing Words for Advanced English Learners,2-Intermediate    3-Advanced    vocabulary,https://www.engvid.com/top-10-most-confusing-words-for-advanced-english-learners/
1270,"Prepositions in English: ABOVE, OVER, ON, ON TOP",1-Beginner    grammar    vocabulary,https://www.engvid.com/prepositions-in-english-above-over-on-on-top/
1271,Vocabulary: Learn 10 words that come from “BACK”,1-Beginner    expressions    vocabulary,https://www.engvid.com/vocabulary-10-back-words/
1272,STOP talking like a baby!,1-Beginner    2-Intermediate    culture & tips,https://www.engvid.com/baby-talk/
1273,Learn 8 Phrasal Verbs with “PUSH”,2-Intermediate    3-Advanced    expressions,https://www.engvid.com/8-phrasal-verbs-push/
1274,Sound more natural in English: Learn and practice 5 BACK VOWELS,2-Intermediate    3-Advanced    pronunciation,https://www.engvid.com/english-pronunciation-5-back-vowels/
1275,Learn English Grammar: Zero Conditional,2-Intermediate    3-Advanced    grammar,https://www.engvid.com/learn-english-grammar-zero-conditional/
1276,Learn 10 Easy 3-Word Questions in English,1-Beginner    2-Intermediate    expressions    speaking,https://www.engvid.com/learn-10-easy-3-word-questions-in-english/
1277,Medical Vocabulary in English: First Aid,2-Intermediate    3-Advanced    culture & tips    vocabulary,https://www.engvid.com/medical-vocabulary-in-english-first-aid/
1278,Learn English Vocabulary and Phrasal Verbs with “LOOK” ( ͡° ͜ʖ ͡°),2-Intermediate    expressions    vocabulary,https://www.engvid.com/learn-english-vocabulary-and-phrasal-verbs-with-look/
1279,I HATE ENGLISH! 12 things that don’t make any sense,1-Beginner    2-Intermediate    3-Advanced    culture & tips    expressions    vocabulary,https://www.engvid.com/i-hate-english-12-things-that-dont-make-any-sense/
1280,English Vocabulary: House Cleaning,1-Beginner    vocabulary,https://www.engvid.com/english-vocabulary-house-cleaning/
1281,"Improve Your Vocabulary: KNOW, MEET, MEET WITH, or MEET UP?",2-Intermediate    grammar    vocabulary,https://www.engvid.com/improve-your-vocabulary-know-meet-meet-with-or-meet-up/
1282,How to improve your English with MUSIC and MOVIES!,1-Beginner    2-Intermediate    3-Advanced    culture & tips    vocabulary,https://www.engvid.com/how-to-improve-your-english-with-music-and-movies/
1283,Free consultation with IELTS & TOEFL Specialist,2-Intermediate    3-Advanced    IELTS    TOEFL    TOEIC,https://www.engvid.com/free-consultation-with-ielts-toefl-specialist/
1284,The STRANGE & FREAKY history of Valentine’s Day!,1-Beginner    2-Intermediate    3-Advanced    culture & tips,https://www.engvid.com/the-strange-freaky-history-of-valentines-day/
1285,Where do the names of the days of the week come from?,3-Advanced    culture & tips,https://www.engvid.com/days-of-the-week-etymology/
1286,"Learn English Phrasal Verbs with BRING: bring on, bring about, bring forward…",2-Intermediate    expressions    vocabulary,https://www.engvid.com/learn-english-phrasal-verbs-with-bring-bring-on-bring-about-bring-forward/
1287,"How to Negotiate: Vocabulary, expressions, and questions to save you $$$",2-Intermediate    3-Advanced    business english    culture & tips    speaking,https://www.engvid.com/how-to-negotiate-vocabulary-expressions-and-questions-to-save-you-money/
1288,Real English: Talking about pets and animals,1-Beginner    2-Intermediate    culture & tips    speaking    vocabulary,https://www.engvid.com/real-english-talking-about-pets-and-animals/
1289,How to start a conversation: 5 things to say after “hello”,2-Intermediate    3-Advanced    culture & tips    speaking,https://www.engvid.com/how-to-start-a-conversation-5-things-to-say-after-hello/
1290,English Grammar: The Past Tense of HAVE,1-Beginner    grammar,https://www.engvid.com/english-grammar-the-past-tense-of-have/
1291,English Slang: How to talk like a real Londoner,3-Advanced    culture & tips    pronunciation    slang,https://www.engvid.com/english-slang-how-to-talk-like-a-real-londoner/
1292,English Pronunciation: How to say words ending in -OUGH & -AUGH,1-Beginner    pronunciation,https://www.engvid.com/english-pronunciation-how-to-say-words-ending-in-ough-augh/
1293,Real English: Using WHEN & WHERE to Make Plans,1-Beginner    expressions    vocabulary,https://www.engvid.com/real-english-using-when-where-to-make-plans/
1294,Slang: 13 Funny Word Mash-Ups in English,2-Intermediate    3-Advanced    slang    vocabulary,https://www.engvid.com/slang-13-funny-word-mash-ups-in-english/
1295,15 Common WHO Questions in English,1-Beginner    grammar    speaking,https://www.engvid.com/15-common-who-questions-in-english/
1296,How to learn English if you are shy,1-Beginner    2-Intermediate    3-Advanced    culture & tips,https://www.engvid.com/how-to-learn-english-if-you-are-shy/
1297,Steps to Learning English: Where should you start?,1-Beginner    2-Intermediate    3-Advanced    comprehension    culture & tips,https://www.engvid.com/steps-to-learning-english-where-to-begin/
1298,"Discover your unique LEARNING STYLE: Visual, Auditory, Kinesthetic",2-Intermediate    culture & tips,https://www.engvid.com/discover-your-unique-learning-style-visual-auditory-kinesthetic/
1299,"Prepositions of Time in English: BY, UNTIL, BY THE TIME, NO LATER THAN…",1-Beginner    2-Intermediate    grammar,https://www.engvid.com/prepositions-of-time-in-english/
1300,"Learn English Grammar: USE, USED, and USED TO",2-Intermediate    expressions    grammar,https://www.engvid.com/learn-english-grammar-use-used-and-used-to/
1301,American Sex Slang: The SEX Alphabet with Ronnie,1-Beginner    2-Intermediate    3-Advanced    slang,https://www.engvid.com/american-sex-slang-the-sex-alphabet/
1302,17 ways to say YOU’RE WELCOME in English,1-Beginner    expressions    grammar,https://www.engvid.com/17-ways-to-say-youre-welcome-in-english/
1303,"HAPPY NEW YEAR! What to say and do: expressions, customs, vocabulary ?",2-Intermediate    culture & tips    expressions    vocabulary,https://www.engvid.com/happy-new-year-expressions-customs-vocabulary/
1304,Emma’s TOP 15 STUDY TIPS,1-Beginner    2-Intermediate    3-Advanced    culture & tips    IELTS    TOEFL    TOEIC,https://www.engvid.com/emmas-top-15-study-tips/
1305,Talking about SLEEP in English,1-Beginner    expressions    vocabulary,https://www.engvid.com/talking-about-sleep-in-english/
1306,Learn 10 English Idioms about People at Work,2-Intermediate    business english    expressions,https://www.engvid.com/10-english-idioms-people-at-work/
1307,50+ English Phrases & Idioms to Describe People in Business,English resource    3-Advanced    business english    expressions,https://www.engvid.com/english-resource/50-english-phrases-idioms-to-describe-people-in-business/
1308,Learn 17 Business Abbreviations & Acronyms in English,2-Intermediate    business english    vocabulary,https://www.engvid.com/17-business-abbreviations-acronyms/
1309,"Vocabulary to talk about your feelings in English: anger, fear, and confusion",2-Intermediate    3-Advanced    expressions    vocabulary,https://www.engvid.com/vocabulary-to-talk-about-your-feelings-in-english-anger-fear-and-confusion/
1310,So you’re NOT having a baby…,2-Intermediate    3-Advanced    culture & tips    vocabulary,https://www.engvid.com/so-youre-not-having-a-baby/
1311,Learn English by playing Final Fantasy 7! Let’s play and learn!,2-Intermediate    3-Advanced    expressions    slang    vocabulary,https://www.engvid.com/learn-english-final-fantasy-vii/
1312,Sound more natural in English: Learn and practice 5 FRONT VOWELS,2-Intermediate    3-Advanced    pronunciation,https://www.engvid.com/english-pronunciation-5-front-vowels/
1313,English Grammar: Definite Adverbs of Frequency,2-Intermediate    grammar,https://www.engvid.com/english-grammar-definite-adverbs-of-frequency/
1314,Top 10 Confusing English Verbs for Beginners,1-Beginner    grammar    vocabulary,https://www.engvid.com/top-10-confusing-english-verbs-for-beginners/
1315,IELTS – The 5 Step Study Plan,2-Intermediate    3-Advanced    IELTS,https://www.engvid.com/ielts-the-5-step-study-plan/
1316,"Learn 10 English PHRASAL VERBS with “UP”: dress up, wash up, grow up…",2-Intermediate    expressions,https://www.engvid.com/learn-10-english-phrasal-verbs-with-up/
1317,Improve Your Vocabulary: 50+ Shades of Colors in English!,2-Intermediate    3-Advanced    vocabulary,https://www.engvid.com/50-shades-of-colors-in-english/
1318,Collective Nouns in English: How to talk about groups of people and things,2-Intermediate    3-Advanced    vocabulary,https://www.engvid.com/collective-nouns-in-english-how-to-talk-about-groups-of-people-and-things/
1319,Learn English Grammar: How to use the 3rd conditional,2-Intermediate    3-Advanced    grammar,https://www.engvid.com/learn-english-grammar-how-to-use-the-3rd-conditional/
1320,IELTS Writing Task 1: How to describe a process,2-Intermediate    3-Advanced    IELTS    writing,https://www.engvid.com/ielts-writing-task-1-how-to-describe-a-process/
1321,How to change a fight into a discussion,3-Advanced    culture & tips    vocabulary,https://www.engvid.com/how-to-change-a-fight-into-a-discussion/
1322,Say MORE with LESS: 2-Word Expressions in English,1-Beginner    2-Intermediate    3-Advanced    expressions    speaking,https://www.engvid.com/say-more-with-less-2-word-expressions-in-english/
1323,Learn English Grammar: The Adjective Clause (Relative Clause),3-Advanced    grammar,https://www.engvid.com/learn-english-grammar-the-adjective-clause-relative-clause/
1324,Learn English Vocabulary: TOUCH or FEEL?,2-Intermediate    vocabulary,https://www.engvid.com/learn-english-vocabulary-touch-or-feel/
1325,Veterans Day & Remembrance Day,2-Intermediate    3-Advanced    culture & tips,https://www.engvid.com/veterans-day-remembrance-day/
1326,English Books: How to learn English with Harry Potter!,2-Intermediate    3-Advanced    expressions    vocabulary,https://www.engvid.com/english-books-harry-potter/
1327,Learn English: BY or WITH?,2-Intermediate    grammar,https://www.engvid.com/learn-english-by-or-with/
1328,Learn 10 times more vocabulary by using Word Webs!,2-Intermediate    3-Advanced    culture & tips    vocabulary,https://www.engvid.com/learn-10-times-more-vocabulary-by-using-word-webs/
1329,Learn the Keys to IELTS & TOEFL Essay Success,2-Intermediate    IELTS    TOEFL    TOEIC,https://www.engvid.com/learn-the-keys-to-ielts-toefl-essay-success/
1330,Understanding the 2016 US Elections,2-Intermediate    3-Advanced    culture & tips    vocabulary,https://www.engvid.com/understanding-the-2016-us-elections/
1331,BANG! CRASH! DING DONG! Words that Imitate Sounds,1-Beginner    culture & tips    speaking    vocabulary,https://www.engvid.com/onomatopoeia-words-that-imitate-sounds/
1332,Don’t make this common mistake – Use the S!,1-Beginner    grammar    pronunciation    speaking,https://www.engvid.com/dont-make-this-common-mistake-use-the-s/
1333,17 Common “WHEN” Questions in English,1-Beginner    grammar    speaking,https://www.engvid.com/17-common-when-questions-in-english/
1334,"Phrasal Verbs for TRAVEL: “drop off”, “get in”, “check out”…",1-Beginner    expressions    vocabulary,https://www.engvid.com/phrasal-verbs-for-travel-drop-off-get-in-check-out/
1335,Talking About Politics: LEFT WING & RIGHT WING,3-Advanced    culture & tips    vocabulary,https://www.engvid.com/talking-about-politics-left-wing-right-wing/
1336,How native speakers say AND & THE in English,1-Beginner    pronunciation,https://www.engvid.com/how-native-speakers-say-and-the-in-english/
1337,Vocabulary: Talking about POLITICS in English,2-Intermediate    culture & tips    vocabulary,https://www.engvid.com/vocabulary-talking-about-politics-in-english/
1338,How to use the verb ‘GET’ in English,2-Intermediate    expressions    grammar,https://www.engvid.com/how-to-use-the-verb-get-in-english/
1339,10 words in English that don’t make sense! Hmmm…,2-Intermediate    culture & tips    vocabulary,https://www.engvid.com/10-words-in-english-that-dont-make-sense/
1340,Real English Vocabulary: At the BANK,1-Beginner    vocabulary,https://www.engvid.com/real-english-vocabulary-at-the-bank/
1341,How to give great customer service: The L.A.S.T. method,2-Intermediate    3-Advanced    business english    culture & tips,https://www.engvid.com/how-to-give-great-customer-service-the-last-method/
1342,The WORST English mistakes native speakers make,2-Intermediate    culture & tips    vocabulary,https://www.engvid.com/the-worst-english-mistakes-native-speakers-make/
1343,Learn English Grammar: “to have” in the present tense,1-Beginner    grammar,https://www.engvid.com/learn-english-grammar-to-have-present-tense/
1344,When and how to use a dictionary – and when NOT to use a dictionary!,1-Beginner    2-Intermediate    3-Advanced    culture & tips    vocabulary,https://www.engvid.com/when-and-how-to-use-a-dictionary/
1345,Improve your English by working in a charity shop,2-Intermediate    3-Advanced    business english    culture & tips    vocabulary,https://www.engvid.com/improve-your-english-by-working-in-a-charity-shop/
1346,English Grammar: Fix your double negatives!,2-Intermediate    3-Advanced    grammar    speaking,https://www.engvid.com/english-grammar-fix-your-double-negatives/
1347,The 25 Most Common Verbs in English,1-Beginner    grammar    vocabulary,https://www.engvid.com/the-25-most-common-verbs-in-english/
1348,How to understand new English vocabulary by learning roots!,3-Advanced    culture & tips    vocabulary,https://www.engvid.com/how-to-understand-new-english-vocabulary-by-learning-roots/
1349,How to write a good essay: Paraphrasing the question,2-Intermediate    IELTS    TOEFL    writing,https://www.engvid.com/how-to-write-a-good-essay-paraphrasing-the-question/
1350,How to use W5 questions for more interesting conversations,2-Intermediate    3-Advanced    culture & tips    speaking,https://www.engvid.com/how-to-use-w5-questions-for-more-interesting-conversations/
1351,8 Easy English Idioms with IN and ON,1-Beginner    expressions,https://www.engvid.com/8-easy-english-idioms-with-in-and-on/
1352,The 2nd Conditional: WOULD & COULD,2-Intermediate    grammar,https://www.engvid.com/the-2nd-conditional-would-could/
1353,Common MILITARY expressions & vocabulary in everyday life,2-Intermediate    expressions    vocabulary,https://www.engvid.com/common-military-expressions-vocabulary-in-everyday-life/
1354,Fix your spelling mistakes: 10 confusing words that sound the same,3-Advanced    vocabulary    writing,https://www.engvid.com/fix-your-spelling-mistakes-10-confusing-words-that-sound-the-same/
1355,Why aren’t you married? How to talk about being single!,2-Intermediate    3-Advanced    culture & tips    slang    vocabulary,https://www.engvid.com/why-arent-you-married-how-to-talk-about-being-single/
1356,Words that belong together: Adverb-Adjective Collocations in English,2-Intermediate    3-Advanced    expressions    vocabulary,https://www.engvid.com/words-that-belong-together-adverb-adjective-collocations-in-english/
1357,How to study efficiently: The Cornell Notes Method,1-Beginner    2-Intermediate    3-Advanced    culture & tips,https://www.engvid.com/how-to-study-efficiently-the-cornell-notes-method/
1358,"“DOWN” Phrasal Verbs in English: close down, bring down, break down…",2-Intermediate    expressions    vocabulary,https://www.engvid.com/down-phrasal-verbs-in-english/
1359,Learn English Grammar: How long does it take?,1-Beginner    grammar,https://www.engvid.com/learn-english-grammar-how-long-does-it-take/
1360,"10 Phrasal Verbs with CALL: call for, call up, call in, call upon…",1-Beginner    expressions    vocabulary,https://www.engvid.com/10-phrasal-verbs-with-call/
1361,"Learn about British money, new and old!",2-Intermediate    culture & tips    vocabulary,https://www.engvid.com/learn-about-british-money-new-and-old/
1362,What does your sleep position say about you?,2-Intermediate    3-Advanced    culture & tips    vocabulary,https://www.engvid.com/what-does-your-sleep-position-say-about-you/
1363,What is an oxymoron? Definition and 20 fun examples!,2-Intermediate    expressions,https://www.engvid.com/what-is-an-oxymoron/
1364,"Silent Letters: When NOT to pronounce B, D, and L in English",2-Intermediate    pronunciation,https://www.engvid.com/silent-letters-when-not-to-pronounce-b-d-and-l-in-english/
1365,"Vocabulary of Drinking: The most common nouns, verbs, and adjectives",2-Intermediate    3-Advanced    vocabulary,https://www.engvid.com/vocabulary-of-drinking-the-most-common-nouns-verbs-and-adjectives/
1366,Beyond “Walk” and “Run”: 8 verbs to talk about movement,2-Intermediate    3-Advanced    vocabulary,https://www.engvid.com/8-verbs-to-talk-about-movement/
1367,"6 Body Idioms in English: get cold feet, play by ear…",2-Intermediate    expressions,https://www.engvid.com/6-body-idioms-in-english/
1368,Confusing Words in English: LISTEN or HEAR?,1-Beginner    expressions    vocabulary,https://www.engvid.com/confusing-words-in-english-listen-or-hear/
1369,How to give the BEST PowerPoint presentation!,1-Beginner    2-Intermediate    3-Advanced    culture & tips,https://www.engvid.com/how-to-give-the-best-powerpoint-presentation/
1370,Fix these basic English pronunciation mistakes!,1-Beginner    pronunciation,https://www.engvid.com/fix-these-basic-english-pronunciation-mistakes/
1371,Do you hate speaking English around NATIVE SPEAKERS?,1-Beginner    2-Intermediate    3-Advanced    culture & tips    speaking,https://www.engvid.com/do-you-hate-speaking-english-around-native-speakers/
1372,IELTS Writing: Numbers and Pie Charts,2-Intermediate    3-Advanced    IELTS,https://www.engvid.com/ielts-writing-numbers-and-pie-charts/
1373,How to have a conversation about RELIGION in English,2-Intermediate    3-Advanced    culture & tips    vocabulary,https://www.engvid.com/how-to-have-a-conversation-about-religion-in-english/
1374,Can you find these 10 common English mistakes?,1-Beginner    grammar,https://www.engvid.com/can-you-find-these-10-common-english-mistakes/
1375,Speak like a NATIVE SPEAKER by using sentence stress in English (with examples!),3-Advanced    pronunciation    speaking,https://www.engvid.com/speak-like-a-native-speaker-by-using-sentence-stress-in-english-with-examples/
1376,Advanced English Grammar: Noun Clauses,3-Advanced    grammar    writing,https://www.engvid.com/advanced-english-grammar-noun-clauses/
1377,Improve Your Vocabulary: 23 words for talking about feeling good or bad,2-Intermediate    3-Advanced    expressions    vocabulary,https://www.engvid.com/improve-your-vocabulary-23-words-for-talking-about-feeling-good-or-bad/
1378,Vocabulary & Expressions for POKER and other card games,1-Beginner    expressions    vocabulary,https://www.engvid.com/vocabulary-expressions-for-poker-and-other-card-games/
1379,English Vocabulary: 10 adjectives invented by Shakespeare,3-Advanced    vocabulary,https://www.engvid.com/english-vocabulary-10-adjectives-invented-by-shakespeare/
1380,Fix Your English Grammar Mistakes: Talking about People,2-Intermediate    grammar    speaking,https://www.engvid.com/fix-your-english-grammar-mistakes-talking-about-people/
1381,11 PHRASAL VERBS for talking about MONEY in English,2-Intermediate    expressions    slang    vocabulary,https://www.engvid.com/11-phrasal-verbs-for-talking-about-money-in-english/
1382,Learn English for Call Centers and Customer Service Jobs,2-Intermediate    business english    culture & tips    speaking,https://www.engvid.com/learn-english-for-call-centers-and-customer-service-jobs/
1383,"Learn “Set” Vocabulary, Idioms, and Phrasal Verbs!",2-Intermediate    3-Advanced    expressions    vocabulary,https://www.engvid.com/learn-set-vocabulary-idioms-and-phrasal-verbs/
1384,Fix these 3 common pronunciation mistakes in English!,2-Intermediate    3-Advanced    pronunciation    vocabulary,https://www.engvid.com/fix-these-3-common-pronunciation-mistakes-in-english/
1385,Irregular Verbs in English – Group 3,2-Intermediate    3-Advanced    grammar,https://www.engvid.com/irregular-verbs-in-english-group-3/
1386,Learn English with 5 Stupid Jokes!,2-Intermediate    culture & tips    slang    vocabulary,https://www.engvid.com/learn-english-with-5-stupid-jokes/
1387,"How to Ask Questions: HOW LONG, HOW MUCH…",1-Beginner    grammar,https://www.engvid.com/how-to-ask-questions-how-long-how-much/
1388,2 fun new ways to learn English vocabulary,1-Beginner    2-Intermediate    culture & tips    vocabulary,https://www.engvid.com/2-fun-new-ways-to-learn-english-vocabulary/
1389,Learn English: “because” or “because of”?,2-Intermediate    grammar,https://www.engvid.com/learn-english-because-or-because-of/
1390,"Phrasal Verbs with CARRY: “carry out”, “carry away”, “carry on”…",2-Intermediate    expressions    vocabulary,https://www.engvid.com/phrasal-verbs-with-carry/
1391,"Learn English: Using AT, IN THE, AGO, and more words to talk about time",1-Beginner    grammar    vocabulary,https://www.engvid.com/learn-english-using-at-in-the-ago-and-more-words-to-talk-about-time/
1392,Irregular Verbs in English – Groups 1 & 2,2-Intermediate    3-Advanced    grammar,https://www.engvid.com/irregular-verbs-in-english-groups-1-2/
1393,3 Grammar Rules for REPORTED SPEECH,2-Intermediate    grammar,https://www.engvid.com/3-grammar-rules-for-reported-speech/
1394,LISTENING & UNDERSTANDING in 3 Easy Steps,1-Beginner    comprehension    expressions,https://www.engvid.com/listening-understanding-in-3-easy-steps/
1395,Vocabulary for EATING and DRINKING,1-Beginner    expressions    vocabulary,https://www.engvid.com/vocabulary-for-eating-and-drinking/
1396,Grammar: Using THE with common and abstract nouns,2-Intermediate    grammar,https://www.engvid.com/grammar-the-common-abstract-nouns/
1397,IELTS & TOEFL Writing: 5 Common Mistakes,3-Advanced    IELTS    TOEFL    writing,https://www.engvid.com/ielts-toefl-writing-5-common-mistakes/
1398,8 Expressions using BITE in English,1-Beginner    2-Intermediate    expressions,https://www.engvid.com/8-expressions-using-bite-in-english/
1399,Practice your English by speaking with KIDS!,1-Beginner    2-Intermediate    3-Advanced    culture & tips    speaking,https://www.engvid.com/practice-your-english-by-speaking-with-kids/
1400,English Expressions with ‘HAVE’,1-Beginner    expressions    grammar,https://www.engvid.com/english-expressions-with-have/
1401,Effective expressions to express your personality,3-Advanced    culture & tips    expressions,https://www.engvid.com/expressions-idioms-that-express-your-personality/
1402,English Vocabulary & Expressions with HOUSE and HOME,1-Beginner    expressions    vocabulary,https://www.engvid.com/english-vocabulary-expressions-house-home/
1403,"English Grammar: The Prepositions ON, AT, IN, BY",1-Beginner    grammar,https://www.engvid.com/english-grammar-the-prepositions-on-at-in-by/
1404,Do you know these 8 idioms with ‘TAKE’?,2-Intermediate    expressions,https://www.engvid.com/8-idioms-with-take/
1405,Learn English Grammar: The First Conditional,2-Intermediate    grammar,https://www.engvid.com/learn-english-grammar-the-first-conditional/
1406,English Vocabulary: Having a BABY,1-Beginner    2-Intermediate    expressions    vocabulary,https://www.engvid.com/english-vocabulary-having-a-baby/
1407,"Learn British accents and dialects – Cockney, RP, Northern, and more!",3-Advanced    culture & tips    pronunciation,https://www.engvid.com/learn-british-accents-and-dialects-cockney-rp-northern-and-more/
1408,"Phrasal Verbs & Expressions with OVER: “take over”, “overplayed”, “over it”…",1-Beginner    expressions    vocabulary,https://www.engvid.com/phrasal-verbs-expressions-with-over/
1409,English Vocabulary: Talking about WORK,1-Beginner    expressions    vocabulary,https://www.engvid.com/english-vocabulary-talking-about-work/
1410,English Grammar: How to use “to” before an “-ing” verb,3-Advanced    grammar,https://www.engvid.com/english-grammar-how-to-use-to-before-an-ing-verb/
1411,8 Cultural Differences between Native Speakers and English Learners,1-Beginner    2-Intermediate    3-Advanced    business english    culture & tips    speaking,https://www.engvid.com/8-cultural-differences-between-native-speakers-and-english-learners/
1412,How to get people to say YES!,3-Advanced    business english    culture & tips    speaking,https://www.engvid.com/how-to-get-people-to-say-yes/
1413,The Secret to Getting People to Say YES!,English resource    3-Advanced    culture & tips    expressions,https://www.engvid.com/english-resource/getting-people-to-say-yes/
1414,Mixed Verb Tenses in English: Conditionals and IF clauses,3-Advanced    grammar,https://www.engvid.com/mixed-verb-tenses-in-english-conditionals-and-if-clauses/
1415,Discover the History of English,3-Advanced    culture & tips    vocabulary,https://www.engvid.com/discover-the-history-of-english/
1416,Basic English Vocabulary: COLORS,1-Beginner,https://www.engvid.com/basic-english-vocabulary-colors/
1417,Basic English Lesson: How to Talk about Yourself,1-Beginner    grammar    speaking,https://www.engvid.com/basic-english-lesson-how-to-talk-about-yourself/
1418,How to write a perfect IELTS essay conclusion,3-Advanced    IELTS    writing,https://www.engvid.com/how-to-write-a-perfect-ielts-essay-conclusion/
1419,IELTS & TOEFL Vocabulary: Talking about Food,2-Intermediate    expressions    IELTS    TOEFL    vocabulary,https://www.engvid.com/ielts-toefl-vocabulary-talking-about-food/
1420,3 Quick and Easy Tips to Improve your English,1-Beginner    2-Intermediate    3-Advanced    comprehension    culture & tips    speaking,https://www.engvid.com/3-quick-and-easy-tips-to-improve-your-english/
1421,English Vocabulary: Verbs for things you do every day!,1-Beginner    vocabulary,https://www.engvid.com/english-vocabulary-verbs-for-things-you-do-every-day/
1422,"Phrasal Verbs with SET: set up, set in, set to…",2-Intermediate    expressions    vocabulary,https://www.engvid.com/phrasal-verbs-with-set/
1423,How to use the word THINK in English,2-Intermediate    expressions    vocabulary,https://www.engvid.com/how-to-use-the-word-think-in-english/
1424,"11 PIG expressions in English: pig out, pig tails, piggy back…",1-Beginner    expressions    vocabulary,https://www.engvid.com/11-pig-expressions-in-english/
1425,5 ways to use the PRESENT CONTINUOUS verb tense in English,2-Intermediate    grammar,https://www.engvid.com/5-ways-to-use-the-present-continuous-verb-tense-in-english/
1426,English Conversation: The Meaning of Hand Gestures,1-Beginner    2-Intermediate    3-Advanced    culture & tips    speaking,https://www.engvid.com/english-conversation-the-meaning-of-hand-gestures/
1427,Travel English: Getting sick and buying medicine,2-Intermediate    culture & tips    expressions    vocabulary,https://www.engvid.com/travel-english-getting-sick-and-buying-medicine/
1428,How to ask questions in the PAST SIMPLE tense,1-Beginner    2-Intermediate    grammar,https://www.engvid.com/how-to-ask-questions-in-the-past-simple-tense/
1429,Real English: Talking about worries,1-Beginner    2-Intermediate    expressions,https://www.engvid.com/real-english-talking-about-worries/
1430,10 ways to use the word WAY in English,2-Intermediate    expressions,https://www.engvid.com/10-ways-to-use-the-word-way-in-english/
1431,"Basic English – How and when to use LOOK, SEE, and WATCH",2-Intermediate    grammar,https://www.engvid.com/basic-english-how-and-when-to-use-look-see-and-watch/
1432,How to talk about skin color in English,1-Beginner    2-Intermediate    3-Advanced    culture & tips    vocabulary,https://www.engvid.com/how-to-talk-about-skin-color-in-english/
1433,Grammar: Using DO and DID to make a strong point in English,3-Advanced    grammar,https://www.engvid.com/grammar-using-do-and-did-to-make-a-strong-point-in-english/
1434,Can you learn a language just by listening?,1-Beginner    2-Intermediate    3-Advanced    culture & tips,https://www.engvid.com/can-you-learn-a-language-just-by-listening/
1435,The Many Meanings of “LOAD” in English,2-Intermediate    expressions    slang    vocabulary,https://www.engvid.com/the-many-meanings-of-load-in-english/
1436,"Confusing English: LIE or LAY? RAISE, RISE, or ARISE?",3-Advanced    grammar    vocabulary,https://www.engvid.com/confusing-english-lie-lay-raise-rise-arise/
1437,How to write a letter: Find the Mistakes!,2-Intermediate    IELTS    writing,https://www.engvid.com/how-to-write-a-letter-find-the-mistakes/
1438,How to give a strong presentation: tips & key phrases,2-Intermediate    3-Advanced    business english    expressions    vocabulary,https://www.engvid.com/how-to-give-a-strong-presentation-tips-key-phrases/
1439,Learn English: How to understand native speakers,2-Intermediate    3-Advanced    comprehension    pronunciation,https://www.engvid.com/learn-english-how-to-understand-native-speakers/
1440,Using SIMILES to improve your everyday English,2-Intermediate    expressions,https://www.engvid.com/using-similes-to-improve-your-everyday-english/
1441,Animals and the sounds they make!,1-Beginner    pronunciation    vocabulary,https://www.engvid.com/animals-and-the-sounds-they-make/
1442,English Vocabulary: Talking about HIGHWAY DRIVING,1-Beginner    expressions    vocabulary,https://www.engvid.com/english-vocabulary-highway-driving/
1443,Describing people in English: BE or BEING?,2-Intermediate    grammar,https://www.engvid.com/describing-people-in-english-be-or-being/
1444,What is First Person? Second? Third?,1-Beginner    grammar,https://www.engvid.com/what-is-first-person-second-third/
1445,Talking about “having something done” in English,2-Intermediate    3-Advanced    grammar,https://www.engvid.com/talking-about-having-something-done-in-english/
1446,English Idioms: Fruits and Vegetables!,1-Beginner    expressions,https://www.engvid.com/english-idioms-fruits-and-vegetables/
1447,"The 4 English Sentence Types – simple, compound, complex, compound-complex",3-Advanced    grammar    writing,https://www.engvid.com/the-4-english-sentence-types-simple-compound-complex-compound-complex/
1448,Using metaphors to speak English more fluently,3-Advanced    expressions,https://www.engvid.com/using-metaphors-to-speak-english-more-fluently/
1449,Polite English: What NOT to say to people!,1-Beginner    2-Intermediate    3-Advanced    culture & tips,https://www.engvid.com/polite-english-what-not-to-say-to-people/
1450,WH Questions in English: The most common WHERE Questions,1-Beginner    speaking,https://www.engvid.com/wh-questions-in-english-the-most-common-where-questions/
1451,Business meeting & conference SMALL TALK – How to avoid that awkward moment!,2-Intermediate    business english    culture & tips    speaking,https://www.engvid.com/business-meeting-conference-small-talk/
1452,IELTS & TOEFL Listening Practice: Academic Vocabulary,2-Intermediate    IELTS    TOEFL,https://www.engvid.com/ielts-toefl-listening-practice-academic-vocabulary/
1453,Real English: What you need to know if you’re going to court,3-Advanced    culture & tips    expressions    vocabulary,https://www.engvid.com/real-english-what-you-need-to-know-if-youre-going-to-court/
1454,English Vocabulary: Crime & Criminals,2-Intermediate    vocabulary,https://www.engvid.com/english-vocabulary-crime-criminals/
1455,Vocabulary: Crime & Criminals,English resource    3-Advanced    vocabulary,https://www.engvid.com/english-resource/vocabulary-crime-criminals/
1456,"Phrasal Verbs with PASS: pass up, pass away, pass out…",2-Intermediate    expressions    vocabulary,https://www.engvid.com/phrasal-verbs-pass/
1457,Change word meanings with SYLLABLE STRESS,3-Advanced    comprehension    vocabulary,https://www.engvid.com/change-word-meanings-with-syllable-stress/
1458,"Change the stress, change the meaning: 35 words that change meaning",English resource    3-Advanced    grammar,https://www.engvid.com/english-resource/35-words-stress-changes-meaning/
1459,English Vocabulary: What’s on your bucket list?,1-Beginner    slang    vocabulary,https://www.engvid.com/english-vocabulary-bucket-list/
1460,Learn English with the Pac-Man Method!,1-Beginner    2-Intermediate    3-Advanced    culture & tips,https://www.engvid.com/learn-english-with-the-pac-man-method/
1461,"LOL!! Learn English vocabulary about JOKES: hilarious, dirty joke, LMAO…",2-Intermediate    expressions    slang    vocabulary,https://www.engvid.com/lol-learn-english-vocabulary-about-jokes-hilarious-dirty-joke-lmao/
1462,Real English: How to talk to the POLICE,2-Intermediate    culture & tips    expressions    vocabulary,https://www.engvid.com/real-english-how-to-talk-to-the-police/
1463,"Do you know these business abbreviations? CEO, Inc., Ltd., HR…",2-Intermediate    business english    vocabulary,https://www.engvid.com/business-abbreviations/
1464,Learn English with STAR WARS!,2-Intermediate    comprehension    culture & tips    vocabulary,https://www.engvid.com/learn-english-with-star-wars/
1465,English Vocabulary: How to talk about the economy,3-Advanced    business english    vocabulary,https://www.engvid.com/english-vocabulary-how-to-talk-about-the-economy/
1466,"British measurements: pints, feet, Celsius, and more!",3-Advanced    culture & tips,https://www.engvid.com/british-measurements-pints-feet-celsius-and-more/
1467,English Slang: fresh from the bakery!,2-Intermediate    slang,https://www.engvid.com/english-slang-fresh-from-the-bakery/
1468,English for Beginners: Keep in touch!,1-Beginner    expressions,https://www.engvid.com/english-for-beginners-keep-in-touch/
1469,How to tell a story like a native English speaker,3-Advanced    culture & tips    expressions    speaking,https://www.engvid.com/how-to-tell-a-story-like-a-native-english-speaker/
1470,Learn English Tenses: 4 ways to talk about the FUTURE,2-Intermediate    grammar,https://www.engvid.com/learn-english-tenses-4-ways-to-talk-about-the-future/
1471,"Easy English Lesson: turn on, turn off, turn up, turn down",1-Beginner    grammar    vocabulary,https://www.engvid.com/easy-english-lesson-turn-on-turn-off-turn-up-turn-down/
1472,English Grammar: Using PRESENT PERFECT Tense with ‘NEVER’,3-Advanced    grammar,https://www.engvid.com/english-grammar-present-perfect-tense-never/
1473,TOEFL Writing – Task 1,3-Advanced    TOEFL,https://www.engvid.com/toefl-writing-task-1/
1474,Interjections! Yay! Hmm? What are they?,2-Intermediate    3-Advanced    culture & tips    expressions    vocabulary,https://www.engvid.com/interjections-what-are-they/
1475,Turn NOUNS & VERBS into ADJECTIVES,2-Intermediate    grammar,https://www.engvid.com/turn-nouns-verbs-into-adjectives/
1476,Learn English with THE HUNGER GAMES!,2-Intermediate    comprehension    culture & tips    vocabulary,https://www.engvid.com/learn-english-with-the-hunger-games/
1477,Learn English: The 20-Minute Method,1-Beginner    2-Intermediate    3-Advanced    culture & tips,https://www.engvid.com/learn-english-the-20-minute-method/
1478,Speak English Naturally: Silent Syllables,3-Advanced    pronunciation,https://www.engvid.com/speak-english-naturally-silent-syllables/
1479,How to learn English with YouTube!,1-Beginner    2-Intermediate    3-Advanced    culture & tips,https://www.engvid.com/how-to-learn-english-with-youtube/
1480,Do you know these DAY & NIGHT idioms in English?,2-Intermediate    expressions,https://www.engvid.com/day-night-idioms-english/
1481,Differences between American & British spelling,3-Advanced    culture & tips    writing,https://www.engvid.com/differences-between-american-british-spelling/
1482,Improve Your English Vocabulary: 6 ways to say ‘WANT’,1-Beginner    2-Intermediate    expressions    slang    vocabulary,https://www.engvid.com/improve-your-english-vocabulary-6-ways-to-say-want/
1483,Learn English with a poem!,2-Intermediate    3-Advanced    culture & tips    vocabulary,https://www.engvid.com/learn-english-with-a-poem/
1484,How to talk about DREAMS in English,1-Beginner    2-Intermediate    vocabulary,https://www.engvid.com/how-to-talk-about-dreams-in-english/
1485,Learn EATING Vocabulary in English,1-Beginner    vocabulary,https://www.engvid.com/learn-eating-vocabulary-in-english/
1486,What to say at your job interview,3-Advanced    business english    culture & tips    expressions,https://www.engvid.com/what-to-say-at-your-job-interview/
1487,14 English expressions about SLEEP,2-Intermediate    expressions,https://www.engvid.com/14-english-expressions-about-sleep/
1488,100+ Basic Business Questions & Answers,English resource    business english,https://www.engvid.com/english-resource/100-basic-business-questions-answers/
1489,Talking about your profession in English: 3 easy ways & 3 advanced ways,1-Beginner    2-Intermediate    business english    speaking,https://www.engvid.com/talking-about-your-profession-in-english/
1490,Phone English – Leaving VOICEMAIL,3-Advanced    expressions    speaking,https://www.engvid.com/phone-english-leaving-voicemail/
1491,Advanced English Grammar: Dependent Clauses,3-Advanced    grammar    writing,https://www.engvid.com/advanced-english-grammar-dependent-clauses/
1492,English Vocabulary: Many ways to use the word ‘BACK’,1-Beginner    expressions    vocabulary,https://www.engvid.com/english-vocabulary-back/
1493,Sex Slang: Paying for it!,2-Intermediate    slang    vocabulary,https://www.engvid.com/sex-slang-paying-for-it/
1494,English Expressions: 5 Popular English Proverbs,2-Intermediate    expressions,https://www.engvid.com/english-expressions-5-popular-english-proverbs/
1495,University English: Expressions and Vocabulary,2-Intermediate    expressions    speaking    vocabulary,https://www.engvid.com/university-english-expressions-vocabulary/
1496,"Writing Skills: When to use commas with FOR, AND, BUT, OR, YET, SO, NOR",3-Advanced    grammar    writing,https://www.engvid.com/writing-skills-commas-conjunctions/
1497,Improve your Vocabulary – English verbs ending with ‘en’,English resource    2-Intermediate    culture & tips    vocabulary,https://www.engvid.com/english-resource/vocabulary-hack-verbs-ending-with-en/
1498,Vocabulary Hack: Learn 30+ Verbs in 10 minutes!,2-Intermediate    3-Advanced    culture & tips    vocabulary,https://www.engvid.com/vocabulary-hack-learn-30-verbs-in-10-minutes/
1499,Social English Vocabulary & Expressions,2-Intermediate    culture & tips    expressions    slang,https://www.engvid.com/social-english-vocabulary-expressions/
1500,"Confusing Words – affect & effect, compliment & complement, and more!",3-Advanced    vocabulary,https://www.engvid.com/confusing-words-affect-effect-compliment-complement-and-more/
1501,Speaking English – How to talk about STRESS,2-Intermediate    expressions    speaking    vocabulary,https://www.engvid.com/speaking-english-stress/
1502,Learn CONTINUOUS TENSES in English the EASY way!,1-Beginner    grammar,https://www.engvid.com/learn-continuous-tenses-in-english-the-easy-way/
1503,English Vocabulary: Talking about AUTUMN,1-Beginner    vocabulary,https://www.engvid.com/english-vocabulary-autumn/
1504,IELTS Listening – How to get a high score,3-Advanced    IELTS,https://www.engvid.com/ielts-listening-how-to-get-a-high-score/
1505,Sound like a Native English Speaker: Tapping,3-Advanced    pronunciation,https://www.engvid.com/sound-like-a-native-english-speaker-tapping/
1506,"Speaking English – How to talk about borrowing, lending, and property",2-Intermediate    expressions    vocabulary,https://www.engvid.com/speaking-english-borrowing-lending-property/
1507,When NOT to use prepositions in English!,2-Intermediate    grammar,https://www.engvid.com/when-not-to-use-prepositions-in-english/
1508,Learn English with a bad newspaper!,2-Intermediate    expressions    slang,https://www.engvid.com/learn-english-tabloids/
1509,"Phrasal Verbs with BACK: “back up”, “back off”, “back out”…",1-Beginner    expressions    vocabulary,https://www.engvid.com/phrasal-verbs-back/
1510,"How and when to use DO, DOES, and DID",1-Beginner    grammar,https://www.engvid.com/do-does-did/
1511,Improve your English the CRAZY way!!!,1-Beginner    2-Intermediate    3-Advanced    culture & tips,https://www.engvid.com/improve-your-english-the-crazy-way/
1512,English Grammar: Should you use DO or BE?,1-Beginner    grammar,https://www.engvid.com/english-grammar-do-or-be/
1513,Learn English Vocabulary: The people you will meet at UNIVERSITY,1-Beginner    culture & tips    IELTS    TOEFL    vocabulary,https://www.engvid.com/english-vocabulary-people-at-university/
1514,Speaking English – How to give criticism and compliments,3-Advanced    expressions    vocabulary,https://www.engvid.com/speaking-english-criticism-compliments/
1515,8 Common Grammar Mistakes in English,2-Intermediate    3-Advanced    grammar,https://www.engvid.com/8-common-grammar-mistakes-in-english/
1516,How to use “If I had…” in English,2-Intermediate    grammar,https://www.engvid.com/english-grammar-if-i-had/
1517,IELTS VOCABULARY – Task 1,3-Advanced    IELTS    vocabulary,https://www.engvid.com/ielts-vocabulary-task-1/
1518,Polite English: How to ask people to repeat themselves,1-Beginner    expressions    vocabulary,https://www.engvid.com/polite-english-how-to-ask-people-to-repeat-themselves/
1519,REDHEADS: Discover the world of GINGERS,2-Intermediate    culture & tips    slang    vocabulary,https://www.engvid.com/redheads-gingers-vocabulary/
1520,English Vocabulary: Talking about SPORTS!,1-Beginner    vocabulary,https://www.engvid.com/english-vocabulary-sports/
1521,Job Skills: Prepare your English CV for a job in the UK,2-Intermediate    business english    culture & tips,https://www.engvid.com/job-skills-uk-cv/
1522,CONCLUSIONS – How to finish speaking in English,2-Intermediate    expressions    speaking    vocabulary,https://www.engvid.com/conclusions-how-to-finish-speaking-in-english/
1523,3 Commonly Confused WORD PAIRS in English,2-Intermediate    vocabulary,https://www.engvid.com/3-commonly-confused-word-pairs/
1524,Spelling of Plural Nouns in English,English resource    writing,https://www.engvid.com/english-resource/spelling-of-plural-nouns-in-english/
1525,How to spell plural nouns easily,2-Intermediate    grammar,https://www.engvid.com/spelling-plural-nouns/
1526,Learn 30 adjectives in English to describe your personality,1-Beginner    vocabulary,https://www.engvid.com/30-personality-adjectives/
1527,Grammar: How to use IF & WHETHER properly,3-Advanced    grammar,https://www.engvid.com/grammar-if-whether/
1528,10 ways to use the verb ‘KEEP’ in English,1-Beginner    2-Intermediate    expressions    vocabulary,https://www.engvid.com/10-ways-to-use-verb-keep/
1529,Learn English – Dressing up WRONG!,1-Beginner    expressions,https://www.engvid.com/expressions-for-wardrobe-malfunctions/
1530,50 Common Proverbs in English,English resource    expressions,https://www.engvid.com/english-resource/50-common-proverbs-sayings/
1531,5 common sayings in English,1-Beginner    2-Intermediate    expressions,https://www.engvid.com/5-common-sayings-in-english/
1532,"How to express opposing ideas in English: despite, although, nevertheless, in spite of…",3-Advanced    grammar    vocabulary    writing,https://www.engvid.com/how-to-express-opposing-ideas-in-english/
1533,Learn Vocabulary: English words that come from other languages,1-Beginner    vocabulary,https://www.engvid.com/learn-vocabulary-english-words-from-other-languages/
1534,English Grammar: “supposed to” & “going to”,2-Intermediate    grammar,https://www.engvid.com/english-grammar-supposed-to-going-to/
1535,Conversation Skills – Understand PHONE conversations in English,2-Intermediate    business english    expressions    speaking,https://www.engvid.com/conversation-skills-understand-phone-conversations-in-english/
1536,Business English Vocabulary: The Stock Market,2-Intermediate    3-Advanced    business english    expressions    vocabulary,https://www.engvid.com/business-english-vocabulary-stock-market/
1537,The Influence of Shakespeare on everyday English,3-Advanced    culture & tips    expressions,https://www.engvid.com/shakespeare-everyday-english/
1538,"Learn to use reported speech: HE SAID, SHE SAID",2-Intermediate    grammar,https://www.engvid.com/reported-speech-he-said-she-said/
1539,Talking about CLOTHES in English: Vocabulary about SHIRTS,1-Beginner    vocabulary,https://www.engvid.com/english-vocabulary-shirts/
1540,Go from BORING to INTERESTING with English rhythm,3-Advanced    culture & tips    pronunciation    vocabulary,https://www.engvid.com/english-rhythm/
1541,Phrasal Verbs and Expressions about FOOD,1-Beginner    2-Intermediate    expressions    vocabulary,https://www.engvid.com/phrasal-verbs-expressions-food/
1542,The difference between THIS and THAT,2-Intermediate    grammar,https://www.engvid.com/learn-english-difference-this-that/
1543,8 Idioms with “HAVE” in English,2-Intermediate    expressions,https://www.engvid.com/8-idioms-have-english/
1544,Learn English Punctuation: How to use hyphens with compound adjectives,3-Advanced    grammar    writing,https://www.engvid.com/learn-english-punctuation-hyphens-compound-adjectives/
1545,6 ways to talk about a missed situation: “I was going to”,2-Intermediate    expressions    grammar    speaking,https://www.engvid.com/missed-situation-i-was-going-to/
1546,English Vocabulary: In the GARDEN,1-Beginner    vocabulary,https://www.engvid.com/english-vocabulary-in-the-garden/
1547,English Vocabulary: Talking about broken ♥ hearts 💔,2-Intermediate    expressions    vocabulary,https://www.engvid.com/english-vocabulary-broken-hearts/
1548,"Speak English Naturally with WOULD contractions: I’D, YOU’D, HE’D…",1-Beginner    grammar    pronunciation,https://www.engvid.com/speak-english-would-contractions/
1549,Idioms and expressions in English with “SUIT”,2-Intermediate    expressions    vocabulary,https://www.engvid.com/english-idioms-expressions-suit/
1550,Common English Grammar Errors with Plurals,2-Intermediate    grammar,https://www.engvid.com/common-english-grammar-errors-with-plurals/
1551,Real English: KITCHEN and COOKING Vocabulary,1-Beginner    culture & tips    vocabulary,https://www.engvid.com/real-english-kitchen-cooking-vocabulary/
1552,English Vocabulary for EXERCISING at the GYM,1-Beginner    expressions    vocabulary,https://www.engvid.com/english-vocabulary-exercise-gym/
1553,How to pronounce J & Y in English,1-Beginner    2-Intermediate    pronunciation,https://www.engvid.com/how-to-pronounce-j-y-in-english/
1554,Grammar: 6 ways to use WILL,2-Intermediate    grammar    speaking,https://www.engvid.com/grammar-6-ways-to-use-will/
1555,Grammar: How to use TO with transitive verbs,3-Advanced    grammar,https://www.engvid.com/grammar-to-transitive-verbs/
1556,Learn English: 8 TEST & EXAM Expressions,1-Beginner    expressions    vocabulary,https://www.engvid.com/learn-english-8-test-exam-expressions/
1557,WEDDING & MARRIAGE Vocabulary in English,1-Beginner    vocabulary,https://www.engvid.com/wedding-marriage-vocabulary/
1558,Advanced Vocabulary of CAUSE & EFFECT,3-Advanced    expressions    vocabulary,https://www.engvid.com/advanced-vocabulary-cause-effect/
1559,IELTS – 3 Reading Strategies,3-Advanced    IELTS,https://www.engvid.com/ielts-3-reading-strategies/
1560,12 expressions with COLOURS in English,2-Intermediate    expressions    vocabulary,https://www.engvid.com/12-expressions-with-colours-in-english/
1561,Learn the FUTURE PROGRESSIVE TENSE in English,2-Intermediate    grammar,https://www.engvid.com/future-progressive-tense/
1562,English Vocabulary: Talking about BUGS and INSECTS,1-Beginner    vocabulary,https://www.engvid.com/english-vocabulary-bugs-insects/
1563,Sound like a Native Speaker: Compound Nouns,2-Intermediate    pronunciation    speaking,https://www.engvid.com/pronouncing-compound-nouns/
1564,3 ways to pronounce the QU sound in English,1-Beginner    pronunciation,https://www.engvid.com/3-ways-to-pronounce-the-qu-sound-in-english/
1565,Learn English: “No matter…”,2-Intermediate    speaking    vocabulary,https://www.engvid.com/learn-english-no-matter/
1566,Learn POLITE expressions in English – Don’t be RUDE!,2-Intermediate    3-Advanced    culture & tips    expressions    vocabulary,https://www.engvid.com/polite-english-dont-be-rude/
1567,Speak as clearly as an actor,1-Beginner    2-Intermediate    3-Advanced    culture & tips    pronunciation    speaking,https://www.engvid.com/speak-as-clearly-as-an-actor/
1568,Talking about DRUGS in English,2-Intermediate    3-Advanced    culture & tips    expressions    slang,https://www.engvid.com/talking-about-drugs-in-english/
1569,English Vocabulary: Talking about RAIN,1-Beginner    expressions    vocabulary,https://www.engvid.com/english-vocabulary-talking-about-rain/
1570,British Street Slang,2-Intermediate    3-Advanced    culture & tips    slang,https://www.engvid.com/british-street-slang/
1571,Help! I’m not improving my English!,2-Intermediate    culture & tips    speaking    writing,https://www.engvid.com/help-im-not-improving-my-english/
1572,Vocabulary and expressions about HANDS in English,1-Beginner    expressions    vocabulary,https://www.engvid.com/hands-vocabulary-expressions/
1573,Learn English: 5 ‘WORLD’ Idioms,1-Beginner    expressions,https://www.engvid.com/learn-english-5-world-idioms/
1574,"Phrasal Verbs with TAKE: “take to”, “take in”, “take after”…",2-Intermediate    expressions    vocabulary,https://www.engvid.com/phrasal-verbs-take/
1575,TOEFL iBT: Independent Speaking Task – 5 Ways to Succeed,3-Advanced    TOEFL,https://www.engvid.com/toefl-ibt-independent-speaking-task/
1576,English Vocabulary: other words for LIKE and DON’T LIKE,1-Beginner    expressions    vocabulary,https://www.engvid.com/english-vocabulary-like-dont-like/
1577,3 ways to pronounce the EX sound in English,1-Beginner,https://www.engvid.com/3-ways-to-pronounce-ex/
1578,12 Common Errors in Academic English – and how to fix them!,3-Advanced    writing,https://www.engvid.com/12-common-errors-in-academic-english/
1579,IELTS Success: Writing Effective Paragraphs,2-Intermediate    IELTS    TOEIC    writing,https://www.engvid.com/ielts-writing-effective-paragraphs/
1580,Learn MEDICAL Vocabulary in English,1-Beginner    vocabulary,https://www.engvid.com/learn-medical-vocabulary-in-english/
1581,Learn to make plans with the FUTURE PROGRESSIVE tense,2-Intermediate    grammar,https://www.engvid.com/learn-to-make-plans-with-the-future-progressive-tense/
1582,How to speak naturally in English: Reduction Mistakes,3-Advanced    pronunciation    slang,https://www.engvid.com/how-to-speak-naturally-in-english-reduction-mistakes/
1583,"6 Phrasal Verbs with HANG: hang on, hang up, hang out…",2-Intermediate    expressions    vocabulary,https://www.engvid.com/6-phrasal-verbs-hang/
1584,Vocabulary: How to talk about ADVANTAGES and DISADVANTAGES,2-Intermediate    IELTS    TOEFL    vocabulary,https://www.engvid.com/vocabulary-advantages-disadvantages/
1585,The Secret to English Vocabulary – How to remember more,1-Beginner    2-Intermediate    3-Advanced    culture & tips    vocabulary,https://www.engvid.com/the-secret-to-remembering-english-vocabulary/
1586,Learn English Grammar: How to use SO & SO THAT,3-Advanced    grammar,https://www.engvid.com/english-grammar-so-that/
1587,Vocabulary: Talking about CLOTHES in English,1-Beginner    culture & tips    expressions    vocabulary,https://www.engvid.com/english-vocabulary-clothes/
1588,How to give the BEST speech or presentation in English,1-Beginner    2-Intermediate    3-Advanced    business english    speaking,https://www.engvid.com/how-to-give-the-best-speech-or-presentation-in-english/
1589,Improve your vocabulary: Synonyms for “small” in English,1-Beginner    vocabulary,https://www.engvid.com/vocabulary-synonyms-for-small/
1590,Learn 11 ANGRY Phrasal Verbs in English,2-Intermediate    expressions    vocabulary,https://www.engvid.com/11-angry-phrasal-verbs/
1591,8 Tips for British English Pronunciation,3-Advanced    culture & tips    pronunciation,https://www.engvid.com/8-tips-for-british-english-pronunciation/
1592,Business English – 6 common idioms,3-Advanced    business english    expressions,https://www.engvid.com/business-english-6-common-idioms/
1593,"English Grammar: Negative Prefixes – “un”, “dis”, “in”, “im”, “non”",3-Advanced    vocabulary,https://www.engvid.com/english-grammar-negative-prefixes/
1594,Learn Real English – How to pay with DEBIT or CREDIT CARDS,1-Beginner    culture & tips    vocabulary,https://www.engvid.com/learn-real-english-debit-credit-cards/
1595,Grammar: Active and Passive Gerunds,3-Advanced    grammar,https://www.engvid.com/grammar-active-passive-gerunds/
1596,IELTS: Top 10 Spelling Mistakes,2-Intermediate    IELTS    writing,https://www.engvid.com/ielts-top-10-spelling-mistakes/
1597,Basic English: Learn the difference between BECAUSE and SO,2-Intermediate    grammar,https://www.engvid.com/english-basics-because-so/
1598,Polite English: Show people you care: “You must be…”,2-Intermediate    culture & tips    expressions    speaking,https://www.engvid.com/polite-english-you-must-be/
1599,Classroom English: Vocabulary & Expressions for Students,1-Beginner    speaking    vocabulary,https://www.engvid.com/classroom-english/
1600,Real English: Phrases for finding an apartment,2-Intermediate    culture & tips    expressions    vocabulary,https://www.engvid.com/real-english-phrases-for-finding-an-apartment/
1601,How not to swear!,1-Beginner    2-Intermediate    3-Advanced    slang,https://www.engvid.com/how-not-to-swear/
1602,Grammar: Active and Passive Infinitives,3-Advanced    grammar,https://www.engvid.com/active-and-passive-infinitives/
1603,Learn Slang: 10 SHIT Expressions,1-Beginner    2-Intermediate    3-Advanced    expressions    slang    vocabulary,https://www.engvid.com/learn-slang-10-shit-expressions/
1604,How to Write IELTS Essay Introductions – The Quick & Easy Way!,3-Advanced    IELTS    writing,https://www.engvid.com/how-to-write-ielts-essay-introductions/
1605,IMPERATIVES – How to give commands in English,2-Intermediate    3-Advanced    culture & tips    grammar    speaking,https://www.engvid.com/how-to-give-commands-in-english/
1606,Learn 10 Easy English Commands,1-Beginner    speaking    vocabulary,https://www.engvid.com/10-easy-english-commands/
1607,100 Phrasal Verbs Used as Commands,English resource    expressions    vocabulary,https://www.engvid.com/english-resource/100-phrasal-verbs-used-as-commands/
1608,"Phrasal Verbs – LOOK: look up, look after, look out…",2-Intermediate    expressions,https://www.engvid.com/phrasal-verbs-look/
1609,IELTS Success – Studying Academic English at a School,2-Intermediate    3-Advanced    culture & tips    Exams    IELTS    TOEFL,https://www.engvid.com/ielts-academic-english-school/
1610,How to learn grammar – any grammar!!!,1-Beginner    2-Intermediate    3-Advanced    grammar,https://www.engvid.com/how-to-learn-any-grammar/
1611,Learn English Vocabulary: Talking about your nose!,2-Intermediate    vocabulary,https://www.engvid.com/learn-english-vocabulary-talking-about-your-nose/
1612,Power Poses for Exam & Interview Success!,1-Beginner    2-Intermediate    business english    culture & tips    Exams,https://www.engvid.com/power-poses/
1613,What grammar mistakes do native speakers make?,2-Intermediate    3-Advanced    grammar,https://www.engvid.com/native-speaker-grammar-mistakes/
1614,Learn English: Words with many meanings,2-Intermediate    grammar    vocabulary,https://www.engvid.com/learn-english-words-with-many-meanings/
1615,Real English – Ordering food on the phone,2-Intermediate    culture & tips,https://www.engvid.com/real-english-ordering-food-on-the-phone/
1616,War & Military Vocabulary: Understand the news,2-Intermediate    vocabulary,https://www.engvid.com/war-military-vocabulary/
1617,Political vocabulary and expressions in English,3-Advanced    expressions    vocabulary,https://www.engvid.com/political-vocabulary-expressions/
1618,How to send a letter in English,1-Beginner    culture & tips,https://www.engvid.com/send-a-letter/
1619,Don’t make these mistakes in English!,1-Beginner    2-Intermediate    grammar,https://www.engvid.com/dont-make-these-mistakes/
1620,Writing – 6 ways to compare,2-Intermediate    IELTS    TOEFL    vocabulary    writing,https://www.engvid.com/writing-6-ways-to-compare/
1621,Welcome to London – Tour around Covent Garden,1-Beginner    2-Intermediate    3-Advanced    culture & tips,https://www.engvid.com/welcome-to-london-covent-garden/
1622,Conversation Skills: What’s your communication style?,2-Intermediate    culture & tips    speaking,https://www.engvid.com/conversation-skills-whats-your-communication-style/
1623,12 IELTS Speaking Tips,2-Intermediate    IELTS,https://www.engvid.com/12-ielts-speaking-tips/
1624,Travel English: How to go through customs at the airport,2-Intermediate    culture & tips    vocabulary,https://www.engvid.com/travel-english-airport-customs/
1625,Top words for your JOB INTERVIEW & RESUME,3-Advanced    business english    vocabulary,https://www.engvid.com/top-words-for-your-job-interview-resume/
1626,Learn English: Does the C sound like S or K?,1-Beginner    2-Intermediate    pronunciation,https://www.engvid.com/learn-english-c-s-or-k/
1627,Learn vocabulary about CARS in English,2-Intermediate    vocabulary,https://www.engvid.com/car-vocabulary-english/
1628,How to succeed on IELTS Reading,2-Intermediate    IELTS,https://www.engvid.com/how-to-succeed-on-ielts-reading/
1629,Learn English Expressions: What are binomials?,2-Intermediate    expressions,https://www.engvid.com/learn-english-expressions-binomials/
1630,How to introduce yourself & other people,1-Beginner    culture & tips    speaking,https://www.engvid.com/how-to-introduce-yourself-other-people/
1631,"Phrasal Verbs – FALL: fall for, fall in, fall behind, fall through…",2-Intermediate    expressions    vocabulary,https://www.engvid.com/phrasal-verbs-fall/
1632,EMERGENCY Vocabulary in English,1-Beginner    culture & tips    vocabulary,https://www.engvid.com/emergency-vocabulary-in-english/
1633,English Grammar – 5 Ways to Use Infinitives,3-Advanced    grammar,https://www.engvid.com/english-grammar-5-ways-to-use-infinitives/
1634,Pronunciation: -ION Word Endings,2-Intermediate    pronunciation,https://www.engvid.com/pronunciation-ion-word-endings/
1635,How to talk about an article in English,2-Intermediate    business english    expressions    vocabulary,https://www.engvid.com/how-to-talk-about-an-article-in-english/
1636,Basic English vocabulary for cleaning your house,1-Beginner    expressions    vocabulary,https://www.engvid.com/basic-english-vocabulary-cleaning-your-house/
1637,Extreme English!,2-Intermediate    expressions    slang    speaking,https://www.engvid.com/extreme-english/
1638,IELTS – How to manage your time,3-Advanced    culture & tips    IELTS,https://www.engvid.com/ielts-time-management/
1639,Grammar: Reported Speech / Indirect Speech,3-Advanced    grammar,https://www.engvid.com/grammar-reported-speech-indirect-speech/
1640,Learn Real English – SHOPPING,2-Intermediate    comprehension    pronunciation,https://www.engvid.com/learn-real-english-shopping/
1641,English Vocabulary: Talking about FEAR,2-Intermediate    expressions    vocabulary,https://www.engvid.com/english-vocabulary-fear-2/
1642,CAE Cambridge English Exam – All You Need to Know,2-Intermediate    IELTS,https://www.engvid.com/cambridge-english-exam/
1643,Learn 5 easy HAT idioms in English,2-Intermediate    expressions,https://www.engvid.com/5-hat-idioms/
1644,Learn English with the News: Cyber Crime,3-Advanced    vocabulary,https://www.engvid.com/cyber-crime/
1645,"Vocabulary – look, look like, look alike, look as if…",2-Intermediate    vocabulary,https://www.engvid.com/vocabulary-look/
1646,Speak English naturally by using filler phrases,2-Intermediate    expressions    speaking,https://www.engvid.com/speak-english-naturally-by-using-filler-phrases/
1647,15 Fishy Expressions in English,1-Beginner    expressions    slang,https://www.engvid.com/15-fishy-expressions-in-english/
1648,Improve your Accent: Tongue Twisters,2-Intermediate    pronunciation,https://www.engvid.com/improve-your-accent-tongue-twisters/
1649,How to show authority – Causative Verbs,3-Advanced    grammar,https://www.engvid.com/how-to-show-authority-causative-verbs/
1650,50 Tongue Twisters to improve pronunciation in English,English resource    3-Advanced    pronunciation,https://www.engvid.com/english-resource/50-tongue-twisters-improve-pronunciation/
1651,Learn English Grammar: Modals – “could” or “should”?,2-Intermediate    grammar,https://www.engvid.com/learn-english-grammar-modals-could-or-should/
1652,6 Idioms about People,2-Intermediate    expressions,https://www.engvid.com/6-idioms-about-people/
1653,TOEFL & IELTS skills – Notetaking,3-Advanced    culture & tips    IELTS    TOEFL,https://www.engvid.com/toefl-ielts-skills-notetaking/
1654,Sound more fluent in English – Hesitation devices,1-Beginner    culture & tips    expressions    speaking,https://www.engvid.com/sound-more-fluent-in-english-hesitation-devices/
1655,Conversation Skills: DON’T BE SHY!,1-Beginner    2-Intermediate    3-Advanced    culture & tips    speaking,https://www.engvid.com/conversation-skills-dont-be-shy/
1656,5 ‘RUN’ expressions in English,2-Intermediate    expressions,https://www.engvid.com/5-run-expressions-in-english/
1657,IELTS Reading: Top 10 Tips,2-Intermediate    IELTS,https://www.engvid.com/ielts-reading-top-10-tips/
1658,How to say NO! Communication skills that work,1-Beginner    2-Intermediate    3-Advanced    culture & tips    speaking,https://www.engvid.com/how-to-say-no/
1659,Speaking English – “I wish I had…”,2-Intermediate    expressions    grammar,https://www.engvid.com/speaking-english-i-wish-i-had/
1660,"Vocabulary – Weather, climate, and natural disasters",2-Intermediate    vocabulary,https://www.engvid.com/vocabulary-weather-climate-natural-disasters/
1661,Studying English at a Language School,1-Beginner    2-Intermediate    3-Advanced    culture & tips    IELTS    speaking,https://www.engvid.com/studying-english-language-school-london/
1662,GETTING HIGH with Ronnie!,1-Beginner    2-Intermediate    3-Advanced    culture & tips    slang    vocabulary,https://www.engvid.com/getting-high-with-ronnie/
1663,"Talking about women you like – SEXY, HOT, SMOKING, CUTE, FREAKY",2-Intermediate    culture & tips    expressions    vocabulary,https://www.engvid.com/talking-about-women-you-like/
1664,Confusing Words: MISS or LOSE?,2-Intermediate    vocabulary,https://www.engvid.com/confusing-words-miss-or-lose/
1665,British Slang: INSULTS & childish sayings,2-Intermediate    culture & tips    expressions    slang    vocabulary,https://www.engvid.com/british-slang-insults-childish-sayings/
1666,8 English Sentences: Find the Mistakes,1-Beginner    2-Intermediate    grammar,https://www.engvid.com/8-english-sentences-find-the-mistakes/
1667,Talking about LOVE & relationships in English: I got dumped!,2-Intermediate    expressions,https://www.engvid.com/love-relationships-getting-dumped/
1668,"Vocabulary – Tools & hardware: screw, hammer, wrench, level…",1-Beginner    vocabulary,https://www.engvid.com/vocabulary-tools-hardware/
1669,English Vocabulary: Compound Adjectives to describe people,2-Intermediate    grammar    vocabulary,https://www.engvid.com/english-vocabulary-compound-adjectives/
1670,English Expressions: three-word phrasal verbs,2-Intermediate    expressions    vocabulary,https://www.engvid.com/english-expressions-three-word-phrasal-verbs/
1671,Speaking English: Advanced Pronunciation,3-Advanced    pronunciation,https://www.engvid.com/speaking-english-advanced-pronunciation/
1672,What are proverbs? 7 common sayings in English,2-Intermediate    culture & tips    expressions,https://www.engvid.com/what-are-proverbs-7-common-sayings-in-english/
1673,IELTS Writing Task 1 – What to write!,3-Advanced    IELTS    writing,https://www.engvid.com/ielts-writing-task-1/
1674,Speaking English: How to say CH & SH,1-Beginner    pronunciation,https://www.engvid.com/speaking-english-ch-sh/
1675,"12 Phrasal Verbs about CLOTHES: dress up, try on, take off…",1-Beginner    expressions    vocabulary,https://www.engvid.com/12-phrasal-verbs-clothes/
1676,Conversation Skills – How to STEAL a conversation,2-Intermediate    3-Advanced    culture & tips    speaking,https://www.engvid.com/conversation-skills-how-to-steal-a-conversation/
1677,Basic English Grammar: What is an auxiliary verb?,1-Beginner    grammar,https://www.engvid.com/basic-english-grammar-auxiliary-verb/
1678,Real English – How to complain about a problem,2-Intermediate    culture & tips    speaking,https://www.engvid.com/real-english-how-to-complain-about-a-problem/
1679,"10 HOLD Phrasal Verbs: hold up, hold to, hold out…",2-Intermediate    expressions    vocabulary,https://www.engvid.com/10-hold-phrasal-verbs/
1680,IELTS Speaking: The Secret Method,3-Advanced    IELTS    speaking,https://www.engvid.com/ielts-speaking-the-secret-method/
1681,LGBT – Gay Vocabulary in English,1-Beginner    2-Intermediate    3-Advanced    culture & tips    slang    vocabulary,https://www.engvid.com/lgbt-gay-vocabulary-in-english/
1682,English Vocabulary: “BIG” synonyms,2-Intermediate    vocabulary,https://www.engvid.com/english-vocabulary-big-synonyms/
1683,Talking about men you like,2-Intermediate    expressions    speaking,https://www.engvid.com/talking-about-men-you-like/
1684,9 basic phrases to talk about cleaning up,1-Beginner    vocabulary,https://www.engvid.com/9-basic-phrases-for-cleaning-up/
1685,What’s your learning style? The BEST way for YOU to learn a language.,2-Intermediate    culture & tips,https://www.engvid.com/whats-your-learning-style/
1686,English Prepositions: In or On?,1-Beginner    grammar,https://www.engvid.com/english-prepositions-in-or-on/
1687,How to sound like a native speaker: THE SECRET,1-Beginner    2-Intermediate    3-Advanced    pronunciation,https://www.engvid.com/how-to-sound-like-a-native-speaker-the-secret/
1688,"English Grammar: has, have, have got",2-Intermediate    grammar,https://www.engvid.com/has-have-have-got/
1689,FOOTBALL Vocabulary,1-Beginner    vocabulary,https://www.engvid.com/football-vocabulary/
1690,5 verbs to make you sound smart,3-Advanced    vocabulary,https://www.engvid.com/5-verbs-to-make-you-sound-smart/
1691,IELTS Reading,2-Intermediate    IELTS,https://www.engvid.com/ielts-reading/
1692,7 FACE expressions in English,2-Intermediate    expressions,https://www.engvid.com/7-face-expressions-in-english/
1693,Make yourself more interesting – Using informal intensifiers,2-Intermediate    slang    speaking    vocabulary,https://www.engvid.com/make-yourself-more-interesting-informal-intensifiers/
1694,Polite English: What to call people,1-Beginner    2-Intermediate    3-Advanced    culture & tips    speaking,https://www.engvid.com/what-to-call-people/
1695,English Grammar: The Sentence,3-Advanced    grammar    writing,https://www.engvid.com/english-grammar-the-sentence/
1696,English Tenses: How to use PRESENT PERFECT and PAST SIMPLE,2-Intermediate    grammar,https://www.engvid.com/english-tenses-present-perfect-present-simple/
1697,English Vocabulary: Beauty and makeup,1-Beginner    2-Intermediate    3-Advanced,https://www.engvid.com/english-vocabulary-beauty-and-makeup/
1698,Learn English – 5 “DOWN” Idioms,2-Intermediate    expressions,https://www.engvid.com/5-down-idioms/
1699,Talking shit with Emma,1-Beginner    2-Intermediate    3-Advanced    expressions    slang    vocabulary,https://www.engvid.com/talking-shit-with-emma/
1700,Basic rules to improve your spelling,2-Intermediate    grammar    writing,https://www.engvid.com/basic-rules-to-improve-your-spelling/
1701,How to do a job interview on Skype,3-Advanced    business english,https://www.engvid.com/how-to-do-a-job-interview-on-skype/
1702,How to talk about a topic intelligently,2-Intermediate    speaking    writing,https://www.engvid.com/how-to-talk-about-a-topic-intelligently/
1703,Learn English Grammar: EACH OTHER & ONE ANOTHER,3-Advanced    grammar    vocabulary,https://www.engvid.com/learn-english-grammar-each-other-one-another/
1704,English Pronunciation for Russian Speakers,1-Beginner    2-Intermediate    3-Advanced    pronunciation,https://www.engvid.com/english-pronunciation-for-russian-speakers/
1705,Learn English – How to make the ‘PH’ sound,1-Beginner    pronunciation,https://www.engvid.com/learn-english-pronunciation-ph/
1706,IELTS & TOEFL Academic Vocabulary – Adjectives (AWL),3-Advanced    IELTS    TOEFL    vocabulary,https://www.engvid.com/elts-toefl-academic-vocabulary-adjectives/
1707,10 Common Driving Expressions,2-Intermediate    expressions    speaking    vocabulary,https://www.engvid.com/10-common-driving-expressions/
1708,"Mind Maps – How to learn vocabulary quickly, easily, and permanently",1-Beginner    2-Intermediate    3-Advanced    culture & tips,https://www.engvid.com/mind-maps-how-to-learn-vocabulary/
1709,How to make someone feel better,3-Advanced    speaking,https://www.engvid.com/how-to-make-someone-feel-better/
1710,Learn English – 6 fun idioms about DREAMS,2-Intermediate    expressions,https://www.engvid.com/learn-english-idioms-dreams/
1711,English Travel Vocabulary: Planning a trip,2-Intermediate    vocabulary,https://www.engvid.com/english-travel-vocabulary-planning-a-trip/
1712,Conversation Skills: How to agree or disagree,2-Intermediate    expressions    speaking,https://www.engvid.com/conversation-skills-agree-disagree/
1713,Learn English vocabulary in the BATHROOM :),1-Beginner    vocabulary,https://www.engvid.com/english-vocabulary-bathroom/
1714,5 nouns to make you sound smart,3-Advanced    vocabulary,https://www.engvid.com/5-nouns-to-sound-smart/
1715,Telephone English: How to take or give a message,2-Intermediate    expressions    speaking,https://www.engvid.com/telephone-english-how-to-take-or-give-a-message/
1716,How to talk about DEATH in English,2-Intermediate    culture & tips    vocabulary,https://www.engvid.com/how-to-talk-about-death-in-english/
1717,"Confusing Words – Me, Myself, I",2-Intermediate    grammar    vocabulary,https://www.engvid.com/confusing-words-me-myself-i/
1718,Confusing words: VERY & TOO,2-Intermediate    vocabulary,https://www.engvid.com/confusing-words-very-too/
1719,"Learn Punctuation: period, exclamation mark, question mark",2-Intermediate    grammar    writing,https://www.engvid.com/learn-punctuation-period-exclamation-mark-question-mark/
1720,How to talk like the boss,3-Advanced    business english    expressions    vocabulary,https://www.engvid.com/how-to-talk-like-the-boss/
1721,Negative Questions in English,3-Advanced    grammar    speaking,https://www.engvid.com/negative-questions-in-english/
1722,"How to Give Advice in English – recommend, suggest, advise, encourage…",2-Intermediate    grammar    vocabulary,https://www.engvid.com/how-to-give-advice-in-english/
1723,IELTS Listening – Top 14 tips!,2-Intermediate    IELTS,https://www.engvid.com/ielts-listening-top-10-tips/
1724,How to be an effective speaker: BE SPECIFIC!,3-Advanced    speaking,https://www.engvid.com/effective-speaking-be-specific/
1725,Business English: Mixing Business with Pleasure!,3-Advanced    business english    culture & tips    speaking,https://www.engvid.com/business-english-mixing-business-with-pleasure/
1726,7 colorful English idioms,1-Beginner    2-Intermediate    vocabulary,https://www.engvid.com/7-colorful-english-idioms/
1727,"Speaking English: How to say P, F, B, V",1-Beginner    pronunciation,https://www.engvid.com/speaking-english-p-f-b-v/
1728,3 ways to use ‘HAVE GOT’ in English,2-Intermediate    grammar,https://www.engvid.com/3-ways-to-use-have-got/
1729,Learn English: 10 common Spanish speaker mistakes,1-Beginner    2-Intermediate    3-Advanced    culture & tips    pronunciation    speaking,https://www.engvid.com/10-spanish-speaker-mistakes/
1730,Animal idioms and expressions in English,2-Intermediate    expressions,https://www.engvid.com/animal-idioms-expressions/
1731,Grammar: 8 rules for using ‘THE’ in English,2-Intermediate    grammar,https://www.engvid.com/grammar-8-rules-the/
1732,English Vocabulary – Redundant Expressions,2-Intermediate    culture & tips    vocabulary,https://www.engvid.com/english-vocabulary-redundant-expressions/
1733,English Vocabulary Errors: Redundancies,English resource    grammar    vocabulary,https://www.engvid.com/english-resource/redundancies/
1734,"English Grammar – Inversion: “Had I known…”, “Should you need…”",3-Advanced    grammar    writing,https://www.engvid.com/english-grammar-inversion/
1735,Conversation Skills – How to avoid a conversation!,1-Beginner    2-Intermediate    3-Advanced    culture & tips    speaking,https://www.engvid.com/how-to-avoid-a-conversation/
1736,"5 Phrasal Verbs with HOLD – hold on, hold against, hold in…",2-Intermediate    expressions,https://www.engvid.com/5-phrasal-verbs-hold/
1737,Speaking English – How to answer the phone,2-Intermediate    expressions    speaking,https://www.engvid.com/speaking-english-how-to-answer-the-phone/
1738,What does the word ‘SURE’ really mean in English?,2-Intermediate    vocabulary,https://www.engvid.com/english-vocabulary-sure/
1739,American English & British English – 8 Grammar Differences,2-Intermediate    grammar    speaking,https://www.engvid.com/american-english-british-english-8-grammar-differences/
1740,Conversation Skills – How to END a conversation politely,2-Intermediate    business english    culture & tips    speaking,https://www.engvid.com/ending-conversations-politely/
1741,How to say -ed endings in English,1-Beginner    pronunciation,https://www.engvid.com/how-to-say-ed-endings-in-english/
1742,What is St. Patrick’s Day?,1-Beginner    2-Intermediate    3-Advanced    culture & tips,https://www.engvid.com/st-patricks-day/
1743,5 adjectives to sound smart,3-Advanced    vocabulary,https://www.engvid.com/5-adjectives-to-sound-smart/
1744,IELTS Listening,2-Intermediate    IELTS,https://www.engvid.com/ielts-listening/
1745,How to use apostrophes in English,2-Intermediate    writing,https://www.engvid.com/how-to-use-apostrophes/
1746,Grammar: How to ask questions correctly in English – Embedded Questions,2-Intermediate    grammar,https://www.engvid.com/grammar-embedded-questions/
1747,Internet Safety,1-Beginner    2-Intermediate    3-Advanced    culture & tips,https://www.engvid.com/internet-safety/
1748,English Grammar – Causative,3-Advanced    grammar,https://www.engvid.com/english-grammar-causative/
1749,IELTS & TOEFL Academic Vocabulary – Nouns (AWL),3-Advanced    IELTS    TOEFL    vocabulary,https://www.engvid.com/ielts-toefl-academic-vocabulary-nouns/
1750,Learn English: 10 abbreviations you should know,2-Intermediate    expressions    vocabulary    writing,https://www.engvid.com/learn-english-abbreviations/
1751,"How to choose a textbook, so you can learn English at home",1-Beginner    2-Intermediate    3-Advanced    culture & tips,https://www.engvid.com/how-to-choose-a-textbook/
1752,Sound like a native speaker: the BEST pronunciation advice,3-Advanced    pronunciation,https://www.engvid.com/elision-the-best-pronunciation-advice/
1753,IELTS & TOEFL – The easy way to improve your vocabulary for English exams,2-Intermediate    culture & tips    IELTS    TOEFL    TOEIC,https://www.engvid.com/ielts-toefl-improve-your-vocabulary/
1754,IELTS & TOEFL Vocabulary – 142 Adjectives,English resource    IELTS    TOEFL    vocabulary,https://www.engvid.com/english-resource/ielts-toefl-vocabulary-adjectives/
1755,Vocabulary – Talking about MOVIES in English,1-Beginner    culture & tips    vocabulary,https://www.engvid.com/vocabulary-talking-about-movies-in-english/
1756,SEX with Ronnie!,1-Beginner    2-Intermediate    3-Advanced    slang,https://www.engvid.com/sex-with-ronnie/
1757,"English Grammar: Causative Verbs: Make, Have, Let, Get, Help",2-Intermediate    grammar,https://www.engvid.com/english-grammar-causative-verbs/
1758,Telephone English: Emma’s top tips,2-Intermediate    culture & tips    speaking,https://www.engvid.com/telephone-english/
1759,English Grammar – Word Endings – What are suffixes?,2-Intermediate    grammar    vocabulary,https://www.engvid.com/english-grammar-suffixes/
1760,"IELTS, CAE, or FCE? Which English exam should you take?",2-Intermediate    3-Advanced    Exams    IELTS,https://www.engvid.com/ielts-cae-fce/
1761,Speaking English – 8 ways to be positive & encourage others,2-Intermediate    expressions    speaking,https://www.engvid.com/speaking-english-8-ways-to-be-positive/
1762,Advanced English Grammar: Collective Nouns,3-Advanced    grammar    vocabulary,https://www.engvid.com/advanced-english-grammar-collective-nouns/
1763,Learn English: Basic Kitchen Vocabulary,1-Beginner    vocabulary,https://www.engvid.com/basic-kitchen-vocabulary/
1764,"English Grammar: Subject-Verb Agreement with EACH, EVERY, ANY, SOME",2-Intermediate    grammar,https://www.engvid.com/english-grammar-subject-verb-agreement-each-every-any-some/
1765,How to sound like a native speaker – Word Stress,3-Advanced    culture & tips    pronunciation,https://www.engvid.com/word-stress/
1766,Speaking English: WHILE or MEANWHILE?,2-Intermediate    grammar,https://www.engvid.com/while-meanwhile/
1767,3 Quick Grammar Fixes,1-Beginner    grammar,https://www.engvid.com/3-quick-grammar-fixes/
1768,3 ways to express negative ideas POWERFULLY,3-Advanced    grammar    writing,https://www.engvid.com/express-negative-ideas-powerfully/
1769,"9 TURN Phrasal Verbs: turn on, turn off, turn over, turn around, turn out…",2-Intermediate    expressions    vocabulary,https://www.engvid.com/turn-phrasal-verbs/
1770,How to make suggestions in English,2-Intermediate    grammar    speaking,https://www.engvid.com/how-to-make-suggestions-in-english/
1771,How to talk about prices in English – Basic Vocabulary,1-Beginner    vocabulary,https://www.engvid.com/prices-vocabulary/
1772,Vocabulary: How to Use ‘Aggravate’ and ‘Annoy’,2-Intermediate    vocabulary,https://www.engvid.com/vocabulary-aggravate-annoy/
1773,10 HEAVEN Expressions in English,1-Beginner    expressions,https://www.engvid.com/10-heaven-expressions/
1774,"Confusing Sex & Gender Words in English – girlfriend, guys, partner…",2-Intermediate    culture & tips    vocabulary,https://www.engvid.com/confusing-gender-words-in-english/
1775,The BEST way for YOU to learn English – Extrovert or Introvert?,2-Intermediate    3-Advanced    culture & tips,https://www.engvid.com/extrovert-introvert/
1776,Speaking English: How to express your reaction,1-Beginner    expressions    speaking,https://www.engvid.com/speaking-english-express-reactions/
1777,"Cooking Vocabulary in English – chop, grill, saute, boil, slice…",2-Intermediate    vocabulary,https://www.engvid.com/cooking-vocabulary/
1778,"English Vocabulary – Bad Eyesight: glasses, contacts, optometrist, eye doctor…",2-Intermediate    vocabulary,https://www.engvid.com/english-vocabulary-bad-eyesight/
1779,Speaking English – “Dress up” or “Get dressed”?,1-Beginner    grammar    vocabulary,https://www.engvid.com/dress-up-get-dressed/
1780,Learn English: “last year” OR “in the last year”,2-Intermediate    grammar,https://www.engvid.com/last-year-or-in-the-last-year/
1781,Learn English – Travel Vocabulary,1-Beginner    vocabulary,https://www.engvid.com/travel-vocabulary/
1782,Business English – How to talk about your career,3-Advanced    business english    TOEIC    vocabulary,https://www.engvid.com/business-english-how-to-talk-about-your-career/
1783,Writing – Misplaced Modifiers,3-Advanced    grammar    writing,https://www.engvid.com/writing-misplaced-modifiers/
1784,"Transportation Vocabulary & Phrasal Verbs – GET ON, GET OUT OF, RIDE, GO",1-Beginner    expressions    vocabulary,https://www.engvid.com/transportation-vocabulary-phrasal-verbs/
1785,Phrasal Verbs: The 7 Meanings of ‘Make Out’,2-Intermediate    expressions,https://www.engvid.com/phrasal-verbs-make-out/
1786,Exclamations in English!!!,1-Beginner    expressions    grammar    speaking    vocabulary,https://www.engvid.com/exclamations-in-english/
1787,3 easy ways to get better at speaking English,1-Beginner    2-Intermediate    3-Advanced    culture & tips,https://www.engvid.com/get-better-at-speaking-english/
1788,How to express your opinion in English,2-Intermediate    3-Advanced    business english    culture & tips    expressions,https://www.engvid.com/how-to-express-your-opinion-in-english/
1789,"English Vocabulary – EVEN: even though, even if, even when…",2-Intermediate    vocabulary,https://www.engvid.com/english-vocabulary-even/
1790,"Basic English Grammar: Pronouns – SHE, HER, HE, HIS",1-Beginner    grammar,https://www.engvid.com/personal-pronouns/
1791,Academic Word List (IELTS & TOEFL),English resource    IELTS    TOEFL    vocabulary,https://www.engvid.com/english-resource/academic-word-list/
1792,IELTS & TOEFL Academic Vocabulary – Verbs (AWL),2-Intermediate    IELTS    TOEFL    vocabulary,https://www.engvid.com/ielts-toefl-academic-vocabulary-verbs/
1793,"IELTS Reading strategies: True, False, Not Given",2-Intermediate    IELTS,https://www.engvid.com/ielts-reading-strategies/
1794,How to use your dictionary to build your vocabulary,1-Beginner    2-Intermediate    3-Advanced    culture & tips    vocabulary,https://www.engvid.com/dictionary-vocabulary/
1795,Learn English – 6 common idioms about TIME,2-Intermediate    expressions,https://www.engvid.com/6-time-idioms/
1796,TO or FOR? Prepositions in English,2-Intermediate    grammar,https://www.engvid.com/to-or-for/
1797,Thanksgiving – What is it?,1-Beginner    2-Intermediate    3-Advanced    culture & tips    vocabulary,https://www.engvid.com/thanksgiving/
1798,Learn English – 5 ‘KEEP’ Idioms,2-Intermediate    expressions,https://www.engvid.com/5-keep-idioms/
1799,Writing Letters: formal & informal English,2-Intermediate    business english    IELTS    writing,https://www.engvid.com/writing-letters-formal-informal-english/
1800,Formal & Informal English,English resource    vocabulary    writing,https://www.engvid.com/english-resource/formal-informal-english/
1801,6 ways to fix your bad English,1-Beginner    2-Intermediate    3-Advanced    culture & tips    grammar,https://www.engvid.com/6-ways-to-fix-your-bad-english/
1802,"English Grammar – Prepositions to say where you live: AT, ON, IN",1-Beginner    grammar    speaking,https://www.engvid.com/english-grammar-prepositions-at-on-in/
1803,"10 GET Phrasal Verbs: get down, get off, get through, get up, get away…",2-Intermediate    expressions    vocabulary,https://www.engvid.com/10-get-phrasal-verbs/
1804,What books should I read to improve my English?,2-Intermediate    culture & tips    vocabulary,https://www.engvid.com/books-to-improve-english/
1805,What the hell is Halloween?,1-Beginner    2-Intermediate    3-Advanced    culture & tips,https://www.engvid.com/what-the-hell-is-halloween/
1806,The secret to remembering vocabulary,1-Beginner    culture & tips    expressions    vocabulary,https://www.engvid.com/the-secret-to-remembering-vocabulary/
1807,Improve your social skills with Bar English!!!,2-Intermediate    expressions    vocabulary,https://www.engvid.com/bar-english/
1808,Bad Manners: What NOT to say or do (Polite English),2-Intermediate    3-Advanced    business english    culture & tips,https://www.engvid.com/bad-manners-polite-english/
1809,3 tips for sounding like a native speaker,2-Intermediate    3-Advanced    culture & tips    pronunciation,https://www.engvid.com/3-tips-for-sounding-like-a-native-speaker/
1810,Conversation Skills – Giving your opinion,1-Beginner    2-Intermediate    speaking,https://www.engvid.com/conversation-skills-giving-your-opinion/
1811,English Grammar – 6 Ways to Use Gerunds,3-Advanced    grammar,https://www.engvid.com/6-ways-to-use-gerunds/
1812,"Pronunciation – Silent T: often, listen, castle…",2-Intermediate    pronunciation,https://www.engvid.com/pronunciation-silent-t/
1813,5 conversation phrasal verbs you need to know,2-Intermediate    expressions,https://www.engvid.com/5-conversation-phrasal-verbs/
1814,Good Manners: What to Say and Do (Polite English),2-Intermediate    3-Advanced    business english    culture & tips,https://www.engvid.com/good-manners-polite-english/
1815,IELTS & TOEFL Writing Task 2 – The Introduction,3-Advanced    IELTS    TOEFL    writing,https://www.engvid.com/ielts-toefl-writing-task-2-introduction/
1816,How to write a basic paragraph,1-Beginner    writing,https://www.engvid.com/how-to-write-a-basic-paragraph/
1817,5 Common English Learner Mistakes,2-Intermediate    grammar,https://www.engvid.com/5-common-mistakes/
1818,10 Weather Expressions in English,2-Intermediate    expressions    vocabulary,https://www.engvid.com/10-weather-expressions/
1819,Basic English vocabulary for restaurants,1-Beginner    vocabulary,https://www.engvid.com/basic-english-vocabulary-restaurants/
1820,Speaking English – How to use “so” and “neither”,2-Intermediate    grammar    speaking,https://www.engvid.com/speaking-english-so-neither/
1821,English Vocabulary: 12 Internet words,2-Intermediate    vocabulary,https://www.engvid.com/english-vocabulary-12-internet-words/
1822,OLD SCHOOL Vocabulary… too formal!,1-Beginner    slang    vocabulary,https://www.engvid.com/old-school-vocabulary/
1823,Grammar: When to use “bad” and “badly” in English,2-Intermediate    grammar,https://www.engvid.com/bad-badly/
1824,English Grammar: Past Simple Time Markers,2-Intermediate    grammar    writing,https://www.engvid.com/english-grammar-past-simple-time-markers/
1825,"3 tricks for learning English – prepositions, vocabulary, structure",1-Beginner    2-Intermediate    3-Advanced    culture & tips,https://www.engvid.com/3-tricks-for-learning-english/
1826,Improve your English with the “Magic of 3”,3-Advanced    culture & tips    speaking    writing,https://www.engvid.com/improve-your-english-magic-of-3/
1827,Comparing: funner & faster or more fun & more fast?,2-Intermediate    grammar    vocabulary,https://www.engvid.com/comparing-funner-faster-syllables/
1828,Pronunciation – V & W,1-Beginner    pronunciation,https://www.engvid.com/pronunciation-v-w/
1829,"4 Phrasal Verbs with PUT – put up, put on, put away, put together",2-Intermediate    expressions,https://www.engvid.com/4-phrasal-verbs-put/
1830,10 WORK Expressions in English,1-Beginner    expressions,https://www.engvid.com/10-work-expressions-in-english/
1831,Learn English – What are prefixes?,2-Intermediate    vocabulary,https://www.engvid.com/learn-english-prefixes/
1832,10 ways to say “I don’t know” in English,2-Intermediate    speaking,https://www.engvid.com/10-ways-to-say-i-dont-know-in-english/
1833,"8 ‘head’ phrasal verbs – head up, head out, head off…",2-Intermediate    expressions    vocabulary,https://www.engvid.com/phrasal-verbs-head/
1834,English Vocabulary – In the bedroom…,1-Beginner    vocabulary,https://www.engvid.com/english-vocabulary-bedroom/
1835,How to use ‘too’ and ‘enough’ in English,2-Intermediate    grammar,https://www.engvid.com/too-enough/
1836,IELTS & TOEFL – How to give your opinion,2-Intermediate    expressions    IELTS    speaking    TOEFL    vocabulary    writing,https://www.engvid.com/ielts-toefl-opinion/
1837,Learn English – What do you do for fun?,1-Beginner    expressions    speaking,https://www.engvid.com/learn-english-what-do-you-do-for-fun/
1838,Speaking English – How to use idiomatic pairs,2-Intermediate    expressions    vocabulary,https://www.engvid.com/speaking-english-idiomatic-pairs/
1839,Alex thanks YOU,1-Beginner    2-Intermediate    3-Advanced    culture & tips,https://www.engvid.com/alex-thanks-you/
1840,"6 confusing words – small & little, big & large, tall & high",1-Beginner    vocabulary,https://www.engvid.com/6-confusing-words-small-little-big-large-tall-high/
1841,Speaking English – Going to the dentist,2-Intermediate    vocabulary,https://www.engvid.com/speaking-english-dentist/
1842,5 Common Idioms with ‘OUT’,2-Intermediate    expressions,https://www.engvid.com/5-common-idioms-with-out/
1843,How to write numbers in English – 6 common mistakes,3-Advanced    pronunciation    writing,https://www.engvid.com/writing-numbers-6-common-mistakes/
1844,“OUT” Phrasal Verbs – Business English,2-Intermediate    business english    expressions    vocabulary,https://www.engvid.com/out-phrasal-verbs/
1845,How to give a presentation in English,3-Advanced    business english    speaking,https://www.engvid.com/how-to-give-a-presentation/
1846,Writing Skills: The Paragraph,3-Advanced    writing,https://www.engvid.com/writing-skills-paragraph/
1847,When NOT to use ‘to’ in English,2-Intermediate    grammar,https://www.engvid.com/when-not-to-use-to/
1848,3 ways to use ‘as long as’ – English Grammar,2-Intermediate    grammar    vocabulary,https://www.engvid.com/as-long-as/
1849,IELTS Speaking Task 3 – How to get a high score,3-Advanced    IELTS    speaking,https://www.engvid.com/ielts-speaking-task-3/
1850,Basic shopping vocabulary in English,1-Beginner    vocabulary,https://www.engvid.com/basic-shopping-vocabulary/
1851,Speaking English – How to use “unless”,2-Intermediate    grammar,https://www.engvid.com/speaking-english-unless/
1852,Basic English Vocabulary – GET,1-Beginner    grammar    vocabulary,https://www.engvid.com/basic-english-vocabulary-get/
1853,Improve your conversation skills with WH questions,1-Beginner    culture & tips    speaking,https://www.engvid.com/conversation-skills-wh-questions/
1854,When to use ‘good’ and ‘well’ – English Vocabulary,1-Beginner    grammar,https://www.engvid.com/good-well/
1855,English Grammar – REMEMBER & FORGET – gerunds & infinitives,2-Intermediate    grammar    vocabulary,https://www.engvid.com/remember-forget-gerunds-infinitives/
1856,Work out your English!,1-Beginner    2-Intermediate    3-Advanced    culture & tips,https://www.engvid.com/work-out-your-english/
1857,6 idioms about TALKING,2-Intermediate    expressions,https://www.engvid.com/6-idioms-about-talking/
1858,How to increase your vocabulary,1-Beginner    2-Intermediate    culture & tips    IELTS    TOEFL    vocabulary,https://www.engvid.com/how-to-increase-your-vocabulary/
1859,"Pronunciation – N, KN",1-Beginner    pronunciation,https://www.engvid.com/pronunciation-n-kn/
1860,Spelling – Rules for Third Person ‘S’,1-Beginner    writing,https://www.engvid.com/spelling-third-person-s/
1861,IELTS Speaking Task 2 – How to succeed,3-Advanced    IELTS    speaking,https://www.engvid.com/ielts-speaking-task-2-how-to-succeed/
1862,“OFF” Phrasal Verbs – Business English,2-Intermediate    business english    expressions    vocabulary,https://www.engvid.com/off-phrasal-verbs-business-english/
1863,How to change Basic English into Business English,2-Intermediate    business english    vocabulary,https://www.engvid.com/how-to-change-basic-english-into-business-english/
1864,"Writing – Transitions – THEREFORE, THUS, CONSEQUENTLY",3-Advanced    writing,https://www.engvid.com/writing-transitions-therefore-thus-consequently/
1865,Money slang in English $$$,1-Beginner    slang    vocabulary,https://www.engvid.com/money-slang/
1866,How to use START and BEGIN in English (Vocabulary),2-Intermediate    vocabulary,https://www.engvid.com/start-begin/
1867,"English Vocabulary – ABOUT, ABOUT TO, NOT ABOUT TO",2-Intermediate    expressions    vocabulary,https://www.engvid.com/english-vocabulary-about-to/
1868,"Speaking English – DEAL expressions – “big deal”, “deal with it”…",2-Intermediate    expressions,https://www.engvid.com/speaking-english-deal-expressions/
1869,How to discuss a topic in a group,2-Intermediate    3-Advanced    business english    culture & tips    expressions    speaking,https://www.engvid.com/how-to-discuss-a-topic-in-a-group/
1870,Learn English – ALL or WHOLE?,2-Intermediate    grammar,https://www.engvid.com/all-whole/
1871,"Basic English Grammar – TOO MUCH, TOO MANY, A LOT OF",1-Beginner    grammar,https://www.engvid.com/basic-english-grammar-too-much-too-many-a-lot-of/
1872,5 Native English Speaker Mistakes,3-Advanced    grammar,https://www.engvid.com/5-native-english-speaker-mistakes/
1873,IELTS Speaking Task 1 – How to get a high score,3-Advanced    IELTS,https://www.engvid.com/ielts-speaking-task-1/
1874,"Vocabulary: ONLY, JUST, BARELY, MERELY",2-Intermediate    vocabulary,https://www.engvid.com/vocabulary-only-just-barely-merely/
1875,“AT ALL!” – How to make a strong point in English!,1-Beginner    expressions    speaking    vocabulary,https://www.engvid.com/at-all/
1876,Basic English Vocabulary – SEEM,1-Beginner    grammar    vocabulary,https://www.engvid.com/basic-english-vocabulary-seem/
1877,"Slang in English – CHILL – “chill out”, “let’s chill”…",1-Beginner    slang    vocabulary,https://www.engvid.com/english-slang-chill/
1878,"5 Phrasal Verbs with GET – get up, get along, get ahead, get by…",2-Intermediate,https://www.engvid.com/5-phrasal-verbs-get/
1879,English Grammar – “try to do” or “try doing”?,2-Intermediate    grammar,https://www.engvid.com/try-to-do-try-doing/
1880,"Vocabulary – REMEMBER, RECALL, REMIND",3-Advanced    vocabulary,https://www.engvid.com/vocabulary-remember-recall-remind/
1881,5 ways to say YES in English!,1-Beginner    expressions    vocabulary,https://www.engvid.com/5-ways-to-say-yes/
1882,English Grammar – UNLESS & IF NOT – negative conditional,3-Advanced    grammar,https://www.engvid.com/english-grammar-negative-conditional/
1883,Pronunciation – QU,1-Beginner    pronunciation,https://www.engvid.com/pronunciation-qu/
1884,Learn English with 5 Jokes,3-Advanced    comprehension    speaking    vocabulary,https://www.engvid.com/learn-english-with-5-jokes/
1885,Vocabulary – Beside & Besides,2-Intermediate    grammar    vocabulary,https://www.engvid.com/vocabulary-beside-besides/
1886,"Phrasal verbs – OFF – make off, get off, pull off…",2-Intermediate    expressions    vocabulary,https://www.engvid.com/phrasal-verbs-off/
1887,Introduction to the TOEIC,2-Intermediate    business english    TOEIC,https://www.engvid.com/introduction-to-the-toeic/
1888,English Grammar – comparing with LIKE & AS,3-Advanced    grammar    vocabulary,https://www.engvid.com/english-grammar-comparing-with-like-as/
1889,How to change a verb into a noun!,2-Intermediate    grammar    vocabulary,https://www.engvid.com/change-verbs-into-nouns/
1890,Writing – Passive verbs with ‘that’ clauses – “It is thought that…”,3-Advanced    grammar    writing,https://www.engvid.com/writing-passive-verbs-that-clauses/
1891,IELTS & TOEFL Vocabulary – Technology,2-Intermediate    IELTS    TOEFL    vocabulary    writing,https://www.engvid.com/technology-vocabulary/
1892,Alright or All right?,2-Intermediate    grammar,https://www.engvid.com/alright-all-right/
1893,Polite English: How to offer help,2-Intermediate    expressions    speaking,https://www.engvid.com/polite-english-how-to-offer-help/
1894,"Writing – Transitions – in addition, moreover, furthermore, another",3-Advanced    IELTS    TOEFL    writing,https://www.engvid.com/writing-transitions/
1895,"Pronunciation – words ending with X, T, CK",1-Beginner    2-Intermediate    3-Advanced    pronunciation,https://www.engvid.com/pronunciation-x-t-ck/
1896,English Vocabulary – CATS & DOGS,2-Intermediate    vocabulary,https://www.engvid.com/vocabulary-cats-dogs/
1897,Between or Among?,2-Intermediate    grammar    vocabulary,https://www.engvid.com/between-or-among/
1898,Pronunciation Tricks – The Magic E,2-Intermediate    pronunciation,https://www.engvid.com/pronunciation-tricks-the-magic-e/
1899,Basic English Grammar – Find the 5 mistakes!,1-Beginner    culture & tips    grammar,https://www.engvid.com/basic-english-grammar-find-the-5-mistakes/
1900,Everyday or every day?,2-Intermediate    vocabulary,https://www.engvid.com/everyday-or-every-day/
1901,Basic MATH vocabulary in English,1-Beginner    vocabulary,https://www.engvid.com/basic-math-vocabulary/
1902,Verbs Followed by Gerunds and Infinitives,English resource    grammar,https://www.engvid.com/english-resource/verbs-followed-by-gerunds-and-infinitives/
1903,10 common verbs followed by gerunds,2-Intermediate    grammar,https://www.engvid.com/10-common-verbs-followed-by-gerunds/
1904,6 tips for dealing with speaking anxiety,1-Beginner    2-Intermediate    3-Advanced    culture & tips    speaking,https://www.engvid.com/6-tips-for-dealing-with-speaking-anxiety/
1905,A WHILE or AWHILE?,3-Advanced    grammar    vocabulary,https://www.engvid.com/a-while-or-awhile/
1906,Speaking English: The easy way to ask questions,1-Beginner    culture & tips    grammar,https://www.engvid.com/the-easy-way-to-ask-questions/
1907,"‘Knock’ in Phrasal Verbs – knock out, knock up, knock over…",1-Beginner    expressions    vocabulary,https://www.engvid.com/phrasal-verbs-knock/
1908,"6 Confusing Words: fun & funny, famous & popular, surprise & shock",2-Intermediate    vocabulary,https://www.engvid.com/6-confusing-words/
1909,Advanced English Grammar – Adjective Clauses + Quantifiers,3-Advanced    grammar,https://www.engvid.com/adjective-clauses-quantifiers/
1910,13 BOOK Expressions in English,2-Intermediate    expressions,https://www.engvid.com/13-book-expressions/
1911,4 ways to understand more in English,3-Advanced    comprehension    culture & tips,https://www.engvid.com/4-listening-comprehension-tips/
1912,English Grammar Tricks – Countable & Uncountable Nouns,2-Intermediate    grammar    vocabulary,https://www.engvid.com/countable-uncountable-nouns/
1913,English Vocabulary – ACTUALLY,1-Beginner    vocabulary,https://www.engvid.com/english-vocabulary-actually/
1914,100 Common Job Interview Questions,English resource    business english    culture & tips,https://www.engvid.com/english-resource/100-common-job-interview-questions/
1915,How to pronounce ‘H’ in English — not ‘A’ or ‘R’!,1-Beginner    pronunciation,https://www.engvid.com/pronunciation-h/
1916,Less or Fewer?,3-Advanced    grammar,https://www.engvid.com/less-or-fewer/
1917,Speaking English – Going to the hairdresser,1-Beginner    expressions    vocabulary,https://www.engvid.com/speaking-english-going-to-the-hairdresser/
1918,“I seen it” and other stupid mistakes,2-Intermediate    culture & tips    grammar,https://www.engvid.com/i-seen-it-and-other-stupid-mistakes/
1919,Basic English Grammar – Can you find the errors?,1-Beginner    culture & tips    grammar,https://www.engvid.com/basic-english-grammar-find-the-errors/
1920,English Grammar – “I wish…” – Subjunctive,3-Advanced    grammar    vocabulary,https://www.engvid.com/wish-subjunctive/
1921,Tenses in English – Future or Present Continuous?,3-Advanced    grammar,https://www.engvid.com/tenses-in-english-future-or-present-continuous/
1922,10 common verbs followed by infinitives,1-Beginner    grammar,https://www.engvid.com/10-verbs-followed-by-infinitives/
1923,5 tips to improve your writing,2-Intermediate    business english    TOEFL    writing,https://www.engvid.com/5-tips-to-improve-your-writing/
1924,TOO and SO: How to use them properly,2-Intermediate    grammar,https://www.engvid.com/too-or-so/
1925,Conversational English – How to Generalize,2-Intermediate    3-Advanced    vocabulary    writing,https://www.engvid.com/conversational-english-how-to-generalize/
1926,"Vocabulary – though, although, even though, despite, in spite of",2-Intermediate    vocabulary,https://www.engvid.com/vocabulary-though/
1927,Vowel Pronunciation – A & O,1-Beginner    pronunciation,https://www.engvid.com/pronunciation-a-o/
1928,Farther or Further?,2-Intermediate    grammar,https://www.engvid.com/farther-further/
1929,“I stopped smoking” or “I stopped to smoke”?,2-Intermediate    grammar    vocabulary,https://www.engvid.com/stopped-or-stopped-to/
1930,"English Vocabulary Pyramid – VENT – adventure, convenient, eventually…",2-Intermediate    vocabulary,https://www.engvid.com/vocabulary-pyramid-vent/
1931,"Conversational English – Adjective Pairs – “Short and sweet”, etc.",1-Beginner    speaking    vocabulary,https://www.engvid.com/conversational-english-adjective-pairs/
1932,"Vocabulary – LIVE, LIFE, ALIVE, LIVING",2-Intermediate    vocabulary,https://www.engvid.com/vocabulary-life/
1933,How to Remember Vocabulary,1-Beginner    2-Intermediate    3-Advanced    culture & tips    vocabulary,https://www.engvid.com/how-to-remember-vocabulary/
1934,When to use ‘THE’ with country names,2-Intermediate    grammar,https://www.engvid.com/when-to-use-the-with-country-names/
1935,"When to use ‘the’ with country names (+ lakes, rivers, and more)",English resource    vocabulary    writing,https://www.engvid.com/english-resource/the-with-country-names-lakes-rivers/
1936,How to talk about children: Common Expressions,2-Intermediate    IELTS    speaking    TOEFL    vocabulary    writing,https://www.engvid.com/children-common-expressions/
1937,Assume or Presume?,3-Advanced    vocabulary,https://www.engvid.com/assume-or-presume/
1938,Conversational English – Asking “How about…?”,2-Intermediate    speaking,https://www.engvid.com/conversational-english-how-about/
1939,"Writing – How to use ETC., AND SO ON, …",2-Intermediate    vocabulary    writing,https://www.engvid.com/etc-so-on-ellipsis/
1940,Vowel Pronunciation – u (uh/oo),1-Beginner    2-Intermediate    pronunciation,https://www.engvid.com/vowel-pronunciation-u/
1941,"When to use ‘THE’ with names of seas, oceans, and rivers",2-Intermediate    grammar,https://www.engvid.com/when-to-use-the-with-bodies-of-water/
1942,5 useful email expressions,2-Intermediate    business english    expressions    writing,https://www.engvid.com/5-useful-email-expressions/
1943,Reading skills that work – for tests and in class,1-Beginner    2-Intermediate    3-Advanced    culture & tips,https://www.engvid.com/reading-skills-that-work/
1944,Conversation Skills – The secret to successful socializing,2-Intermediate    culture & tips    speaking,https://www.engvid.com/conversation-skills-socializing/
1945,"Speaking English – TOO MUCH, ENOUGH, NOT ENOUGH",1-Beginner    grammar    vocabulary,https://www.engvid.com/too-much-not-enough/
1946,Speaking English – Bad Habits,1-Beginner    culture & tips    expressions    vocabulary,https://www.engvid.com/bad-habits/
1947,"Pronunciation – TH – through, weather, lethal, breath, breathe",1-Beginner    pronunciation,https://www.engvid.com/pronunciation-th/
1948,Then or Than?,1-Beginner    grammar    vocabulary    writing,https://www.engvid.com/then-than/
1949,How to talk about sports in English,2-Intermediate    vocabulary,https://www.engvid.com/sports-vocabulary/
1950,Conversational English – How to make polite requests,1-Beginner    culture & tips    speaking,https://www.engvid.com/conversational-english-polite-requests/
1951,"Vocabulary – WARRANTY, GUARANTEE, REBATE, EXCHANGE, CREDIT",2-Intermediate    vocabulary,https://www.engvid.com/vocabulary-warranty-guarantee/
1952,Conversation Skills – Learn new words and keep a conversation going!,1-Beginner    2-Intermediate    culture & tips    speaking    vocabulary,https://www.engvid.com/conversation-skills-learn-new-words/
1953,Yes/No questions for advanced English students,3-Advanced    grammar    speaking,https://www.engvid.com/advanced-yes-no-questions/
1954,8 things NOT to say to women,2-Intermediate    business english    culture & tips    slang    speaking    vocabulary,https://www.engvid.com/8-things-not-to-say-to-women/
1955,James’s 100th Birthday Party!!!,3-Advanced    vocabulary,https://www.engvid.com/james-100/
1956,Speaking English – Discussing Advantages & Disadvantages,3-Advanced    business english    vocabulary,https://www.engvid.com/advantages-disadvantages/
1957,"Vocabulary – sometimes, sometime, some time, always, all ways",2-Intermediate    vocabulary,https://www.engvid.com/vocabulary-sometimes-always/
1958,Speaking English – Talking about your age,1-Beginner    expressions    grammar    vocabulary,https://www.engvid.com/talking-about-age/
1959,English Vocabulary – WORTH,2-Intermediate    vocabulary,https://www.engvid.com/english-vocabulary-worth/
1960,"A lot, alot, lots, allot",1-Beginner    grammar    vocabulary,https://www.engvid.com/alot/
1961,Speaking English – Clean yourself!!!,2-Intermediate    vocabulary,https://www.engvid.com/speaking-english-clean-yourself/
1962,Basic English Grammar – Using “to be” to describe your life,1-Beginner    grammar    speaking,https://www.engvid.com/use-to-be-to-describe-your-life/
1963,Phrasal Verbs As Nouns,3-Advanced    vocabulary    writing,https://www.engvid.com/phrasal-verbs-as-nouns/
1964,"Basic English Grammar – Noun, Verb, Adjective, Adverb",1-Beginner    grammar,https://www.engvid.com/basics-noun-verb-adjective-adverb/
1965,Adjective & Preposition Combinations (English Grammar),2-Intermediate    grammar,https://www.engvid.com/adjective-preposition-combinations/
1966,"Pronunciation – DU – education, schedule, individual, procedure…",2-Intermediate    pronunciation,https://www.engvid.com/pronunciation-du/
1967,Master English with these 5 questions!,1-Beginner    2-Intermediate    3-Advanced    culture & tips,https://www.engvid.com/master-english-5-questions/
1968,Conversational English – What are Embedded Questions?,2-Intermediate    grammar    speaking,https://www.engvid.com/conversational-english-embedded-questions/
1969,"EITHER, NEITHER, SO, TOO – How to agree and disagree in English",1-Beginner    grammar,https://www.engvid.com/either-neither-so-too/
1970,Vocabulary – Renting an Apartment,1-Beginner    vocabulary,https://www.engvid.com/vocabulary-renting-an-apartment/
1971,"Common Mistakes: SOON, EARLY, QUICK, FAST",1-Beginner    vocabulary,https://www.engvid.com/soon-early-quick-fast/
1972,"English Vocabulary & Slang to talk about AGE: retro, dated, antique, old school",2-Intermediate    slang    vocabulary,https://www.engvid.com/age-slang-vocabulary/
1973,"Vocabulary – Immigrate, Emigrate, Migrate",2-Intermediate    grammar    vocabulary,https://www.engvid.com/vocabulary-immigrate-emigrate-migrate/
1974,AGO & FROM NOW – Talking about time in English,1-Beginner    grammar,https://www.engvid.com/ago-from-now/
1975,Conversational English – So & Such,1-Beginner    grammar    vocabulary,https://www.engvid.com/so-such/
1976,"The Passive: When, why, and how to use it",2-Intermediate    3-Advanced    grammar    IELTS    TOEFL    writing,https://www.engvid.com/the-passive-when-why-and-how-to-use-it/
1977,"Superlative Adjectives – biggest, best, most beautiful, etc.",1-Beginner    grammar,https://www.engvid.com/superlative-adjectives/
1978,Common Mistakes: SHADE or SHADOW?,2-Intermediate    vocabulary,https://www.engvid.com/common-mistakes-shade-shadow/
1979,Possessive Gerunds,3-Advanced    grammar,https://www.engvid.com/possessive-gerunds/
1980,"Pronunciation – TU – culture, lecture, actually, fortune…",2-Intermediate    pronunciation,https://www.engvid.com/pronunciation-tu/
1981,What are the senses in English?,3-Advanced    expressions    vocabulary,https://www.engvid.com/senses-in-english/
1982,Polite English – How to give advice,3-Advanced    business english    speaking,https://www.engvid.com/polite-english-giving-advice/
1983,"Vocabulary – OTHER, ANOTHER, OTHERS, THE OTHER, OTHERWISE",2-Intermediate    grammar    vocabulary,https://www.engvid.com/other-another-otherwise/
1984,Speaking English – How to count syllables,1-Beginner    pronunciation    speaking,https://www.engvid.com/how-to-count-syllables/
1985,5 great ways to improve your English!,1-Beginner    2-Intermediate    culture & tips,https://www.engvid.com/5-great-ways-to-improve-your-english/
1986,Irregular Plural Nouns,1-Beginner    pronunciation    vocabulary,https://www.engvid.com/irregular-plural-nouns/
1987,Grammar Mistakes – GROW or GROW UP?,1-Beginner    grammar    vocabulary,https://www.engvid.com/grow-or-grow-up/
1988,-ING or -ED? Adjective endings in English,3-Advanced    grammar,https://www.engvid.com/adjective-endings-ing-ed/
1989,Using identical pairs to emphasize your point,2-Intermediate    culture & tips    expressions    vocabulary,https://www.engvid.com/identical-pairs/
1990,How to talk about your friends in English,1-Beginner    vocabulary,https://www.engvid.com/how-to-talk-about-your-friends-in-english/
1991,6 words with meanings that will surprise you,1-Beginner    vocabulary,https://www.engvid.com/6-words-meanings-surprise/
1992,Quick Slang – Talking about being excited!,2-Intermediate    slang    vocabulary,https://www.engvid.com/excited-slang/
1993,Grammar Mistakes – LIE or LAY?,3-Advanced    grammar    vocabulary,https://www.engvid.com/lie-or-lay/
1994,How does stress change the meaning of a sentence?,2-Intermediate    comprehension    speaking,https://www.engvid.com/stress-meaning-sentence/
1995,7 Common School Expressions in English,1-Beginner    expressions    vocabulary,https://www.engvid.com/7-common-school-expressions-in-english/
1996,Past Simple & Present Perfect,2-Intermediate    3-Advanced    grammar,https://www.engvid.com/past-simple-present-perfect/
1997,Vocabulary – going to the beach,1-Beginner    vocabulary,https://www.engvid.com/beach-vocabulary/
1998,Listening Comprehension for Beginners – “under the weather”,1-Beginner    comprehension,https://www.engvid.com/listening-comprehension-under-the-weather/
1999,"Cardinal and Ordinal Numbers – FIRST, SECOND, THIRD, FOURTH…",1-Beginner    grammar    pronunciation,https://www.engvid.com/cardinal-and-ordinal-numbers/
2000,Gender-inclusive Language – How to avoid sexism,1-Beginner    2-Intermediate    3-Advanced    culture & tips    grammar    vocabulary    writing,https://www.engvid.com/gender-inclusive-language/
2001,3 common conversation mistakes,2-Intermediate    3-Advanced    culture & tips    speaking,https://www.engvid.com/3-common-conversation-mistakes/
2002,"Prepositions – Arrive AT, ON, or IN?",1-Beginner    grammar,https://www.engvid.com/arrive-at-on-in/
2003,Rude slang for body parts,2-Intermediate    slang,https://www.engvid.com/rude-body-parts-slang/
2004,University degrees in North America,3-Advanced    culture & tips    vocabulary,https://www.engvid.com/university-degrees-in-north-america/
2005,6 Simple Phrasal Verbs,1-Beginner    expressions    vocabulary,https://www.engvid.com/6-simple-phrasal-verbs/
2006,Vocabulary – The Olympics,2-Intermediate    vocabulary,https://www.engvid.com/vocabulary-olympics/
2007,Slang & Vocabulary in English – BLOW,2-Intermediate    slang    vocabulary,https://www.engvid.com/slang-blow/
2008,Speaking English – Pregnancy & Having a Baby,2-Intermediate    vocabulary,https://www.engvid.com/speaking-english-pregnancy-baby/
2009,"A, AN, THE – Articles in English",1-Beginner    grammar,https://www.engvid.com/a-an-the-articles-in-english/
2010,"English Vocabulary – afraid, afraid of, scared of, fear",2-Intermediate    vocabulary,https://www.engvid.com/english-vocabulary-fear/
2011,"Writing – When to use commas with AND, BUT, OR, FOR, SO, YET…",3-Advanced    writing,https://www.engvid.com/commas-coordinating-conjunctions/
2012,Grammar Mistakes – RISE or RAISE?,1-Beginner    grammar    vocabulary,https://www.engvid.com/rise-or-raise/
2013,3 ways to use adverbs,2-Intermediate    grammar,https://www.engvid.com/3-ways-to-use-adverbs/
2014,"4 Grammar Mistakes: MYSELF, YOURSELF & Other Reflexive Pronouns",3-Advanced    grammar,https://www.engvid.com/reflexive-pronoun-mistakes/
2015,Pronunciation – R,1-Beginner    pronunciation,https://www.engvid.com/pronunciation-r/
2016,6 Dog Idioms in English,1-Beginner    expressions,https://www.engvid.com/dog-idioms/
2017,"English Vocabulary – Assure, Ensure, Insure",2-Intermediate    business english    vocabulary,https://www.engvid.com/assure-ensure-insure/
2018,3 rules for improving your English immediately,1-Beginner    2-Intermediate    3-Advanced    culture & tips,https://www.engvid.com/3-rules-for-improving-your-english-immediately/
2019,"Conversational English – Short, easy questions",1-Beginner    grammar    speaking,https://www.engvid.com/conversational-english-short-questions/
2020,British & American English: Food Vocabulary,1-Beginner    2-Intermediate    3-Advanced    vocabulary,https://www.engvid.com/british-american-english-food-vocabulary/
2021,Listening Comprehension – Learn English with dirty jokes,3-Advanced    comprehension    expressions    slang    vocabulary,https://www.engvid.com/listening-comprehension-dirty-jokes/
2022,Internet Vocabulary,2-Intermediate    vocabulary,https://www.engvid.com/internet-vocabulary/
2023,Prepositions in English – OF,2-Intermediate    grammar,https://www.engvid.com/prepositions-in-english-of/
2024,5 common mistakes in spoken English,2-Intermediate    culture & tips    speaking    vocabulary,https://www.engvid.com/5-common-spoken-english-mistakes/
2025,Past Perfect Tense,3-Advanced    grammar,https://www.engvid.com/past-perfect-tense/
2026,How to improve your listening in English,1-Beginner    2-Intermediate    3-Advanced    comprehension    culture & tips,https://www.engvid.com/improve-your-listening-in-english/
2027,Conditionals – second & third conditionals (English Grammar),3-Advanced    grammar,https://www.engvid.com/second-third-conditionals/
2028,SAY & TELL – Reported Speech,2-Intermediate    grammar,https://www.engvid.com/say-tell-reported-speech/
2029,Using the PASSIVE voice in English to avoid responsibility,2-Intermediate    business english    grammar,https://www.engvid.com/passive-responsibility/
2030,Slang in English – SUCK,2-Intermediate    slang    vocabulary,https://www.engvid.com/slang-in-english-suck/
2031,“Sorry!” – 5 ways to apologize in English,1-Beginner    expressions    speaking    vocabulary,https://www.engvid.com/ways-to-apologize-sorry/
2032,Conditionals – zero & first conditionals (English Grammar),2-Intermediate    grammar,https://www.engvid.com/zero-and-first-conditionals/
2033,How to use the word ABOVE in English,1-Beginner    vocabulary,https://www.engvid.com/above-below/
2034,Sort of/Kind of,2-Intermediate    speaking    vocabulary,https://www.engvid.com/sort-of-kind-of/
2035,Writing in English – Comma Splices,3-Advanced    writing,https://www.engvid.com/comma-splices/
2036,The Top 3 English words you need to know – MAKE,2-Intermediate    grammar,https://www.engvid.com/top-3-english-words-make/
2037,Knowing English can save you money!,2-Intermediate    culture & tips    expressions    vocabulary,https://www.engvid.com/knowing-english-saves-money/
2038,Past Simple and Past Perfect – Tenses in English,2-Intermediate    grammar,https://www.engvid.com/past-simple-past-perfect/
2039,How to use the word OVER in English,2-Intermediate    vocabulary,https://www.engvid.com/how-to-use-over-in-english/
2040,“Oldest” and “Eldest” – What’s the difference?,2-Intermediate    vocabulary,https://www.engvid.com/oldest-eldest/
2041,3 expressions to improve your conversation skills,2-Intermediate    speaking    vocabulary,https://www.engvid.com/3-expressions-for-conversations/
2042,How to MASTER your vocabulary,1-Beginner    2-Intermediate    3-Advanced    culture & tips    vocabulary,https://www.engvid.com/how-to-master-your-vocabulary/
2043,Slow or Slowly? Understanding Adverbs of Manner,2-Intermediate    grammar,https://www.engvid.com/adverbs-of-manner/
2044,Present Perfect or Past Perfect?,2-Intermediate    grammar,https://www.engvid.com/present-perfect-or-past-perfect/
2045,How to read job ads in English – Understanding abbreviated writing styles,2-Intermediate    comprehension    culture & tips    vocabulary,https://www.engvid.com/job-ad-abbreviations/
2046,Basic English Grammar – “Is” or “It’s”?,1-Beginner    grammar,https://www.engvid.com/is-or-its/
2047,IELTS – How to get a high score on Task 1 of the IELTS,3-Advanced    business english    IELTS    vocabulary    writing,https://www.engvid.com/ielts-task-1-vocabulary/
2048,Slang in English – SCREW,2-Intermediate    slang    vocabulary,https://www.engvid.com/english-slang-screw/
2049,"Introduction to Reflexive Pronouns: Myself, Yourself, etc.",3-Advanced    grammar,https://www.engvid.com/intro-reflexive-pronouns/
2050,British & American English: Irregular Verbs,1-Beginner    2-Intermediate    3-Advanced    culture & tips    pronunciation    writing,https://www.engvid.com/british-american-english-irregular-verbs/
2051,Listening Comprehension – Understand Sports on TV!,3-Advanced    comprehension    culture & tips    expressions    vocabulary,https://www.engvid.com/listening-comprehension-sports/
2052,Winter Vocabulary in English,1-Beginner    vocabulary,https://www.engvid.com/winter-vocabulary-in-english/
2053,Pronunciation – words ending in S,1-Beginner    pronunciation,https://www.engvid.com/pronunciation-words-ending-in-s/
2054,The Top 3 English words you need to know – GET,2-Intermediate    grammar,https://www.engvid.com/top-english-words-get/
2055,“Have you ever…?” How to use Present Perfect immediately,2-Intermediate    grammar,https://www.engvid.com/present-perfect/
2056,Speak like a Canadian,1-Beginner    2-Intermediate    3-Advanced    culture & tips    slang    vocabulary,https://www.engvid.com/canadian-english/
2057,Advanced English pronunciation with poetry,3-Advanced    pronunciation,https://www.engvid.com/advanced-pronunciation-poetry/
2058,English Grammar & Vocabulary – ‘Now’ and ‘Still’,2-Intermediate    grammar    vocabulary,https://www.engvid.com/now-still/
2059,Speaking English – Talking about disability,3-Advanced    business english    culture & tips    expressions    speaking    vocabulary,https://www.engvid.com/disability-vocabulary/
2060,"Could have, would have, should have – modals of lost opportunity",2-Intermediate    grammar,https://www.engvid.com/could-would-should-modals/
2061,6 ways to use the verb ‘GO’ in English,1-Beginner    grammar,https://www.engvid.com/6-ways-to-use-go/
2062,How to understand native speakers’ questions in English,3-Advanced    comprehension    culture & tips    pronunciation    speaking,https://www.engvid.com/understand-native-speakers-questions/
2063,Conversation Skills – Asking Questions,1-Beginner    speaking,https://www.engvid.com/conversation-skills-asking-questions/
2064,English Grammar – The Subjunctive,3-Advanced    grammar,https://www.engvid.com/english-grammar-subjunctive/
2065,"Basic English Grammar – MOST, ALMOST, or ALMOST ALL?",1-Beginner    grammar,https://www.engvid.com/most-almost-or-almost-all/
2066,Writing in English: How to start any letter,2-Intermediate    IELTS    writing,https://www.engvid.com/writing-english-starting-letters/
2067,"Need to, have to, must – modals of necessity",2-Intermediate    grammar,https://www.engvid.com/modals-of-necessity/
2068,"How slang is “made” in English – bad-ass, wicked, deadly, sick",1-Beginner    2-Intermediate    3-Advanced    slang    vocabulary,https://www.engvid.com/how-slang-is-made/
2069,Prepositions in English – on time or in time?,2-Intermediate    grammar,https://www.engvid.com/prepositions-in-on-time/
2070,Money vocabulary and expressions in English $$$,1-Beginner    expressions    vocabulary,https://www.engvid.com/money-vocabulary-expressions/
2071,"Master Modals with the SEAM Method, Part 3 – Preference & Opinion",2-Intermediate    grammar,https://www.engvid.com/master-modals-seam-3/
2072,English Grammar – By or Until?,2-Intermediate    grammar,https://www.engvid.com/by-until/
2073,Practical English Vocabulary: Shopping in a mall,1-Beginner    vocabulary,https://www.engvid.com/shopping-mall-vocabulary/
2074,Spelling & Pronunciation – Words with Silent Letters,2-Intermediate    writing,https://www.engvid.com/spelling-pronunciation-silent-letters/
2075,English Vocabulary – End or Finish?,2-Intermediate    vocabulary,https://www.engvid.com/english-vocabulary-end-finish/
2076,"Texting slang – jk, idk, ttyl, cya, tmi, np, k",1-Beginner    slang    vocabulary,https://www.engvid.com/texting-slang/
2077,How to Use Auxiliary Verbs in Conversations,2-Intermediate    grammar,https://www.engvid.com/auxiliary-verbs-in-conversations/
2078,Slang in English: ‘What the hell’ and other HELL expressions,2-Intermediate    expressions    slang    vocabulary,https://www.engvid.com/hell-slang/
2079,Speaking English – How to talk about your friends,2-Intermediate    speaking    vocabulary,https://www.engvid.com/speaking-english-friends/
2080,British & American English: Cars & Driving Vocabulary,3-Advanced    vocabulary,https://www.engvid.com/british-american-english-cars-driving/
2081,Listening Comprehension – Biography of Clint Eastwood,2-Intermediate    comprehension    speaking    vocabulary,https://www.engvid.com/listening-comprehension-clint-eastwood/
2082,"“Yes, I do” or “Yes, I have”? – Speaking English",1-Beginner    grammar    speaking,https://www.engvid.com/yes-i-do-or-yes-i-have/
2083,Slang in English – BREAK,2-Intermediate    slang    vocabulary,https://www.engvid.com/slang-in-english-break/
2084,Passed or Past?,1-Beginner    vocabulary,https://www.engvid.com/passed-or-past/
2085,Practical English: How to write a check,1-Beginner    2-Intermediate    3-Advanced    business english    writing,https://www.engvid.com/practical-english-write-a-check/
2086,Basic English Grammar – TO BE verb,1-Beginner    grammar,https://www.engvid.com/basic-english-grammar-to-be/
2087,English Grammar – How to compare: “as cold as ice”,1-Beginner    grammar,https://www.engvid.com/english-grammar-compare/
2088,"‘Put’ in Phrasal Verbs – put down, put back, put off, put up",2-Intermediate    expressions,https://www.engvid.com/phrasal-verbs-put/
2089,"English Grammar: Modifying Comparatives – a lot, far more, much, a little, slightly",2-Intermediate    grammar,https://www.engvid.com/english-grammar-modifying-comparatives/
2090,Improve your conversation skills with 3 expressions,2-Intermediate    speaking    vocabulary,https://www.engvid.com/conversation-skills-3-expressions/
2091,Practical English: Understanding Medicine Labels,2-Intermediate    comprehension    vocabulary,https://www.engvid.com/practical-english-medicine-labels/
2092,DO & MAKE – How to talk about housework in English,2-Intermediate    grammar    speaking,https://www.engvid.com/do-make-housework-in-english/
2093,Listening Comprehension – Legal Vocabulary in English,3-Advanced    business english    comprehension    speaking    vocabulary,https://www.engvid.com/listening-comprehension-legal-vocabulary/
2094,The Top 3 English words you need to know – HAVE,2-Intermediate    grammar    vocabulary,https://www.engvid.com/top-english-words-have/
2095,"English Grammar – like, would like, be like",2-Intermediate    grammar,https://www.engvid.com/english-grammar-like/
2096,How to pronounce P and F in English,1-Beginner    2-Intermediate    pronunciation,https://www.engvid.com/p-f-pronunciation/
2097,Singular or Plural? Subject-Verb Agreement in English Grammar,1-Beginner    grammar    writing,https://www.engvid.com/subject-verb-agreement/
2098,How to improve your English with story building,1-Beginner    culture & tips    grammar    writing,https://www.engvid.com/improve-english-story-building/
2099,"Master Modals with the SEAM Method, Part 2 – Questions",2-Intermediate    grammar,https://www.engvid.com/master-modals-seam-2/
2100,5 Essential Communication Idioms in English,2-Intermediate    expressions,https://www.engvid.com/5-english-communication-idioms/
2101,Speaking English – Classroom vocabulary and expressions,1-Beginner    speaking    vocabulary,https://www.engvid.com/classroom-vocabulary/
2102,Getting a job – How to talk about your education,2-Intermediate    business english,https://www.engvid.com/getting-a-job-talk-about-education/
2103,Listening Comprehension – Learn English with strange news!,1-Beginner    comprehension    speaking,https://www.engvid.com/listening-comprehension-news/
2104,"How to pronounce TH, S, F sounds in English",2-Intermediate    pronunciation,https://www.engvid.com/pronounce-th-s-f/
2105,Slang in English – PISS,3-Advanced    slang    vocabulary,https://www.engvid.com/piss-slang/
2106,Pronouncing Nationalities in English,1-Beginner    pronunciation,https://www.engvid.com/pronouncing-nationalities-in-english/
2107,Holiday Vocabulary in English – Halloween (and idioms about DEATH),2-Intermediate    culture & tips    expressions    vocabulary,https://www.engvid.com/halloween-vocabulary/
2108,6 phrases in English using IT’S,1-Beginner    expressions,https://www.engvid.com/its-idioms/
2109,Basic English Grammar – BE verb,1-Beginner    grammar,https://www.engvid.com/basic-english-grammar-be/
2110,"Talk like a native speaker – “gonna”, “haveta”, “wanna”",2-Intermediate    comprehension    pronunciation    slang    speaking,https://www.engvid.com/gonna-haveta-wanna/
2111,Past Simple or Present Perfect?,2-Intermediate    grammar,https://www.engvid.com/past-simple-or-present-perfect/
2112,Common Mistakes: “Could of” or “Could have”? (Could’ve / Would’ve / Should’ve),1-Beginner    grammar,https://www.engvid.com/could-of-or-could-have/
2113,How to maximize your English learning,1-Beginner    2-Intermediate    3-Advanced    culture & tips,https://www.engvid.com/maximize-english-learning/
2114,Bar and Pub Slang,3-Advanced    slang    vocabulary,https://www.engvid.com/bar-and-pub-slang/
2115,Speaking English – Talking about Accidents,2-Intermediate    speaking    vocabulary,https://www.engvid.com/talking-about-accidents/
2116,Who? That? Which?,2-Intermediate    grammar,https://www.engvid.com/who-that-which/
2117,Learn English with Cooking: Making Blueberry Pancakes!,1-Beginner    vocabulary,https://www.engvid.com/cooking-blueberry-pancakes/
2118,Polite English – Why do we use “would”?,3-Advanced    grammar    speaking,https://www.engvid.com/polite-english-would/
2119,Speaking English – 4 Ways to Order at a Restaurant,1-Beginner    speaking,https://www.engvid.com/4-ways-to-order-at-a-restaurant/
2120,English Grammar – Gerund or Infinitive? (‘I like swimming’ or ‘I like to swim’?),3-Advanced    grammar,https://www.engvid.com/gerund-or-infinitive/
2121,How to find a new job – Transferable Job Skills,3-Advanced    business english    culture & tips,https://www.engvid.com/transferable-job-skills/
2122,5 Food Idioms in English,2-Intermediate    expressions,https://www.engvid.com/food-idioms/
2123,How NOT to Learn English – Studying English at Home,1-Beginner    2-Intermediate    3-Advanced    culture & tips,https://www.engvid.com/how-not-to-learn-english-at-home/
2124,English Vocabulary – School Slang,1-Beginner    slang    vocabulary,https://www.engvid.com/english-vocabulary-school-slang/
2125,"TALK, SPEAK, TELL – What’s the difference?",2-Intermediate    speaking    vocabulary,https://www.engvid.com/talk-speak-tell/
2126,When to capitalize names in English,2-Intermediate    writing,https://www.engvid.com/capitalizing-names/
2127,English Verb Tenses,English resource    grammar,https://www.engvid.com/english-resource/english-verb-tenses/
2128,Talking about being sick – English health vocabulary,1-Beginner    speaking    vocabulary,https://www.engvid.com/talking-about-being-sick/
2129,"Prejudice Vocabulary – “racist”, “sexist”, “biased”, “ignorant”…",3-Advanced    culture & tips    vocabulary,https://www.engvid.com/prejudice-vocabulary/
2130,5 Important Phrasal Verbs for English Learners,2-Intermediate    expressions,https://www.engvid.com/5-important-phrasal-verbs-for-english-learners/
2131,English Grammar – Stative Verbs,3-Advanced    grammar,https://www.engvid.com/english-grammar-stative-verbs/
2132,Basic English Grammar – Past Tense Questions,1-Beginner    grammar,https://www.engvid.com/past-tense-questions/
2133,Learn Pronunciation with Poetry,3-Advanced    pronunciation,https://www.engvid.com/pronunciation-poetry/
2134,"English Vocabulary – Negative Characteristics – arrogant, vain, snob…",3-Advanced    culture & tips    vocabulary,https://www.engvid.com/negative-characteristics-vocab/
2135,5 ways to say goodbye in English,2-Intermediate    speaking    vocabulary,https://www.engvid.com/5-ways-to-say-goodbye/
2136,Conversation Skills – Speak with confidence,1-Beginner    2-Intermediate    3-Advanced    culture & tips    speaking,https://www.engvid.com/conversation-skills-confidence/
2137,Confused Words – DESERT or DESSERT?,2-Intermediate    vocabulary,https://www.engvid.com/confused-words-desert-dessert/
2138,English Vocabulary – Talking about Shopping,1-Beginner    vocabulary,https://www.engvid.com/english-vocabulary-shopping/
2139,"Master Modals with the SEAM method – may, might, could, etc.",2-Intermediate    grammar,https://www.engvid.com/master-modals-seam/
2140,English Grammar – Present Simple – WH- QUESTIONS,1-Beginner    grammar,https://www.engvid.com/present-simple-wh-questions/
2141,Job Interview Skills – Questions and Answers,1-Beginner    2-Intermediate    3-Advanced    business english    culture & tips,https://www.engvid.com/job-interview-questions-answers/
2142,Short Answers in English,1-Beginner    grammar    speaking,https://www.engvid.com/short-answers/
2143,7 compound adjectives for describing people in English,2-Intermediate    vocabulary,https://www.engvid.com/compound-adjectives-for-describing-people/
2144,English Grammar – How to learn tenses – ALL tenses!!,1-Beginner    2-Intermediate    culture & tips    grammar,https://www.engvid.com/how-to-learn-tenses/
2145,English Grammar – Present Simple – YES/NO QUESTIONS,1-Beginner    grammar,https://www.engvid.com/present-simple-yes-no/
2146,Basic English Grammar – WAS & WERE,1-Beginner    grammar,https://www.engvid.com/was-were/
2147,Countable and Uncountable Nouns,English resource    grammar,https://www.engvid.com/english-resource/countable-and-uncountable-nouns/
2148,"Confused Words – Succeed, Success, Successful, Successfully",2-Intermediate    grammar    vocabulary,https://www.engvid.com/confused-words-succeed/
2149,How to Write an Effective Essay: The Introduction,2-Intermediate    writing,https://www.engvid.com/effective-essay-introduction/
2150,5 Common Irregular Past Tense Verbs,1-Beginner    grammar,https://www.engvid.com/5-common-irregular-past-tense-verbs/
2151,Job Interview Skills – DOs and DON’Ts,1-Beginner    2-Intermediate    3-Advanced    business english    culture & tips,https://www.engvid.com/job-interview-dos-and-donts/
2152,"English Grammar – THIS, THAT, THESE, THOSE",1-Beginner    grammar,https://www.engvid.com/this-that-these-those/
2153,"How NOT to Learn English, part 2",1-Beginner    2-Intermediate    3-Advanced    culture & tips,https://www.engvid.com/how-not-to-learn-english-2/
2154,"How to show possession in English – MY / MINE, HER / SHE / HERS, etc.",1-Beginner    grammar,https://www.engvid.com/possession-my-mine/
2155,Conversation Skills – How to keep a conversation going,2-Intermediate    culture & tips    speaking,https://www.engvid.com/keep-a-conversation-going/
2156,"English Idioms – ‘Time’ – Let’s call it a day, Long time no see, Crack of dawn, and more!",2-Intermediate    expressions,https://www.engvid.com/english-idioms-time/
2157,Business English Vocabulary – COLLABORATE or COOPERATE?,2-Intermediate    business english    vocabulary,https://www.engvid.com/collaborate-cooperate/
2158,"English Grammar – Adverb Suffixes: -ly, -wards, -wise",3-Advanced    grammar    vocabulary,https://www.engvid.com/adverb-suffixes/
2159,Improve your writing: Adverb Clauses,3-Advanced    grammar    writing,https://www.engvid.com/adverb-clauses/
2160,Conversation Skills in English – Hesitation devices – uh…um…,1-Beginner    2-Intermediate    3-Advanced    culture & tips    speaking,https://www.engvid.com/conversation-skills-hesitation/
2161,Confused Words – LOSE or LOOSE?,2-Intermediate    vocabulary,https://www.engvid.com/confused-words-lose-or-loose/
2162,English Pronunciation – B & V,1-Beginner    pronunciation,https://www.engvid.com/english-pronunciation-b-v/
2163,How do modals work?,2-Intermediate    grammar,https://www.engvid.com/how-do-modals-work/
2164,That & Which,3-Advanced    grammar    writing,https://www.engvid.com/that-which/
2165,Adverb Clauses,English resource    grammar,https://www.engvid.com/english-resource/adverb-clauses/
2166,"Slang in English – Bodily Noises – FART, BURP, YAWN, HICCUP, QUEEF",1-Beginner    2-Intermediate    3-Advanced    slang    vocabulary,https://www.engvid.com/slang-bodily-noises/
2167,Speaking English – When to use “THE” with places,1-Beginner    grammar,https://www.engvid.com/using-the-with-places/
2168,How to give directions in English,2-Intermediate    speaking    vocabulary,https://www.engvid.com/how-to-give-directions-in-english/
2169,"Speculation in the Present – MUST, HAS TO, HAS GOT TO",2-Intermediate    grammar    speaking,https://www.engvid.com/speculation-in-the-present-must-has-to-has-got-to/
2170,English Idioms – ‘Hair’,2-Intermediate    expressions,https://www.engvid.com/english-idioms-hair/
2171,How to pronounce letters in English,1-Beginner    pronunciation,https://www.engvid.com/how-to-pronounce-letters-in-english/
2172,Business English Vocabulary – CUSTOMER or CLIENT?,1-Beginner    business english    vocabulary,https://www.engvid.com/business-english-vocabulary-customer-or-client/
2173,Present Simple Tense,1-Beginner    grammar    speaking,https://www.engvid.com/the-present-simple-tense/
2174,How to use NO & NOT in English,1-Beginner    grammar,https://www.engvid.com/how-to-use-no-not-in-english/
2175,English Grammar – TO & FOR,1-Beginner    grammar,https://www.engvid.com/english-grammar-to-for/
2176,How to talk about your birthday and birthplace,2-Intermediate    grammar    speaking,https://www.engvid.com/how-to-talk-about-your-birthday-and-birthplace/
2177,Slang in English – AIN’T,3-Advanced    slang    speaking,https://www.engvid.com/slang-in-english-aint/
2178,English Grammar – SOME & ANY,2-Intermediate    grammar,https://www.engvid.com/english-grammar-some-any/
2179,English Vocabulary for the ladies – Talking about your period,1-Beginner    2-Intermediate    3-Advanced    culture & tips    speaking    vocabulary,https://www.engvid.com/english-vocabulary-talking-about-your-period/
2180,Common English Errors: I or me? She or her? They or them?,2-Intermediate    grammar,https://www.engvid.com/common-english-errors-i-or-me-she-or-her/
2181,English Grammar – The future in the past – “Was/Were going to”,3-Advanced    grammar,https://www.engvid.com/english-grammar-the-future-in-the-past/
2182,"English Vocabulary Pyramid – JECT – eject, object, reject, subject, etc.",2-Intermediate    vocabulary,https://www.engvid.com/english-vocabulary-pyramid-ject/
2183,English Vocabulary – LOST,2-Intermediate    vocabulary,https://www.engvid.com/english-vocabulary-lost/
2184,How to pronounce regular -ED endings in English,1-Beginner    pronunciation,https://www.engvid.com/how-to-pronounce-regular-ed-endings-in-english/
2185,Speaking English – Saying Numbers,1-Beginner    speaking    vocabulary,https://www.engvid.com/speaking-english-saying-numbers/
2186,English Grammar – “Would” in the past,3-Advanced    grammar,https://www.engvid.com/english-grammar-would-in-the-past/
2187,How NOT to Learn English,1-Beginner    2-Intermediate    3-Advanced    culture & tips,https://www.engvid.com/how-not-to-learn-english/
2188,Learn English – 5 common mistakes when talking about food,2-Intermediate    culture & tips    speaking    vocabulary,https://www.engvid.com/5-common-mistakes-food/
2189,Common English Errors: SOME & ANY,2-Intermediate    grammar,https://www.engvid.com/common-english-errors-some-any/
2190,English Vocabulary – GET,1-Beginner    grammar    vocabulary,https://www.engvid.com/english-vocabulary-get/
2191,Speaking English – Talking about Directions,3-Advanced    comprehension    speaking    vocabulary,https://www.engvid.com/talking-about-directions/
2192,Speaking English – How to order in a restaurant,1-Beginner    culture & tips    speaking    vocabulary,https://www.engvid.com/speaking-english-how-to-order-in-a-restaurant/
2193,Speaking English – Talking about the Bathroom & Toilet,1-Beginner    2-Intermediate    slang    speaking    vocabulary,https://www.engvid.com/speaking-english-bathroom-toilet/
2194,Confused Words – sometime or sometimes?,2-Intermediate    vocabulary,https://www.engvid.com/confused-words-sometime-or-sometimes/
2195,English Pronunciation – A & E (Man vs. Men),1-Beginner    pronunciation,https://www.engvid.com/english-pronunciation-a-e/
2196,"English Idioms – ‘boot’ – boot up, boot camp, give the boot, and more!",2-Intermediate    expressions,https://www.engvid.com/english-idioms-boot-boot-up-boot-camp-give-the-boot-and-more/
2197,English Pronunciation – S & SH,1-Beginner    pronunciation,https://www.engvid.com/english-pronunciation-s-sh/
2198,It’s & Its,2-Intermediate    grammar    writing,https://www.engvid.com/its-its/
2199,English Vocabulary – Winter Clothing,1-Beginner    vocabulary,https://www.engvid.com/english-vocabulary-winter-clothing/
2200,English Vocabulary – Getting Dressed,1-Beginner    vocabulary,https://www.engvid.com/english-vocabulary-getting-dressed/
2201,English Pronunciation – F & V,1-Beginner    pronunciation,https://www.engvid.com/english-pronunciation-f-v/
2202,Business English – How to expand your vocabulary,1-Beginner    2-Intermediate    3-Advanced    business english    culture & tips    vocabulary,https://www.engvid.com/how-to-expand-your-vocabulary/
2203,Writing – Relative Clauses overview,2-Intermediate    writing,https://www.engvid.com/writing-relative-clauses-overview/
2204,English Grammar – How to ask questions,3-Advanced    speaking,https://www.engvid.com/english-grammar-how-to-ask-questions/
2205,English Grammar – Adjectives & Adverbs,1-Beginner    grammar,https://www.engvid.com/english-grammar-adjectives-adverbs/
2206,Speaking English – Talking about travel,1-Beginner    grammar    vocabulary,https://www.engvid.com/speaking-english-talking-about-travel/
2207,English Grammar – Passive Causative,3-Advanced    grammar,https://www.engvid.com/english-grammar-passive-causative/
2208,2 Quick Ways to Improve your English – FOR EXAMPLE & SAME,2-Intermediate    culture & tips    vocabulary,https://www.engvid.com/improve-your-english-for-example-same/
2209,English Grammar – DO & MAKE,2-Intermediate    grammar,https://www.engvid.com/english-grammar-do-make/
2210,Polite English – Softening Your Message,2-Intermediate    culture & tips    speaking    vocabulary,https://www.engvid.com/polite-english-softening-your-message/
2211,Speaking English – Talking about pains and aches,1-Beginner    vocabulary,https://www.engvid.com/talking-about-pains-aches/
2212,English Vocabulary & Idioms – Talking about NOISE,2-Intermediate    expressions    vocabulary,https://www.engvid.com/english-vocabulary-idioms-talking-about-noise/
2213,Business English – Talking about your Responsibilities,2-Intermediate    business english,https://www.engvid.com/business-english-talking-about-your-responsibilities/
2214,"HAPPY NEW YEAR! Bar, club, and party vocabulary & slang",2-Intermediate    expressions    slang    vocabulary,https://www.engvid.com/happy-new-year-bar-club-party-vocabulary/
2215,Basic English Pronunciation – Simple vowel sounds,1-Beginner    pronunciation,https://www.engvid.com/english-pronunciation-simple-vowel-sounds/
2216,EITHER or NEITHER? Negative agreement in English,2-Intermediate    grammar    speaking,https://www.engvid.com/english-grammar-either-neither/
2217,Parts of Speech in English,English resource    1-Beginner    grammar,https://www.engvid.com/english-resource/parts-of-speech-in-english/
2218,Slang in English – Many meanings of JOHN,2-Intermediate    slang    vocabulary,https://www.engvid.com/slang-english-meanings-of-john/
2219,English Vocabulary – Talking about CRIME,2-Intermediate    expressions    speaking    vocabulary,https://www.engvid.com/english-vocabulary-crime/
2220,Learning English with the News – Improve your vocabulary and comprehension,1-Beginner    2-Intermediate    comprehension    culture & tips    vocabulary,https://www.engvid.com/learning-english-with-the-news-vocabulary-comprehension/
2221,English Pronunciation – Words ending in NG,1-Beginner    pronunciation,https://www.engvid.com/english-pronunciation-words-ending-in-ng/
2222,English Grammar – SHOULD & MUST,1-Beginner    grammar,https://www.engvid.com/english-grammar-should-must/
2223,Word Order in English,English resource    grammar,https://www.engvid.com/english-resource/word-order-in-english/
2224,English Vocabulary Pyramid – TRACT,3-Advanced    vocabulary,https://www.engvid.com/english-vocabulary-pyramid-tract/
2225,English Grammar – Where do I put the adverb?,1-Beginner    grammar,https://www.engvid.com/english-grammar-where-do-i-put-the-adverb/
2226,English Pronunciation – I & EE,1-Beginner    pronunciation,https://www.engvid.com/english-pronunciation-i-ee/
2227,Commonly Confused Words in English – 9 Homophones,2-Intermediate    vocabulary,https://www.engvid.com/9-common-homophones/
2228,How to improve your English conversation skills,1-Beginner    2-Intermediate    3-Advanced    culture & tips    speaking,https://www.engvid.com/english-conversation-skills/
2229,"Common English Errors: Someone, Anyone, No one?",2-Intermediate    grammar,https://www.engvid.com/english-errors-someone-anyone-no-one/
2230,English Slang – Text messaging: LOL BRB PLZ WTF OMG and more!,1-Beginner    2-Intermediate    slang,https://www.engvid.com/english-slang-text-messaging-lol-wtf/
2231,English Grammar – BEING & BEEN,1-Beginner    grammar,https://www.engvid.com/english-grammar-being-been/
2232,Commonly Confused Words in English – BRING or TAKE?,1-Beginner    vocabulary,https://www.engvid.com/confused-words-bring-take/
2233,Modals in English – “must”,3-Advanced    grammar,https://www.engvid.com/modals-must/
2234,"English Pronunciation – Irregular Verbs – CAUGHT, BOUGHT, THOUGHT…",1-Beginner    pronunciation,https://www.engvid.com/pronunciation-irregular-verbs/
2235,English Idioms – ‘Sports’,2-Intermediate    expressions,https://www.engvid.com/english-idioms-sports/
2236,English in the News: Vocabulary of Floods,2-Intermediate    3-Advanced    comprehension    vocabulary,https://www.engvid.com/english-in-the-news-vocabulary-of-floods/
2237,English Grammar – ALL & EVERY – What’s the difference?,3-Advanced    grammar    vocabulary,https://www.engvid.com/english-grammar-all-every-difference/
2238,Vocabulary – The difference between WANT & NEED in English,1-Beginner    vocabulary,https://www.engvid.com/vocabulary-want-need/
2239,"English Grammar – Past tense of SHOULD – “I should have…”, “You shouldn’t have..”, etc.",2-Intermediate    grammar,https://www.engvid.com/grammar-past-tense-should/
2240,English Grammar – SINCE & FOR,2-Intermediate    grammar,https://www.engvid.com/english-grammar-since-for/
2241,English Vocabulary Pyramid – VERT,2-Intermediate    vocabulary,https://www.engvid.com/english-vocabulary-pyramid-vert/
2242,"Basic English Grammar – Do, Does, Did, Don’t, Doesn’t, Didn’t",1-Beginner    grammar,https://www.engvid.com/english-grammar-do-does-did-dont-doesnt-didnt/
2243,English Grammar – COULD & SHOULD,1-Beginner    grammar,https://www.engvid.com/english-grammar-could-should/
2244,Polite Business English – How to Complain and Disagree,3-Advanced    business english    culture & tips    speaking,https://www.engvid.com/polite-business-english-complain-disagree/
2245,English Vocabulary Pyramid – MUSE,3-Advanced    vocabulary,https://www.engvid.com/english-vocabulary-pyramid-muse/
2246,English Pronunciation – Saying Numbers,1-Beginner    pronunciation,https://www.engvid.com/english-pronunciation-numbers/
2247,English Idioms – ‘Cat’,2-Intermediate    expressions,https://www.engvid.com/english-idioms-cat/
2248,240 Common Spelling Mistakes in English,English resource    vocabulary    writing,https://www.engvid.com/english-resource/common-spelling-mistakes-in-english/
2249,English Grammar – Tenses – Overview of all the tenses in English,1-Beginner    grammar,https://www.engvid.com/english-grammar-tenses-overview/
2250,Writing in English – How to Summarize,1-Beginner    2-Intermediate    3-Advanced    writing,https://www.engvid.com/writing-how-to-summarize/
2251,Commonly Confused Words in English: LIVE & LIVE,1-Beginner    pronunciation    speaking,https://www.engvid.com/confused-words-live-live/
2252,Common Irregular Verbs (grouped by ending pattern),English resource    grammar,https://www.engvid.com/english-resource/common-irregular-verbs-grouped/
2253,Common Irregular Verbs,English resource    grammar,https://www.engvid.com/english-resource/irregular-verbs/
2254,"English Grammar – How Often? – ALWAYS, USUALLY, OFTEN, SOMETIMES, NEVER",1-Beginner    grammar,https://www.engvid.com/grammar-how-often-always-usually-often-never/
2255,Business English – Talking about your Work,1-Beginner    business english    speaking,https://www.engvid.com/business-english-talking-about-your-work/
2256,English Idioms – ‘Foot’,2-Intermediate    expressions,https://www.engvid.com/english-idioms-foot/
2257,Speaking English – Talking about Family,1-Beginner    culture & tips    pronunciation    speaking    vocabulary,https://www.engvid.com/speaking-english-talking-about-family/
2258,"Speaking English – MUST, HAVE TO, HAVE GOT TO – Necessity",2-Intermediate    grammar    speaking,https://www.engvid.com/must-have-to-have-got-to-necessity/
2259,Commonly Confused Words in English: EFFECT & AFFECT,1-Beginner    2-Intermediate    vocabulary,https://www.engvid.com/confused-words-effect-affect/
2260,Expressions in English – MOUTH,2-Intermediate    expressions    vocabulary,https://www.engvid.com/english-expressions-mouth/
2261,English Pronunciation – Words ending with ion,1-Beginner    pronunciation,https://www.engvid.com/english-pronunciation-words-ending-with-ion/
2262,Expressions with DO & MAKE,English resource    1-Beginner    grammar,https://www.engvid.com/english-resource/do-make-expressions/
2263,Preference – How to talk about what you want in English,2-Intermediate    grammar    speaking,https://www.engvid.com/preference-how-to-talk-about-what-you-want-in-english/
2264,English Vocabulary – First name? Given name? Forename? What’s your name?,1-Beginner    culture & tips    vocabulary,https://www.engvid.com/vocabulary-first-name-given-forename-surname/
2265,Learn English – How to Listen and Understand,1-Beginner    2-Intermediate    3-Advanced    comprehension    culture & tips    speaking,https://www.engvid.com/learn-english-listen-understand/
2266,50 Common Grammar Mistakes in English,English resource    grammar,https://www.engvid.com/english-resource/50-common-grammar-mistakes-in-english/
2267,English Grammar – Tag Questions,2-Intermediate    grammar    speaking,https://www.engvid.com/english-grammar-tag-questions/
2268,English Grammar – Making simple “TO BE” questions,1-Beginner    grammar,https://www.engvid.com/grammar-making-to-be-questions/
2269,Commonly Confused Words in English: BEFORE & AGO,1-Beginner    vocabulary,https://www.engvid.com/confused-words-before-ago/
2270,"Basic English Grammar – THIS, THAT, THESE, THOSE",1-Beginner    grammar,https://www.engvid.com/basic-grammar-this-that-these-those/
2271,English Vocabulary – LISTEN & HEAR,1-Beginner    vocabulary,https://www.engvid.com/english-vocabulary-listen-hear/
2272,Business English – How to minimize problems,2-Intermediate    business english    culture & tips    speaking,https://www.engvid.com/business-english-how-to-minimize-problems/
2273,All about phrasal verbs in English,3-Advanced    expressions    grammar,https://www.engvid.com/phrasal-verbs-in-english/
2274,Speaking English – Expectations – How to use “supposed to”,2-Intermediate    grammar    speaking,https://www.engvid.com/speaking-english-expectations-how-to-use-supposed-to/
2275,English Vocabulary – LOOK / SEE / WATCH,2-Intermediate    vocabulary,https://www.engvid.com/english-vocabulary-look-see-watch/
2276,Polite English – Saying Yes and No,1-Beginner    speaking    vocabulary,https://www.engvid.com/polite-english-saying-yes-no/
2277,"Commonly Confused Words in English – BYE, BUY, BY, BI",1-Beginner    vocabulary,https://www.engvid.com/confused-words-bye-buy-by-bi/
2278,Idioms in English – Parts of the Body,2-Intermediate    expressions,https://www.engvid.com/idioms-english-body/
2279,English Pronunciation – 4 Tips to Improve Your Accent,1-Beginner    culture & tips    pronunciation,https://www.engvid.com/english-pronunciation-4-tips-to-improve-your-accent/
2280,Polite English – 8 Ways to Say ‘Thank You’ in English,1-Beginner    speaking    vocabulary,https://www.engvid.com/polite-english-8-ways-to-say-thank-you/
2281,Expressions in English – Food,2-Intermediate    expressions    vocabulary,https://www.engvid.com/expressions-in-english-food/
2282,"Talking About Quantity in English – A FEW, A LITTLE, FEW, LITTLE",2-Intermediate    grammar    speaking,https://www.engvid.com/quantity-english-a-few-a-little/
2283,Pronunciation – E & I,1-Beginner    pronunciation,https://www.engvid.com/pronunciation-e-i/
2284,English Vocabulary – How to talk about money,2-Intermediate    business english    vocabulary,https://www.engvid.com/english-vocabulary-how-to-talk-about-money/
2285,Vocabulary – How to talk about the weather in English,1-Beginner    speaking    vocabulary,https://www.engvid.com/vocabulary-how-to-talk-about-the-weather-in-english/
2286,"Grammar – Articles – When to use A, AN, or no article",1-Beginner    grammar,https://www.engvid.com/grammar-articles-a-an-or-no-article/
2287,English Slang – FREAK,2-Intermediate    slang    vocabulary,https://www.engvid.com/english-slang-freak/
2288,5 Types of TOEFL Essays & TOEFL iBT Essay Patterns,2-Intermediate    TOEFL    writing,https://www.engvid.com/5-types-of-toefl-essays-patterns/
2289,English Writing – How to Write Numbers,2-Intermediate    writing,https://www.engvid.com/english-writing-how-to-write-numbers/
2290,"English Grammar – Imperatives – How to give commands, directions, and more",2-Intermediate    grammar    speaking,https://www.engvid.com/imperatives-give-commands-directions/
2291,Noun suffixes in English – understand new words you read!,3-Advanced    comprehension    culture & tips,https://www.engvid.com/noun-suffixes-in-english-understand-new-words-you-read/
2292,English Vocabulary – Hair and Parts of the Face,1-Beginner    vocabulary,https://www.engvid.com/english-vocabulary-hair-face/
2293,English Idioms – ‘Music’,1-Beginner    expressions,https://www.engvid.com/english-idioms-music/
2294,"Basic English Grammar – HAVE, HAS, HAD",1-Beginner    grammar,https://www.engvid.com/english-grammar-have-has-had/
2295,Phrasal Verbs – SHUT,2-Intermediate    expressions,https://www.engvid.com/phrasal-verbs-shut/
2296,"How to Give Advice in English – SHOULD, OUGHT TO, HAD BETTER",2-Intermediate    grammar    speaking,https://www.engvid.com/give-advice-should-ought-to-had-better/
2297,What skills do you need for the TOEFL iBT?,2-Intermediate    TOEFL,https://www.engvid.com/toefl-ibt-skills/
2298,English Pronunciation – Th & S,1-Beginner    pronunciation,https://www.engvid.com/english-pronunciation-th-s/
2299,English Grammar – Present Perfect Simple & Present Perfect Continuous,2-Intermediate    grammar,https://www.engvid.com/english-grammar-present-perfect-simple-continuous/
2300,English Grammar – How to use SINCE and FOR with the Present Perfect,2-Intermediate    grammar,https://www.engvid.com/english-grammar-how-to-use-since-and-for-with-the-present-perfect/
2301,English Writing Skills – Paraphrasing,3-Advanced    writing,https://www.engvid.com/paraphrasing-english-writing/
2302,How to Write an Effective Essay,1-Beginner    2-Intermediate    3-Advanced    writing,https://www.engvid.com/how-to-write-an-effective-essay/
2303,English Grammar – Introduction to Past Progressive,1-Beginner    grammar,https://www.engvid.com/english-grammar-introduction-to-past-progressive/
2304,English Vocabulary – How to talk about where you were born and raised,1-Beginner    speaking    vocabulary,https://www.engvid.com/english-vocabulary-how-to-talk-about-where-you-were-born-and-raised/
2305,English Idioms & Phrasal Verbs – ON,2-Intermediate    3-Advanced    expressions,https://www.engvid.com/english-idioms-phrasal-verbs-on/
2306,Polite English – ‘Want’ & ‘Would like’,1-Beginner    speaking,https://www.engvid.com/polite-english-want-would-like/
2307,English Grammar – Using ALREADY & YET,2-Intermediate    grammar    speaking,https://www.engvid.com/grammar-already-yet/
2308,English Pronunciation – R & L,1-Beginner    pronunciation,https://www.engvid.com/english-pronunciation-r-l/
2309,English Grammar – Modals of Advisability,2-Intermediate    grammar,https://www.engvid.com/grammar-modals-of-advisability/
2310,English Idioms – ‘Blue’,2-Intermediate    expressions,https://www.engvid.com/english-idioms-blue/
2311,TOEFL or IELTS? Which exam should you take?,1-Beginner    2-Intermediate    3-Advanced    IELTS    TOEFL,https://www.engvid.com/toefl-or-ielts-which-exam-should-you-take/
2312,Speaking English – How to talk about mistakes and regrets,1-Beginner    pronunciation    speaking    vocabulary,https://www.engvid.com/talk-about-mistakes-regrets/
2313,Grammar – Past Simple vs. Present Perfect,2-Intermediate    grammar,https://www.engvid.com/grammar-past-simple-present-perfect/
2314,Speaking English – Tag Questions – How to express assumptions or comment on a situation,2-Intermediate    grammar    speaking,https://www.engvid.com/tag-questions/
2315,"Common Mistakes in English: CHOOSE, CHOSE, CHOICE",2-Intermediate    grammar,https://www.engvid.com/english-mistakes-choose-chose-choice/
2316,"English Vocabulary – Love, Dating, and Relationships",2-Intermediate    3-Advanced    culture & tips    speaking    vocabulary,https://www.engvid.com/english-vocabulary-love-dating-relationships/
2317,English Idioms – ‘Money’,1-Beginner    expressions,https://www.engvid.com/english-idioms-money/
2318,Easy Introduction to PASSIVE,2-Intermediate    grammar,https://www.engvid.com/easy-introduction-to-passive/
2319,Punctuation – How to Use Commas in English Writing,2-Intermediate    grammar    writing,https://www.engvid.com/commas-punctuation-english-writing/
2320,English Grammar – Introduction to the Passive,2-Intermediate    grammar,https://www.engvid.com/english-grammar-passive-introduction/
2321,"English Vocabulary – Appointments, Reservations, and Plans",2-Intermediate    speaking    vocabulary,https://www.engvid.com/english-vocabulary-appointments-reservations/
2322,Order of Adjectives – Speak and Write like a Native English Speaker,2-Intermediate    grammar    speaking,https://www.engvid.com/order-of-adjectives-english/
2323,Phrases and Clauses in English – What’s the Difference?,3-Advanced    grammar,https://www.engvid.com/phrases-clauses-english/
2324,English Vocabulary – How to Talk about Marriage,2-Intermediate    vocabulary,https://www.engvid.com/english-vocabulary-marriage/
2325,Introduction to English Academic Writing – Parts of a Paragraph,2-Intermediate    TOEFL    writing,https://www.engvid.com/introduction-to-english-academic-writing-parts-of-a-paragraph/
2326,English Spelling – When to Double Consonants (“swimming” “stopped” etc.),2-Intermediate    grammar    writing,https://www.engvid.com/english-spelling-double-consonants/
2327,Commonly Confused Words in English: YOU’RE & YOUR,1-Beginner    vocabulary,https://www.engvid.com/confused-words-youre-your/
2328,Phrasal Verbs – TURN,1-Beginner    expressions,https://www.engvid.com/phrasal-verbs-turn/
2329,English Vocabulary – How To Talk About Death and Dying,2-Intermediate    speaking    vocabulary,https://www.engvid.com/english-vocabulary-death/
2330,"Prepositions of Place: AT, ON, IN",1-Beginner    grammar,https://www.engvid.com/prepositions-of-place-at-on-in-grammar/
2331,Commonly Confused Words in English: DURING & WHILE,2-Intermediate    vocabulary,https://www.engvid.com/confused-words-during-while/
2332,English Idioms – ‘Hand’,1-Beginner    expressions,https://www.engvid.com/english-idioms-hand/
2333,"How to Ask Permission Politely in English – CAN, COULD, MAY, and DO YOU MIND",1-Beginner    2-Intermediate    speaking,https://www.engvid.com/how-to-ask-permission-in-english/
2334,Improve your English Vocabulary with Roots – “port”,2-Intermediate    3-Advanced    grammar    vocabulary,https://www.engvid.com/improve-english-vocabulary-roots/
2335,English Grammar – Present Simple & Present Progressive,1-Beginner    grammar,https://www.engvid.com/english-grammar-present-simple-present-progressive/
2336,"Expressing ability with CAN, COULD, BE ABLE TO",1-Beginner    2-Intermediate    grammar,https://www.engvid.com/expressing-ability-can-could-be-able-to/
2337,"ENGLISH VOCABULARY – Using PLAY, GO, DO for sports",1-Beginner    grammar    vocabulary,https://www.engvid.com/english-vocabulary-play-go-do-sports/
2338,English Grammar – I USED TO & I’M USED TO,2-Intermediate    grammar    speaking,https://www.engvid.com/english-grammar-i-used-to-im-used-to/
2339,"English Vocabulary – Spatial Location – BEHIND, UNDER, ON TOP OF, BETWEEN, and more!",1-Beginner    vocabulary,https://www.engvid.com/english-vocabulary-spatial-location/
2340,English Pronunciation – CAN & CAN’T,1-Beginner    pronunciation,https://www.engvid.com/english-pronunciation-can-cant/
2341,Improve Your Pronunciation of English Nouns – ‘er’ & ‘th’ sounds,1-Beginner    2-Intermediate    pronunciation,https://www.engvid.com/improve-english-pronunciation-er-th/
2342,Future Tense – WILL & GOING TO,1-Beginner    grammar,https://www.engvid.com/future-tense-will-going-to/
2343,Commonly Confused Words in English: ADVICE & ADVISE,2-Intermediate    vocabulary,https://www.engvid.com/confused-words-advice-advise/
2344,Cultural Differences – An Introduction for ESL Students,1-Beginner    culture & tips    speaking,https://www.engvid.com/cultural-differences-for-esl-students/
2345,"Borrow, Lend, Rent, Use – English Vocabulary and Usage",2-Intermediate    grammar    speaking    vocabulary,https://www.engvid.com/borrow-lend-rent-use-english-vocabulary/
2346,Phrasal Verbs in English – PULL,2-Intermediate    expressions,https://www.engvid.com/phrasal-verbs-in-english-pull/
2347,IELTS Basics – Introduction to the IELTS Exam,2-Intermediate    culture & tips    IELTS,https://www.engvid.com/ielts-basics-introduction-to-ielts/
2348,"English Pronunciation – 3 Common Mistakes, part 3 – ‘th’",2-Intermediate    pronunciation    speaking,https://www.engvid.com/english-pronunciation-3-common-mistakes-part-3-th/
2349,English Pronunciation – Words starting with B,1-Beginner    2-Intermediate    pronunciation    vocabulary,https://www.engvid.com/english-pronunciation-words-starting-with-b/
2350,"English Grammar Tip – Are you bored, or boring?",1-Beginner    culture & tips    grammar    vocabulary,https://www.engvid.com/english-grammar-bored-boring/
2351,"English Spelling – Apostrophe + S, after S",2-Intermediate    grammar,https://www.engvid.com/english-spelling-apostrophe-s-after-s/
2352,"English Pronunciation – 3 Common Mistakes, part 2 – ‘t’ & ‘d’",2-Intermediate    pronunciation    speaking,https://www.engvid.com/english-pronunciation-t-d/
2353,English Pronunciation – 3 Common Mistakes part 1 – ‘s’,2-Intermediate    pronunciation    speaking,https://www.engvid.com/english-pronunciation-s/
2354,English Idioms – ‘Bird’,2-Intermediate    expressions    speaking,https://www.engvid.com/english-idioms-bird/
2355,"Conditional & Imaginary: IF, WILL, WOULD, WERE",2-Intermediate    grammar,https://www.engvid.com/english-grammar-if-will-would-were/
2356,Grammar: Reported Speech in English,2-Intermediate    grammar,https://www.engvid.com/english-grammar-reported-speech/
2357,How to Learn English More Effectively,1-Beginner    2-Intermediate    3-Advanced    culture & tips,https://www.engvid.com/how-to-learn-english-more-effectively/
2358,Phrasal Verbs – UP,2-Intermediate    expressions    vocabulary,https://www.engvid.com/phrasal-verbs-up/
2359,"Commonly Confused Words in English: they’re, there, their",1-Beginner    vocabulary    writing,https://www.engvid.com/commonly-confused-words-in-english-theyre-there-their/
2360,"Speaking English – Say, Tell, Hear, Listen – How to use them correctly",1-Beginner    grammar    speaking    vocabulary,https://www.engvid.com/speaking-english-say-tell-hear-listen/
2361,TOEFL iBT Basics – Introduction to the TOEFL exam,1-Beginner    TOEFL,https://www.engvid.com/toefl-ibt-basics-introduction-toefl-exam/
2362,Vocabulary – Using ‘must’ & ‘have to’ in English,2-Intermediate    speaking    vocabulary,https://www.engvid.com/vocabularyusing-must-have-to-in-english/
2363,IELTS Writing – Letters – How to start and finish,2-Intermediate    IELTS    writing,https://www.engvid.com/ielts-writing-letters-how-to-start-and-finish/
2364,English Idioms – ‘Hold’,2-Intermediate    expressions,https://www.engvid.com/english-idioms-hold/
2365,"Prepositions: How to use IN, AT, and ON in English",1-Beginner    grammar,https://www.engvid.com/prepositions-how-to-use-in-at-and-on-in-english/
2366,"Articles in English: How to use ‘a’, ‘an’, and ‘the’ properly",1-Beginner    grammar,https://www.engvid.com/articles-in-english-how-to-use-a-an-and-the-properly/
2367,Understand What You Read in English (Reading Comprehension),2-Intermediate    comprehension    culture & tips    IELTS    TOEFL    TOEIC,https://www.engvid.com/reading-comprehension-understand-what-you-read-in-english/
2368,English Speaking – Saying Hello and Goodbye,1-Beginner    expressions    speaking    vocabulary,https://www.engvid.com/english-speaking-saying-hello-and-goodbye/
2369,How to Structure Your TOEFL Essay,2-Intermediate    TOEFL    writing,https://www.engvid.com/how-to-structure-your-toefl-essay/
2370,Using the Future Tense in Conversation – English Grammar,2-Intermediate    grammar    speaking,https://www.engvid.com/using-the-future-tense-in-conversation-english-grammar/
2371,Past Tense Regular Verb Pronunciation,1-Beginner    pronunciation    speaking,https://www.engvid.com/past-tense-regular-verb-pronunciation/
