ID,Titulo,Detalles,URL,Niveles,Nivel,Categorias
1,7 Common English Proverbs About Food (But Actually Life),expressions,https://www.engvid.com/7-common-english-proverbs-food-cooking/,Intermediate,Intermediate,expressions
2,Interactive PAST TENSE ENGLISH SPEAKING Practice,speaking,https://www.engvid.com/interactive-past-tense-english-speaking-practice/,Intermediate,Intermediate,speaking
3,"Listen Better, Learn Faster: Practical Listening Skills for English Learners",comprehension culture & tips,https://www.engvid.com/listen-better-learn-faster-practical-listening-skills/,Advanced,Advanced,"comprehension, culture & tips"
4,SPEAK ENGLISH POWERFULLY: Remove the Contraction!,business english culture & tips speaking,https://www.engvid.com/speak-english-powerfully-remove-the-contraction/,Advanced,Advanced,"business english, culture & tips, speaking"
5,Improve Your English Sentences with “WHO”,grammar writing,https://www.engvid.com/improve-your-english-sentences-with-who/,Beginner,Beginner,"grammar, writing"
6,ENGLISH FOR BEGINNERS: The Top 5 Writing Mistakes,writing,https://www.engvid.com/english-for-beginners-the-top-5-writing-mistakes/,Beginner,Beginner,writing
7,Speak English Naturally: Use Stress & Pauses to Communicate More Clearly,speaking,https://www.engvid.com/speak-english-naturally-stress-pauses/,Advanced,Advanced,speaking
8,How to Learn Business English Faster,business english culture & tips vocabulary,https://www.engvid.com/learn-business-english-faster-word-families/,"Intermediate, Advanced",Advanced,"business english, culture & tips, vocabulary"
9,"7 Common English Idioms (and Their Origins) — Over the Top, Scot-Free & More",expressions,https://www.engvid.com/7-common-english-idioms-origins/,Advanced,Advanced,expressions
10,English Phrasal Verbs You Need to Survive…the Zombie Apocalypse!,expressions vocabulary,https://www.engvid.com/english-phrasal-verbs-zombie-apocalypse/,Advanced,Advanced,"expressions, vocabulary"
11,"EASY ENGLISH CONVERSATION: “Let’s…”, “How about…”, “Why don’t we…?”",expressions speaking,https://www.engvid.com/easy-english-conversation-lets-how-about-why-dont-we/,Intermediate,Intermediate,"expressions, speaking"
12,Stupid English Words that are Totally Real 😜 (+ Easy to Learn),slang,https://www.engvid.com/stupid-english-words-that-are-totally-real/,Intermediate,Intermediate,slang
13,"“on board”, “in charge” “at large” – English PREPOSITION COLLOCATIONS (AT, ON, IN)",grammar vocabulary,https://www.engvid.com/english-preposition-collocations-at-on-in/,"Intermediate, Advanced",Advanced,"grammar, vocabulary"
14,SPEAK ENGLISH: You’re Invited to Dinner!,culture & tips speaking vocabulary,https://www.engvid.com/speak-english-youre-invited-to-dinner/,Intermediate,Intermediate,"culture & tips, speaking, vocabulary"
15,Learn English Tenses: PAST SIMPLE NEGATIVES,grammar,https://www.engvid.com/learn-english-tenses-past-simple-negatives/,Beginner,Beginner,grammar
16,"Speak Less, Ask More: Use Questions to Improve Your English",culture & tips speaking,https://www.engvid.com/speak-less-ask-more-use-questions-to-improve-your-english/,"Intermediate, Advanced",Advanced,"culture & tips, speaking"
17,Say it correctly in English! The Confusing “ERR” Pronunciation,pronunciation vocabulary,https://www.engvid.com/say-it-correctly-in-english-the-confusing-err-pronunciation/,Beginner,Beginner,"pronunciation, vocabulary"
18,Learn the Most Common ADVERBS in English,grammar vocabulary,https://www.engvid.com/learn-the-most-common-adverbs-in-english/,Intermediate,Intermediate,"grammar, vocabulary"
19,Is that word an ADJECTIVE? Use my grammar trick!,grammar,https://www.engvid.com/is-that-word-an-adjective-grammar-trick/,Beginner,Beginner,grammar
20,So what? We good? What gives? – Learn to respond to short English questions,slang vocabulary,https://www.engvid.com/so-what-we-good-what-gives-short-english-questions/,"Intermediate, Advanced",Advanced,"slang, vocabulary"
21,English Conversation Practice: The Present Tenses,speaking,https://www.engvid.com/english-conversation-practice-the-present-tenses/,Intermediate,Intermediate,speaking
22,40 Beautiful Ways to Say Thank You,speaking vocabulary,https://www.engvid.com/40-beautiful-ways-to-say-thank-you/,"Intermediate, Advanced",Advanced,"speaking, vocabulary"
23,"5 English Interrogative Pronouns: WHO, WHOM, WHOSE, WHICH, WHAT",grammar,https://www.engvid.com/5-english-interrogative-pronouns-who-whom-whose-which-what/,"Beginner, Intermediate",Intermediate,grammar
24,“What do you like doing?” – Gerunds in English Conversation,grammar speaking,https://www.engvid.com/what-do-you-like-doing-gerunds-in-english-conversation/,"Beginner, Intermediate",Intermediate,"grammar, speaking"
25,"Noun → Verb: How to Use -ize, -en, -ify, -ate",grammar vocabulary,https://www.engvid.com/noun-to-verb-ize-en-ify-ate/,Intermediate,Intermediate,"grammar, vocabulary"
26,Listening for English Learners: 3 Short Stories + 12 Practice Questions,comprehension,https://www.engvid.com/listening-for-english-learners-3-short-stories-12-practice-questions/,Intermediate,Intermediate,comprehension
27,Everyday English: Say What People Did — Gestures & Reactions,expressions,https://www.engvid.com/everyday-english-gestures-reactions/,Intermediate,Intermediate,expressions
28,Say Sorry the Right Way: How to Make a Real Apology,culture & tips speaking vocabulary,https://www.engvid.com/say-sorry-the-right-way/,"Intermediate, Advanced",Advanced,"culture & tips, speaking, vocabulary"
29,"Say More Than “Nice”: Vocabulary for Price, Quality, and Fashion",vocabulary,https://www.engvid.com/more-than-nice-vocabulary-for-price-quality-fashion/,Intermediate,Intermediate,vocabulary
30,Say your name so people understand! Use my 3 tips.,culture & tips pronunciation,https://www.engvid.com/say-your-name-so-people-understand/,"Beginner, Intermediate",Intermediate,"culture & tips, pronunciation"
31,Learn 23 BIG Expressions in English,expressions,https://www.engvid.com/learn-23-big-expressions-in-english/,Beginner,Beginner,expressions
32,RESPECT & Support LGBTQ+ Students in Your Classroom (for Teachers & Students),culture & tips,https://www.engvid.com/respect-support-lgbtq-students/,"Beginner, Intermediate, Advanced",Advanced,culture & tips
33,English for Beginners: Learn How to Make YES/NO QUESTIONS,grammar,https://www.engvid.com/english-for-beginners-yes-no-questions/,Beginner,Beginner,grammar
34,Master English ADJECTIVES + PREPOSITIONS,grammar,https://www.engvid.com/master-english-adjectives-prepositions/,Intermediate,Intermediate,grammar
35,How to Use “WOULD” | English Grammar Explanation & Practice,grammar,https://www.engvid.com/how-to-use-would-english-grammar-explanation-practice/,Advanced,Advanced,grammar
36,"Use Animals as VERBS in English! “to parrot”, “to yak”, “to hog”…",vocabulary,https://www.engvid.com/use-animals-as-verbs-in-english-parrot-yak-hog/,Intermediate,Intermediate,vocabulary
37,EASY ENGLISH CONVERSATION: Talk about your commute to work or school,business english speaking vocabulary,https://www.engvid.com/easy-english-conversation-talk-about-your-commute/,Beginner,Beginner,"business english, speaking, vocabulary"
38,"“Get over it”, “hook up”, “blow away”: 10 Everyday English Expressions",expressions slang vocabulary,https://www.engvid.com/get-over-it-hook-up-blow-away-10-everyday-english-expressions/,Intermediate,Intermediate,"expressions, slang, vocabulary"
39,"Speak Better English at Work: Practical English for Waiters, Servers, Baristas, and more!",business english speaking,https://www.engvid.com/practical-english-for-waiters-servers-baristas/,Intermediate,Intermediate,"business english, speaking"
40,From Vision to Action: My 3-Book Formula for Success,culture & tips,https://www.engvid.com/3-book-formula-success/,"Intermediate, Advanced",Advanced,culture & tips
41,How to Say English Contractions – The EASY Way!,pronunciation,https://www.engvid.com/how-to-say-english-contractions-the-easy-way/,"Beginner, Intermediate",Intermediate,pronunciation
42,"Talking About Perimenopause in English (Yes, It’s Real.)",culture & tips,https://www.engvid.com/talking-about-perimenopause-in-english/,Intermediate,Intermediate,culture & tips
43,Social English at Work – Easy Tips for English Learners,business english culture & tips,https://www.engvid.com/social-english-at-work/,"Beginner, Intermediate, Advanced",Advanced,"business english, culture & tips"
44,EASY ENGLISH VOCABULARY: Money Slang & Expressions,slang vocabulary,https://www.engvid.com/easy-english-vocabulary-money-slang-expressions/,Intermediate,Intermediate,"slang, vocabulary"
45,Fall in LOVE…in English! Learn 10 Dating & Relationship Phrasal Verbs,expressions vocabulary,https://www.engvid.com/10-dating-relationship-phrasal-verbs/,Advanced,Advanced,"expressions, vocabulary"
46,“SOME” or “ANY”? It’s easy!,grammar vocabulary,https://www.engvid.com/some-or-any-its-easy/,Beginner,Beginner,"grammar, vocabulary"
47,"“Regime”, “sabotage”, “silhouette”: 26 French Words We Use in ENGLISH",vocabulary,https://www.engvid.com/26-french-words-we-use-in-english/,Advanced,Advanced,vocabulary
48,How to Talk About Age in English,speaking vocabulary,https://www.engvid.com/how-to-talk-about-age-in-english/,Intermediate,Intermediate,"speaking, vocabulary"
49,Improve Your English by Reading (Even if you HATE reading!),comprehension culture & tips,https://www.engvid.com/improve-your-english-even-if-you-hate-reading/,"Beginner, Intermediate",Intermediate,"comprehension, culture & tips"
50,"“Blow Up”, “Tell Off”, “Let Down”: 11 PHRASAL VERBS for Emotions",expressions vocabulary,https://www.engvid.com/11-phrasal-verbs-for-emotions/,Intermediate,Intermediate,"expressions, vocabulary"
51,Workplace English: Talking about Problems and Solutions,business english speaking,https://www.engvid.com/workplace-english-talking-about-problems-and-solutions/,Intermediate,Intermediate,"business english, speaking"
52,Are English Speakers Lazy? I CAN’(T) believe it!,pronunciation speaking,https://www.engvid.com/are-english-speakers-lazy-i-cant-believe-it/,Intermediate,Intermediate,"pronunciation, speaking"
53,Are you using “enjoy” correctly in English?,grammar,https://www.engvid.com/are-you-using-enjoy-correctly-in-english/,Intermediate,Intermediate,grammar
54,SORRY! Why Canadians say “sorry” so much,culture & tips speaking,https://www.engvid.com/sorry-why-canadians-say-sorry-so-much/,"Beginner, Intermediate",Intermediate,"culture & tips, speaking"
55,"Easy English: Talk About Your Life – Birth, Job, Marriage, and more!",speaking vocabulary,https://www.engvid.com/easy-english-talk-about-your-life-stages/,Intermediate,Intermediate,"speaking, vocabulary"
56,"Say it correctly in English! -T, -S, -TS, -NT, -CE Pronunciation",pronunciation,https://www.engvid.com/say-it-correctly-in-english-t-s-ts-nt-ce-pronunciation/,Intermediate,Intermediate,pronunciation
57,"Improve Your Vocabulary: One idea, opposite words!",vocabulary,https://www.engvid.com/improve-your-vocabulary-one-idea-opposite-words/,"Intermediate, Advanced",Advanced,vocabulary
58,Listen and Speak: English Speaking Practice for Work,business english speaking vocabulary,https://www.engvid.com/listen-and-speak-english-speaking-practice-for-work/,Advanced,Advanced,"business english, speaking, vocabulary"
59,How to Succeed in Work Meetings (Even if English isn’t your first language!),business english culture & tips,https://www.engvid.com/how-to-succeed-in-work-meetings/,Intermediate,Intermediate,"business english, culture & tips"
60,"Confusing English Grammar: “MOST”, “MOST OF”, or “ALMOST”?",grammar,https://www.engvid.com/confusing-english-grammar-most-most-of-almost/,Beginner,Beginner,grammar
61,Learn 11 Odd Metaphors in English (What do they mean???),comprehension expressions,https://www.engvid.com/learn-11-odd-metaphors-in-english/,Advanced,Advanced,"comprehension, expressions"
62,Learn English: “I live…at? on? in? near? close to?”,grammar,https://www.engvid.com/learn-english-i-live-at-on-in-near-close-to/,Beginner,Beginner,grammar
63,"11 Stylish English Collocations: “feel free”, “crystal clear”, “special someone”…",expressions,https://www.engvid.com/11-stylish-english-collocations-alliteration/,Intermediate,Intermediate,expressions
64,English for Meetings: How to Present New Ideas Strongly,business english expressions,https://www.engvid.com/english-for-meetings-how-to-present-new-ideas-strongly/,Intermediate,Intermediate,"business english, expressions"
65,Casual English Booster! 20 Passive “GET” Phrases,expressions grammar,https://www.engvid.com/casual-english-booster-20-passive-get-phrases/,Advanced,Advanced,"expressions, grammar"
66,Speak & Listen: 5 Simple English Communication Tips,culture & tips speaking,https://www.engvid.com/speak-listen-5-simple-english-communication-tips/,Beginner,Beginner,"culture & tips, speaking"
67,Confusing English Grammar: “BY” or “WITH”?,grammar,https://www.engvid.com/confusing-english-grammar-by-or-with/,Beginner,Beginner,grammar
68,Improve Your English FASTER by Reading (It really works!),culture & tips,https://www.engvid.com/improve-your-english-faster-by-reading/,"Intermediate, Advanced",Advanced,culture & tips
69,Improve Your ENGLISH FLUENCY with BINOMIALS,vocabulary,https://www.engvid.com/improve-your-english-fluency-with-binomials/,"Intermediate, Advanced",Advanced,vocabulary
70,Build Your Vocabulary FASTER!,culture & tips vocabulary,https://www.engvid.com/build-your-vocabulary-faster/,"Intermediate, Advanced",Advanced,"culture & tips, vocabulary"
71,Business English: How to get a meeting – EXACTLY what to write and say,business english,https://www.engvid.com/business-english-how-to-get-a-meeting/,"Intermediate, Advanced",Advanced,business english
72,Feeling bad about your English? 18 solutions!,culture & tips,https://www.engvid.com/feeling-bad-about-your-english-18-solutions/,"Beginner, Intermediate, Advanced",Advanced,culture & tips
73,TEST YOURSELF! Practice Listening to Reduced English Speech,comprehension pronunciation speaking,https://www.engvid.com/test-yourself-practice-listening-to-reduced-english-speech/,Advanced,Advanced,"comprehension, pronunciation, speaking"
74,5 English Expressions to use at work,expressions speaking vocabulary,https://www.engvid.com/5-english-expressions-to-use-at-work/,Intermediate,Intermediate,"expressions, speaking, vocabulary"
75,Talking about People: 8 Essential Idioms,expressions,https://www.engvid.com/talking-about-people-8-essential-idioms/,Intermediate,Intermediate,expressions
76,The Roots of Everyday English Expressions: The Bible & Folk Tales,culture & tips expressions,https://www.engvid.com/everyday-english-expressions-bible-folk-tales/,Intermediate,Intermediate,"culture & tips, expressions"
77,"English for Living in the UK: Setting up Internet, Mobile, TV Services",culture & tips speaking,https://www.engvid.com/english-for-living-in-the-uk-internet-mobile-tv-setup/,Intermediate,Intermediate,"culture & tips, speaking"
78,"Animal Phrasal Verbs! “Clam up”, “wolf down”, “monkey around”…",vocabulary,https://www.engvid.com/animal-phrasal-verbs/,"Intermediate, Advanced",Advanced,vocabulary
79,30 Minutes of ENGLISH VOCABULARY TRAINING (Interactive Practice),speaking vocabulary,https://www.engvid.com/30-minutes-of-english-vocabulary-training-interactive-practice/,Intermediate,Intermediate,"speaking, vocabulary"
80,The S.B.A.R. Method: Write Better at Work,business english writing,https://www.engvid.com/the-sbar-method-write-better-at-work/,"Intermediate, Advanced",Advanced,"business english, writing"
81,"Confusing English Words: COST, PRICE, WORTH, VALUE 🤔",vocabulary,https://www.engvid.com/confusing-english-words-cost-price-worth-value/,Intermediate,Intermediate,vocabulary
82,How to Use Subordinating Conjunctions for Better English,grammar writing,https://www.engvid.com/how-to-use-subordinating-conjunctions-for-better-english/,"Intermediate, Advanced",Advanced,"grammar, writing"
83,Confusing English Grammar: “HAVE” or “HAVING”?,grammar,https://www.engvid.com/confusing-english-grammar-have-or-having/,Intermediate,Intermediate,grammar
84,"English Vocabulary for Personal Finances – assets, equity, collateral…",expressions vocabulary,https://www.engvid.com/english-vocabulary-for-personal-finances/,Intermediate,Intermediate,"expressions, vocabulary"
85,Professional English Vocabulary for Sales,business english vocabulary,https://www.engvid.com/professional-english-vocabulary-for-sales/,"Intermediate, Advanced",Advanced,"business english, vocabulary"
86,How to Support and Empower Women Everywhere,culture & tips,https://www.engvid.com/how-to-support-and-empower-women-everywhere/,"Beginner, Intermediate, Advanced",Advanced,culture & tips
87,15 Minutes of English Speaking Practice: Phrasal Verbs,speaking vocabulary,https://www.engvid.com/15-minutes-of-english-speaking-practice-phrasal-verbs/,Intermediate,Intermediate,"speaking, vocabulary"
88,How to Pronounce ‘-ED’ in Past Tense (Beginner Tips),pronunciation,https://www.engvid.com/how-to-pronounce-ed-in-past-tense-beginner-tips/,Beginner,Beginner,pronunciation
89,Have Better Conversations: The S.E.A. Small Talk Method,culture & tips speaking,https://www.engvid.com/have-better-conversations-sea-small-talk/,Intermediate,Intermediate,"culture & tips, speaking"
90,Polite English: 4 Easy Changes You Can Make,culture & tips speaking,https://www.engvid.com/polite-english-4-easy-changes-you-can-make/,Intermediate,Intermediate,"culture & tips, speaking"
91,4 Tips for a Successful Presentation,business english,https://www.engvid.com/4-tips-for-a-successful-presentation/,"Intermediate, Advanced",Advanced,business english
92,How to Ask for Payment in English: Polite & Professional Phrases,business english,https://www.engvid.com/how-to-ask-for-payment-in-english/,Advanced,Advanced,business english
93,Why English is Weird: Many Meanings of “BEAR” & “BARE”,vocabulary,https://www.engvid.com/why-english-is-weird-bear-bare/,Intermediate,Intermediate,vocabulary
94,English Listening Practice: Phone Conversations,comprehension,https://www.engvid.com/english-listening-practice-phone-conversations/,Intermediate,Intermediate,comprehension
95,5 English Idioms to MOTIVATE & INSPIRE,expressions,https://www.engvid.com/5-english-idioms-to-motivate-inspire/,Intermediate,Intermediate,expressions
96,ALL the VOWEL SOUNDS in ENGLISH,pronunciation,https://www.engvid.com/all-the-vowel-sounds-in-english/,Beginner,Beginner,pronunciation
97,AFFECT or EFFECT? Infer or Imply? Sympathy or Empathy?,vocabulary,https://www.engvid.com/affect-effect-infer-imply-sympathy-empathy/,Advanced,Advanced,vocabulary
98,Phrasal Verbs: Add “OFF” to change the meaning of these 8 verbs,expressions vocabulary,https://www.engvid.com/8-off-phrasal-verbs/,"Intermediate, Advanced",Advanced,"expressions, vocabulary"
99,Advanced English Grammar: Multi-Clause Sentences (Embedded Clauses),grammar,https://www.engvid.com/advanced-english-grammar-multi-clause-sentences-embedded-clauses/,Advanced,Advanced,grammar
100,Whip Up Your English: Learn These 6 Expressions!,expressions slang,https://www.engvid.com/whip-up-your-english-learn-these-6-expressions/,Intermediate,Intermediate,"expressions, slang"
101,"When to use DURING, FOR, and SINCE in English",grammar,https://www.engvid.com/when-to-use-during-for-since-in-english/,Intermediate,Intermediate,grammar
102,Learn Past Tense IRREGULAR VERBS the EASY Way!,grammar,https://www.engvid.com/learn-past-tense-irregular-verbs-the-easy-way/,Beginner,Beginner,grammar
103,The Expectation Effect: 3 Mental Methods to Learn English Faster,culture & tips,https://www.engvid.com/the-expectation-effect-3-mental-methods-to-learn-english-faster/,Advanced,Advanced,culture & tips
104,12 Confusing English Adjectives,vocabulary,https://www.engvid.com/12-confusing-english-adjectives/,Intermediate,Intermediate,vocabulary
105,Improve Your English Listening & Speaking…ALONE! My Self-Study Tips,culture & tips,https://www.engvid.com/listening-and-speaking-alone-self-study-tips/,"Beginner, Intermediate",Intermediate,culture & tips
106,How to Remember Names: The F.R.L.R. Method,culture & tips,https://www.engvid.com/how-to-remember-names-the-frlr-method/,"Intermediate, Advanced",Advanced,culture & tips
107,“Glow-Up” Your English: Improve Fluency & Confidence,,https://www.engvid.com/glow-up-your-english-improve-fluency-confidence/,"Intermediate, Advanced",Advanced,
108,Let’s talk! Learn 5 “TALK” Phrasal Verbs,expressions vocabulary,https://www.engvid.com/lets-talk-learn-5-talk-phrasal-verbs/,Intermediate,Intermediate,"expressions, vocabulary"
109,How to Say Years in English,pronunciation speaking,https://www.engvid.com/how-to-say-years-in-english/,"Beginner, Intermediate",Intermediate,"pronunciation, speaking"
110,Advanced English: 5 Idioms with Unexpected Histories,expressions,https://www.engvid.com/advanced-english-5-idioms-with-unexpected-histories/,Advanced,Advanced,expressions
111,“GOOD” or “WELL”? What’s the difference?,grammar,https://www.engvid.com/good-or-well-whats-the-difference/,Beginner,Beginner,grammar
112,"Professional English Communication: Invitations, Small Talk, and Thank Yous",business english,https://www.engvid.com/professional-english-communication-invitations-small-talk-thank-yous/,Advanced,Advanced,business english
113,"Live, Work, or Study in Canada: IELTS or CELPIP?",culture & tips IELTS,https://www.engvid.com/live-work-or-study-in-canada-ielts-or-celpip/,Intermediate,Intermediate,"culture & tips, ielts"
114,20 “TO” Phrases That Can Use Verb+ing,grammar,https://www.engvid.com/20-to-phrases-that-can-use-verbing/,Advanced,Advanced,grammar
115,Learn 7 Advanced English Words Through Storytelling,comprehension vocabulary,https://www.engvid.com/learn-7-advanced-english-words-through-storytelling/,Advanced,Advanced,"comprehension, vocabulary"
116,"English Vocabulary: Housework – Dishes, Errands, Laundry…",speaking vocabulary,https://www.engvid.com/english-vocabulary-housework-dishes-errands-laundry/,Beginner,Beginner,"speaking, vocabulary"
117,"Learn English: LESS, FEWER, FEW, LITTLE, A FEW, A LITTLE, MORE",grammar,https://www.engvid.com/learn-english-less-fewer-few-little-more/,Intermediate,Intermediate,grammar
118,How to Make an Appointment in English – Prepositions & Expressions,grammar speaking,https://www.engvid.com/how-to-make-an-appointment-in-english-prepositions-expressions/,Intermediate,Intermediate,"grammar, speaking"
119,Essential English for Teamwork & Sharing Ideas,business english,https://www.engvid.com/essential-english-for-teamwork-sharing-ideas/,Intermediate,Intermediate,business english
120,9 Ways to Feel More Comfortable in Groups,culture & tips speaking,https://www.engvid.com/9-ways-to-feel-more-comfortable-in-groups/,"Intermediate, Advanced",Advanced,"culture & tips, speaking"
121,"Speak Like a Native Shopper: English Vocabulary for Shopping, Sales…and SCAMS!",expressions vocabulary,https://www.engvid.com/speak-like-a-native-shopper-english-vocabulary-for-shopping-sales-scams/,Intermediate,Intermediate,"expressions, vocabulary"
122,15 Minutes of English Listening Practice: Listen and Learn!,comprehension,https://www.engvid.com/15-minutes-of-english-listening-practice-listen-and-learn/,Intermediate,Intermediate,comprehension
123,Expand Your Vocabulary: Say More Than “HAPPY” & “SAD”,vocabulary,https://www.engvid.com/expand-your-vocabulary-say-more-than-happy-sad/,"Intermediate, Advanced",Advanced,vocabulary
124,Speak English Naturally: Master LIP & TEETH Sounds in English,pronunciation,https://www.engvid.com/speak-english-naturally-master-lip-teeth-sounds-in-english/,"Beginner, Intermediate",Intermediate,pronunciation
125,Business English Vocabulary: The Production Cycle & Supply Chain,business english vocabulary,https://www.engvid.com/business-english-vocabulary-production-cycle-supply-chain/,Intermediate,Intermediate,"business english, vocabulary"
126,Speak Like a Manager: 8 Better Ways to Say “IMPORTANT”,business english expressions,https://www.engvid.com/speak-like-a-manager-8-better-ways-to-say-important/,Advanced,Advanced,"business english, expressions"
127,15 PHRASAL VERBS for Business and the Office,business english expressions vocabulary,https://www.engvid.com/15-phrasal-verbs-for-business-and-the-office/,Intermediate,Intermediate,"business english, expressions, vocabulary"
128,Reading Body Language: How to tell if someone is interested or bored!,business english culture & tips,https://www.engvid.com/reading-body-language-interested-or-bored/,Intermediate,Intermediate,"business english, culture & tips"
129,Easy English PHRASAL VERBS for Beginners,expressions vocabulary,https://www.engvid.com/easy-english-phrasal-verbs-for-beginners/,Beginner,Beginner,"expressions, vocabulary"
130,Idiom Battle! Learn 10 English Idioms AND their Opposites!,expressions,https://www.engvid.com/idiom-battle-learn-10-english-idioms-and-their-opposites/,Intermediate,Intermediate,expressions
131,"Confusing English Words: NO, KNOW, NOW",vocabulary,https://www.engvid.com/confusing-english-words-no-know-now/,Beginner,Beginner,vocabulary
132,Master English Modals: “SHOULD” or “SHOULD HAVE”?,grammar,https://www.engvid.com/master-english-modals-should-or-should-have/,Intermediate,Intermediate,grammar
133,Making Business Decisions in English: Key Phrases,business english,https://www.engvid.com/making-business-decisions-in-english-key-phrases/,Advanced,Advanced,business english
134,Political Vocabulary in English: 21 Common Terms,culture & tips vocabulary,https://www.engvid.com/political-vocabulary-in-english-21-common-terms/,Advanced,Advanced,"culture & tips, vocabulary"
135,"ONLY, ONLY, ONLY: So many meanings!",grammar speaking,https://www.engvid.com/only-only-only-so-many-meanings/,Advanced,Advanced,"grammar, speaking"
136,“He and I” or “Him and me”? Learn the difference! (English Pronoun Rules),grammar,https://www.engvid.com/he-and-i-him-and-me-english-pronoun-rules/,Intermediate,Intermediate,grammar
137,Easy English Conversation: SUGGEST & RECOMMEND,grammar speaking,https://www.engvid.com/easy-english-conversation-suggest-recommend/,"Beginner, Intermediate",Intermediate,"grammar, speaking"
138,“Having” + Past Participle | Advanced English Grammar,grammar writing,https://www.engvid.com/having-past-participle-advanced-english-grammar/,Advanced,Advanced,"grammar, writing"
139,12 Easy English Expressions with “AT”,expressions,https://www.engvid.com/12-easy-english-expressions-with-at/,"Beginner, Intermediate",Intermediate,expressions
140,"English for Ordering Food: Allergies, Vegan, Halal, Gluten-free…",culture & tips speaking vocabulary,https://www.engvid.com/english-for-ordering-food-allergies-vegan-halal-gluten-free/,"Intermediate, Advanced",Advanced,"culture & tips, speaking, vocabulary"
141,LEARN PHRASAL VERBS THE FUNNY WAY,expressions vocabulary,https://www.engvid.com/learn-phrasal-verbs-the-funny-way/,Intermediate,Intermediate,"expressions, vocabulary"
142,10 “ON” Phrasal Verbs,expressions vocabulary,https://www.engvid.com/10-on-phrasal-verbs/,Intermediate,Intermediate,"expressions, vocabulary"
143,“Should I move to Canada?”,culture & tips,https://www.engvid.com/should-i-move-to-canada/,"Beginner, Intermediate, Advanced",Advanced,culture & tips
144,12 Confusing English Nouns,vocabulary,https://www.engvid.com/12-confusing-english-nouns/,Beginner,Beginner,vocabulary
145,Easy English Conversation: How to Ask for and Give Instructions,speaking vocabulary,https://www.engvid.com/easy-english-conversation-how-to-ask-for-and-give-instructions/,Beginner,Beginner,"speaking, vocabulary"
146,Master 9 Types of English Questions,grammar,https://www.engvid.com/master-9-types-of-english-questions/,"Intermediate, Advanced",Advanced,grammar
147,5 Ways to Practice Speaking English Alone,culture & tips speaking,https://www.engvid.com/5-ways-to-practice-speaking-english-alone/,Intermediate,Intermediate,"culture & tips, speaking"
148,ENGLISH FOR BEGINNERS: 12 Confusing Words,vocabulary,https://www.engvid.com/english-for-beginners-12-confusing-words/,Beginner,Beginner,vocabulary
149,"“I USED TO”, “I GOT USED TO”, “I’M USED TO”: What’s the difference?!",grammar,https://www.engvid.com/i-used-to-i-got-used-to-im-used-to-whats-the-difference/,Intermediate,Intermediate,grammar
150,"English for Parents: Speak with Your Child’s Teacher | Vocabulary, Questions, Tips",culture & tips speaking,https://www.engvid.com/english-for-parents-speak-with-your-childs-teacher/,"Intermediate, Advanced",Advanced,"culture & tips, speaking"
151,10 Prepositional Phrases you should know | English Vocabulary & Conversation,speaking vocabulary,https://www.engvid.com/10-prepositional-phrases-english-vocabulary-conversation/,Advanced,Advanced,"speaking, vocabulary"
152,Improve Your Business English Vocabulary: 40 PROFESSIONAL ENGLISH WORDS,business english vocabulary,https://www.engvid.com/business-english-vocabulary-40-professional-english-words/,"Intermediate, Advanced",Advanced,"business english, vocabulary"
153,FLUENT ENGLISH: Understand & Use Contractions like a Native Speaker,pronunciation speaking,https://www.engvid.com/fluent-english-contractions/,Intermediate,Intermediate,"pronunciation, speaking"
154,"Gill Stoker, 1954⁠–⁠2024",culture & tips,https://www.engvid.com/gill-stoker-1954%e2%81%a0-2024/,"Beginner, Intermediate, Advanced",Advanced,culture & tips
155,Learn English Tenses: PRESENT PERFECT with Unfinished Time,grammar,https://www.engvid.com/learn-english-tenses-present-perfect-with-unfinished-time/,Advanced,Advanced,grammar
156,"Easy English Conversation: MEET, SEE, GET TOGETHER, MEET UP…",speaking vocabulary,https://www.engvid.com/easy-english-conversation-meet-see-get-together-meet-up/,Beginner,Beginner,"speaking, vocabulary"
157,How to introduce yourself in a group,culture & tips speaking,https://www.engvid.com/how-to-introduce-yourself-in-a-group/,"Beginner, Intermediate",Intermediate,"culture & tips, speaking"
158,Confusing Subject & Object Pronouns: HE or HIM? I or ME? SHE AND I or HER AND I…?,,https://www.engvid.com/confusing-subject-object-pronouns/,"Beginner, Intermediate",Intermediate,
159,How to pronounce ‘A’ in English (It’s not that easy!),pronunciation,https://www.engvid.com/how-to-pronounce-a-in-english/,Intermediate,Intermediate,pronunciation
160,"Learn 25 Business English Idioms: “face the music”, “hard sell”, “pass the buck”…",business english expressions,https://www.engvid.com/learn-25-business-english-idioms/,"Intermediate, Advanced",Advanced,"business english, expressions"
161,Take the PIG Personality Test: Learn about yourself in English,culture & tips,https://www.engvid.com/take-the-pig-personality-test/,Intermediate,Intermediate,culture & tips
162,Natural English: 5 Easy Idioms You Can Learn TODAY!,expressions speaking,https://www.engvid.com/natural-english-5-easy-idioms/,Intermediate,Intermediate,"expressions, speaking"
163,"Learn English Vocabulary: Thieves, Robbers, Stealing, Breaking Into…",vocabulary,https://www.engvid.com/learn-english-vocabulary-theft/,Intermediate,Intermediate,vocabulary
164,"Say it correctly in English! -TION, -SION, -CIAN, -TIAN, -CION Pronunciation",pronunciation,https://www.engvid.com/tion-sion-cian-tian-cion-pronunciation/,Intermediate,Intermediate,pronunciation
165,“I” or “ME”?,grammar,https://www.engvid.com/i-or-me/,Intermediate,Intermediate,grammar
166,Play games and improve your English?! YES!!!,culture & tips,https://www.engvid.com/play-games-and-improve-your-english/,"Beginner, Intermediate",Intermediate,culture & tips
167,Learn 10 ENGLISH IDIOMS from Entertainment,expressions,https://www.engvid.com/learn-10-english-idioms-from-entertainment/,Intermediate,Intermediate,expressions
168,British English & American English: SPELLING DIFFERENCES,grammar writing,https://www.engvid.com/british-english-american-english-spelling-differences/,Intermediate,Intermediate,"grammar, writing"
169,✈ TRAVEL ENGLISH: Vocabulary & expressions for the airport ✈️,vocabulary,https://www.engvid.com/travel-english-vocabulary-expressions-for-the-airport/,"Beginner, Intermediate",Intermediate,vocabulary
170,Learn the BEST Canadian Slang,slang,https://www.engvid.com/learn-the-best-canadian-slang/,"Intermediate, Advanced",Advanced,slang
171,Watch this! 10 Ways to Use Imperatives,grammar speaking,https://www.engvid.com/watch-this-10-ways-to-use-imperatives/,Intermediate,Intermediate,"grammar, speaking"
172,English Vocabulary Builder: HOUSING (American & British English),vocabulary,https://www.engvid.com/english-vocabulary-builder-housing-american-british-english/,Intermediate,Intermediate,vocabulary
173,How to use the PAST PERFECT TENSE…today!,grammar speaking,https://www.engvid.com/how-to-use-the-past-perfect-tense-today/,Intermediate,Intermediate,"grammar, speaking"
174,3 Common Problems in Learning English (+ how to solve them),culture & tips,https://www.engvid.com/3-common-problems-in-learning-english-how-to-solve-them/,"Beginner, Intermediate, Advanced",Advanced,culture & tips
175,15 PHRASAL VERBS with meanings you can’t guess!,expressions vocabulary,https://www.engvid.com/15-food-phrasal-verbs-with-meanings-you-cant-guess/,Intermediate,Intermediate,"expressions, vocabulary"
176,"Visiting London? Enjoy the theatre! What to see, where to go, what to expect.",culture & tips,https://www.engvid.com/visiting-london-enjoy-theatre/,"Intermediate, Advanced",Advanced,culture & tips
177,1 English Phrasal Verb with 10 meanings: PUT OUT!,expressions vocabulary,https://www.engvid.com/english-phrasal-verb-put-out/,Intermediate,Intermediate,"expressions, vocabulary"
178,Let’s get going! 10 Casual English Expressions You Can Start Using RIGHT NOW,speaking vocabulary,https://www.engvid.com/lets-get-going-10-casual-english-expressions/,Advanced,Advanced,"speaking, vocabulary"
179,Let’s relax and learn some English vocabulary & expressions!,grammar vocabulary,https://www.engvid.com/relax-english-vocabulary-expressions/,Intermediate,Intermediate,"grammar, vocabulary"
180,“LEND” or “BORROW”? What’s the difference?,vocabulary,https://www.engvid.com/lend-or-borrow/,Beginner,Beginner,vocabulary
181,"English Vocabulary Hack: 15 words, 30 meanings!",vocabulary,https://www.engvid.com/english-vocabulary-hack-15-words-30-meanings/,"Intermediate, Advanced",Advanced,vocabulary
182,Improve Your Vocabulary: 8 Words for Intermediate English Learners,vocabulary,https://www.engvid.com/improve-your-vocabulary-8-words-for-intermediate-english-learners/,"Intermediate, Advanced",Advanced,vocabulary
183,Professional & Business English: Negotiating Vocabulary,business english expressions vocabulary,https://www.engvid.com/professional-business-english-negotiating-vocabulary/,Intermediate,Intermediate,"business english, expressions, vocabulary"
184,How to understand and enjoy English poetry,culture & tips,https://www.engvid.com/how-to-understand-and-enjoy-english-poetry/,Advanced,Advanced,culture & tips
185,LEARN ENGLISH: How to talk about people & events in the past,grammar vocabulary,https://www.engvid.com/learn-english-how-to-talk-about-people-events-in-the-past/,"Intermediate, Advanced",Advanced,"grammar, vocabulary"
186,Want to Immigrate to Canada? Here’s What You Need to Know.,culture & tips,https://www.engvid.com/want-to-immigrate-to-canada/,Intermediate,Intermediate,culture & tips
187,EASY ENGLISH CONVERSATION: How to tell a story in English,expressions speaking,https://www.engvid.com/easy-english-conversation-how-to-tell-a-story-in-english/,"Intermediate, Advanced",Advanced,"expressions, speaking"
188,English for Beginners: Learn all the CONSONANT SOUNDS,pronunciation,https://www.engvid.com/english-for-beginners-all-consonant-sounds/,Beginner,Beginner,pronunciation
189,"9 Easy 2-Word English Expressions: “on call”, “on edge”, “on board”…",expressions,https://www.engvid.com/9-easy-2-word-english-expressions/,Intermediate,Intermediate,expressions
190,SIMPLE PAST or PRESENT PERFECT? When + how to use them!,grammar,https://www.engvid.com/simple-past-or-present-perfect-when-how-to-use-them/,Intermediate,Intermediate,grammar
191,English for Real Life: Renting a Car,vocabulary,https://www.engvid.com/english-for-real-life-renting-a-car/,Intermediate,Intermediate,vocabulary
192,25+ English Expressions for Musicians & Music Lovers,culture & tips expressions,https://www.engvid.com/25-english-expressions-for-musicians-music-lovers/,Intermediate,Intermediate,"culture & tips, expressions"
193,25+ Ways to Make Friends in English,culture & tips,https://www.engvid.com/25-ways-to-make-friends-in-english/,"Beginner, Intermediate, Advanced",Advanced,culture & tips
194,LEARN ENGLISH MODALS with Sherlock Holmes,grammar,https://www.engvid.com/learn-english-modals-with-sherlock-holmes/,Intermediate,Intermediate,grammar
195,Learn 10 English Idioms with ‘BOOK’,expressions,https://www.engvid.com/learn-10-english-idioms-with-book/,Intermediate,Intermediate,expressions
196,3 Keys to Learning English,culture & tips,https://www.engvid.com/3-keys-to-learning-english/,"Beginner, Intermediate",Intermediate,culture & tips
197,How to say the days of the week correctly in English,pronunciation,https://www.engvid.com/how-to-say-the-days-of-the-week-correctly-in-english/,Beginner,Beginner,pronunciation
198,10 English Expressions with meanings you can’t guess,expressions,https://www.engvid.com/10-english-expressions-with-meanings-you-cant-guess/,Intermediate,Intermediate,expressions
199,Vocabulary of International Trade | Business English,business english expressions vocabulary,https://www.engvid.com/vocabulary-of-international-trade-business-english/,Advanced,Advanced,"business english, expressions, vocabulary"
200,“Yes… No… Yeah… Sure.” WHAT???,culture & tips slang speaking,https://www.engvid.com/yes-no-yeah-sure-what/,Intermediate,Intermediate,"culture & tips, slang, speaking"
201,CORRECT YOUR ENGLISH: Top 10 Mistakes with Gerunds & Infinitives,grammar,https://www.engvid.com/top-10-mistakes-gerunds-infinitives/,Intermediate,Intermediate,grammar
202,Customer Service English: The H.E.A.R.T. Approach,culture & tips,https://www.engvid.com/customer-service-english-the-heart-approach/,Intermediate,Intermediate,culture & tips
203,"Formal, Neutral, Informal: Use the correct register in English!",culture & tips vocabulary,https://www.engvid.com/formal-neutral-informal-use-the-correct-register-in-english/,Advanced,Advanced,"culture & tips, vocabulary"
204,Upgrade Your Vocabulary: 6 ADVANCED ENGLISH VERBS,IELTS TOEFL vocabulary,https://www.engvid.com/upgrade-your-vocabulary-6-advanced-english-verbs/,Advanced,Advanced,"ielts, vocabulary"
205,Speak and be understood! ‘TH’ & ‘D’ Sounds in English,pronunciation,https://www.engvid.com/th-d-sounds-in-english/,Intermediate,Intermediate,pronunciation
206,"21 English Expressions with “FIRST”: first timer, first light, if at first…",expressions,https://www.engvid.com/21-english-expressions-first/,Intermediate,Intermediate,expressions
207,Upgrade Your English: “AS LONG AS” & “AS FAR AS”,expressions vocabulary,https://www.engvid.com/as-long-as-as-far-as/,Intermediate,Intermediate,"expressions, vocabulary"
208,How to Write a Formal Email: 12 Rules,business english writing,https://www.engvid.com/how-to-write-a-formal-email-12-rules/,Intermediate,Intermediate,"business english, writing"
209,Speak like a Pro! 25 Business English Phrases,business english vocabulary,https://www.engvid.com/speak-like-a-pro-25-business-english-phrases/,Intermediate,Intermediate,"business english, vocabulary"
210,Easy English Conversation: Talk about interests and hobbies,speaking vocabulary,https://www.engvid.com/easy-english-conversation-interests-hobbies/,"Beginner, Intermediate",Intermediate,"speaking, vocabulary"
211,Top 10 Pronunciation Tips for IELTS Success,IELTS pronunciation TOEFL,https://www.engvid.com/top-10-pronunciation-tips-for-ielts-success/,Intermediate,Intermediate,"ielts, pronunciation"
212,Syllable Stress in Long English Words,pronunciation vocabulary,https://www.engvid.com/syllable-stress-in-long-english-words/,Advanced,Advanced,"pronunciation, vocabulary"
213,Learn English Vocabulary: Shopping at the Supermarket,vocabulary,https://www.engvid.com/learn-english-vocabulary-shopping-at-the-supermarket/,Beginner,Beginner,vocabulary
214,"Say & Write Numbers in English: currencies, fractions, percentages, decimals, large numbers",business english IELTS vocabulary writing,https://www.engvid.com/say-write-numbers-in-english/,Intermediate,Intermediate,"business english, ielts, vocabulary, writing"
215,"Test Your Personality, Improve Your English!",culture & tips vocabulary,https://www.engvid.com/test-your-personality-improve-your-english/,"Beginner, Intermediate, Advanced",Advanced,"culture & tips, vocabulary"
216,LOVE AND GRAMMAR: English for Online Dating,culture & tips grammar writing,https://www.engvid.com/love-and-grammar-english-for-online-dating/,"Beginner, Intermediate, Advanced",Advanced,"culture & tips, grammar, writing"
217,PREPOSITIONS IN ENGLISH: Learn 20 Verbs with Prepositions,grammar,https://www.engvid.com/prepositions-in-english-20-verbs-with-prepositions/,Intermediate,Intermediate,grammar
218,PRONUNCIATION: The 2 ways to say ‘TH’ in English,pronunciation,https://www.engvid.com/pronunciation-2-ways-to-say-th/,Beginner,Beginner,pronunciation
219,Confusing English Grammar: “THERE IS” or “THERE ARE”?,grammar,https://www.engvid.com/confusing-english-grammar-there-is-or-there-are/,"Beginner, Intermediate, Advanced",Advanced,grammar
220,PHRASAL VERBS: How pronunciation changes their meaning,pronunciation,https://www.engvid.com/phrasal-verbs-how-pronunciation-changes-their-meaning/,Advanced,Advanced,pronunciation
221,Business English for Project Management & Budgets,business english vocabulary,https://www.engvid.com/business-english-for-project-management-budgets/,"Intermediate, Advanced",Advanced,"business english, vocabulary"
222,VERBS to PHRASAL VERBS: Their meaning changes!,expressions vocabulary,https://www.engvid.com/verbs-to-phrasal-verbs-their-meaning-changes/,Advanced,Advanced,"expressions, vocabulary"
223,Start Using the 2nd Conditional in Real English Conversations,grammar speaking,https://www.engvid.com/2nd-conditional-real-english-conversations/,Advanced,Advanced,"grammar, speaking"
224,"Speak English Naturally: WANNA, GIMME, LEMME, GONNA",pronunciation speaking,https://www.engvid.com/speak-english-naturally-wanna-gimme-lemme-gonna/,Intermediate,Intermediate,"pronunciation, speaking"
225,Improve Your Vocabulary Easily: Add “-NESS”!,vocabulary,https://www.engvid.com/improve-your-vocabulary-easily-add-ness/,Beginner,Beginner,vocabulary
226,11 English Expressions for Starting a New Job or Business,business english expressions,https://www.engvid.com/11-english-expressions-new-job-business/,Intermediate,Intermediate,"business english, expressions"
227,"Learn English Grammar: FEW, LITTLE, A FEW, A LITTLE",grammar,https://www.engvid.com/learn-english-grammar-few-little-a-few-a-little/,"Intermediate, Advanced",Advanced,grammar
228,How to stay motivated to learn,culture & tips,https://www.engvid.com/how-to-stay-motivated-to-learn/,"Beginner, Intermediate, Advanced",Advanced,culture & tips
229,"The Future in English: Modals, Conditionals, Clauses, Tenses, Phrases",grammar,https://www.engvid.com/future-english-modals-conditionals-clauses-tenses-phrases/,Intermediate,Intermediate,grammar
230,How to Make a Good First Impression,culture & tips expressions,https://www.engvid.com/how-to-make-a-good-first-impression/,Intermediate,Intermediate,"culture & tips, expressions"
231,Can you solve these 10 FUN RIDDLES?,comprehension vocabulary,https://www.engvid.com/10-fun-riddles/,Advanced,Advanced,"comprehension, vocabulary"
232,Learn English Grammar: INDIRECT SPEECH (REPORTED SPEECH),grammar,https://www.engvid.com/learn-english-grammar-indirect-speech-reported-speech/,"Intermediate, Advanced",Advanced,grammar
233,Famous Quotations from Charles Dickens,culture & tips,https://www.engvid.com/famous-quotations-from-charles-dickens/,Advanced,Advanced,culture & tips
234,Basic English Word Order: Place & Time,grammar,https://www.engvid.com/basic-english-word-order-place-time/,Beginner,Beginner,grammar
235,English for Finance: 7 Key Terms,business english vocabulary,https://www.engvid.com/english-for-finance-7-key-terms/,Advanced,Advanced,"business english, vocabulary"
236,Understand Real English: Famous Lines from Movies,culture & tips expressions,https://www.engvid.com/understand-real-english-famous-lines-from-movies/,Intermediate,Intermediate,"culture & tips, expressions"
237,English Vocabulary & Expressions from Boxing,expressions vocabulary,https://www.engvid.com/english-vocabulary-expressions-from-boxing/,"Intermediate, Advanced",Advanced,"expressions, vocabulary"
238,The 7 Meanings of “DROP” in English,slang vocabulary,https://www.engvid.com/the-7-meanings-of-drop-in-english/,Intermediate,Intermediate,"slang, vocabulary"
239,Try it out! Go from Standard to Casual English (15 Common Sentences),speaking vocabulary,https://www.engvid.com/go-from-standard-to-casual-english/,Advanced,Advanced,"speaking, vocabulary"
240,Learn English with Mario,culture & tips pronunciation,https://www.engvid.com/learn-english-with-mario/,"Beginner, Intermediate, Advanced",Advanced,"culture & tips, pronunciation"
241,How to Ask Open-Ended Questions (with 100+ examples!),English resource speaking,https://www.engvid.com/english-resource/how-to-ask-open-ended-questions-with-100-examples/,Advanced,Advanced,"english resource, speaking"
242,How to turn a conversation into a connection,business english speaking,https://www.engvid.com/how-to-turn-a-conversation-into-a-connection/,"Intermediate, Advanced",Advanced,"business english, speaking"
243,Basic English Grammar: When & how to add ‘s’,grammar,https://www.engvid.com/basic-english-grammar-when-how-to-add-s/,Beginner,Beginner,grammar
244,How to Defend Yourself in English,culture & tips,https://www.engvid.com/how-to-defend-yourself-in-english/,"Intermediate, Advanced",Advanced,culture & tips
245,5 Common Writing Mistakes to Avoid,writing,https://www.engvid.com/5-common-writing-mistakes-to-avoid/,Advanced,Advanced,writing
246,Business English: How to Network Successfully,business english expressions,https://www.engvid.com/business-english-how-to-network-successfully/,"Intermediate, Advanced",Advanced,"business english, expressions"
247,"Word Stress: 1 Sentence, 7 Different Meanings!",pronunciation speaking,https://www.engvid.com/word-stress-1-sentence-7-different-meanings/,"Intermediate, Advanced",Advanced,"pronunciation, speaking"
248,Prepositions Make a Difference: “THINK OF” or “THINK ABOUT”?,grammar vocabulary,https://www.engvid.com/prepositions-think-of-think-about/,Intermediate,Intermediate,"grammar, vocabulary"
249,Don’t plagiarize! How to cite correctly in academic writing,culture & tips writing,https://www.engvid.com/dont-plagiarize-how-to-cite-correctly-in-academic-writing/,"Intermediate, Advanced",Advanced,"culture & tips, writing"
250,EASY EMAIL: Sending Good & Bad News,business english writing,https://www.engvid.com/easy-email-sending-good-bad-news/,Intermediate,Intermediate,"business english, writing"
251,"Listening, Vocabulary, Comprehension: 7 Advanced Words",comprehension vocabulary,https://www.engvid.com/listening-vocabulary-comprehension-7-advanced-words/,Advanced,Advanced,"comprehension, vocabulary"
252,"Learn English: Baseball Vocabulary, Expressions, Rules, and Culture",culture & tips expressions vocabulary,https://www.engvid.com/learn-english-baseball-vocabulary/,Intermediate,Intermediate,"culture & tips, expressions, vocabulary"
253,"English for Moving to the UK: documents, services, utilities",culture & tips vocabulary,https://www.engvid.com/english-for-moving-to-the-uk-documents-services-utilities/,Intermediate,Intermediate,"culture & tips, vocabulary"
254,Learn about Yourself + Learn Vocabulary: The Animal Personality Test,culture & tips vocabulary,https://www.engvid.com/personality-vocabulary-animal-personality-test/,"Beginner, Intermediate",Intermediate,"culture & tips, vocabulary"
255,Learning English? 5 Things to Avoid,culture & tips,https://www.engvid.com/learning-english-5-things-to-avoid/,"Beginner, Intermediate",Intermediate,culture & tips
256,Speak English Naturally: SCHWA Pronunciation,pronunciation vocabulary,https://www.engvid.com/speak-english-naturally-schwa-pronunciation/,Beginner,Beginner,"pronunciation, vocabulary"
257,How to Remember Vocabulary: The W.R.A.P. Method,culture & tips vocabulary,https://www.engvid.com/how-to-remember-vocabulary-the-wrap-method/,"Beginner, Intermediate, Advanced",Advanced,"culture & tips, vocabulary"
258,Confusing English Grammar: “IS” or “ARE”?,grammar,https://www.engvid.com/confusing-english-grammar-is-or-are/,Intermediate,Intermediate,grammar
259,Prepositions Make a Difference: “HEAR OF” & “HEAR ABOUT”,grammar vocabulary,https://www.engvid.com/prepositions-hear-of-hear-about/,Intermediate,Intermediate,"grammar, vocabulary"
260,"16 “MAKE” Phrasal Verbs: “make for”, “make off”, “make out”…",vocabulary,https://www.engvid.com/16-make-phrasal-verbs/,Intermediate,Intermediate,vocabulary
261,"Improve Your Vocabulary: 21 ways to say YES, NO, and MAYBE",expressions vocabulary,https://www.engvid.com/improve-your-vocabulary-yes-no-maybe/,Advanced,Advanced,"expressions, vocabulary"
262,What to say in uncomfortable situations,culture & tips,https://www.engvid.com/what-to-say-in-uncomfortable-situations/,"Intermediate, Advanced",Advanced,culture & tips
263,C1 Advanced English for Professional Emails,business english writing,https://www.engvid.com/c1-advanced-english-for-professional-emails/,Advanced,Advanced,"business english, writing"
264,"Negative Words in English: No, Not, Don’t, Didn’t",grammar,https://www.engvid.com/negative-words-in-english-no-not-dont-didnt/,Beginner,Beginner,grammar
265,Basic English: The 8 Parts of Speech,grammar,https://www.engvid.com/basic-english-the-8-parts-of-speech/,Beginner,Beginner,grammar
266,Improve Your Pronunciation: The Short A in English,pronunciation,https://www.engvid.com/improve-your-pronunciation-short-a-english/,Beginner,Beginner,pronunciation
267,Adam’s 5 Tips for Teaching a Beginner’s English Class,culture & tips,https://www.engvid.com/adams-5-tips-for-teaching-a-beginners-english-class/,"Beginner, Intermediate",Intermediate,culture & tips
268,"How to Sell: yourself, your products, your services",business english,https://www.engvid.com/how-to-sell-yourself-products-services/,Advanced,Advanced,business english
269,Update your resume and get a job!,business english culture & tips,https://www.engvid.com/update-your-resume-and-get-a-job/,Intermediate,Intermediate,"business english, culture & tips"
270,PHRASAL VERBS that mean the same thing!,expressions vocabulary,https://www.engvid.com/phrasal-verbs-that-mean-the-same-thing/,Advanced,Advanced,"expressions, vocabulary"
271,"RESPECT – How to give it, how to get it",culture & tips speaking,https://www.engvid.com/respect-how-to-give-it-how-to-get-it/,"Intermediate, Advanced",Advanced,"culture & tips, speaking"
272,Learn English Grammar: DIRECT & INDIRECT SPEECH (REPORTED SPEECH),grammar,https://www.engvid.com/learn-english-grammar-direct-indirect-reported-speech/,Advanced,Advanced,grammar
273,How to use ChatGPT to study for the IELTS exam,IELTS,https://www.engvid.com/how-to-use-chatgpt-to-study-for-the-ielts-exam/,Intermediate,Intermediate,ielts
274,"Prepositions in Real Life: SINCE, FOR, DURING, WHILE",grammar,https://www.engvid.com/prepositions-in-real-life-since-for-during-while/,Beginner,Beginner,grammar
275,Essential English Grammar: WILL or WOULD?,grammar,https://www.engvid.com/essential-english-grammar-will-or-would/,Intermediate,Intermediate,grammar
276,Learn English Grammar: The 3rd Conditional,grammar,https://www.engvid.com/learn-english-grammar-3rd-conditional/,Intermediate,Intermediate,grammar
277,Learn English: Say & spell -CH and -TCH words easily,pronunciation writing,https://www.engvid.com/learn-english-say-spell-ch-tch-words-easily/,Intermediate,Intermediate,"pronunciation, writing"
278,10 ENGLISH TONGUE TWISTERS to improve your speaking skills,pronunciation,https://www.engvid.com/10-english-tongue-twisters/,Intermediate,Intermediate,pronunciation
279,Commas | When & how to use commas in English writing,English resource writing,https://www.engvid.com/english-resource/commas-how-to-use-in-english-writing/,Advanced,Advanced,"english resource, writing"
280,Easy English Conversation: REGRETS,grammar speaking,https://www.engvid.com/easy-english-conversation-regrets/,Intermediate,Intermediate,"grammar, speaking"
281,Basic English: How to pronounce -NGTH words,pronunciation vocabulary,https://www.engvid.com/basic-english-how-to-pronounce-ngth-words/,Beginner,Beginner,"pronunciation, vocabulary"
282,Conversation Skills: 5 questions to make you the most interesting person in the room,culture & tips speaking,https://www.engvid.com/conversation-skills-5-questions-most-interesting-person-in-the-room/,Advanced,Advanced,"culture & tips, speaking"
283,"10 “LOOK” Phrasal Verbs: “look up”, “look for”, “look into”…",expressions vocabulary,https://www.engvid.com/10-look-phrasal-verbs/,"Intermediate, Advanced",Advanced,"expressions, vocabulary"
284,“WHO’S YOUR DADDY?” 13 English Expressions of Superiority,expressions slang,https://www.engvid.com/whos-your-daddy-13-english-expressions-of-superiority/,Advanced,Advanced,"expressions, slang"
285,Improve Your Creative Writing: Why & How,culture & tips writing,https://www.engvid.com/improve-your-creative-writing-why-how/,Advanced,Advanced,"culture & tips, writing"
286,How to use ChatGPT to learn a language,culture & tips,https://www.engvid.com/how-to-use-chatgpt-to-learn-a-language/,"Beginner, Intermediate, Advanced",Advanced,culture & tips
287,PHRASAL VERBS for hanging out with friends,expressions vocabulary,https://www.engvid.com/phrasal-verbs-hanging-out-with-friends/,Intermediate,Intermediate,"expressions, vocabulary"
288,Fluent English: 40+ ways to answer “How are you?”,speaking,https://www.engvid.com/fluent-english-40-ways-to-answer-how-are-you/,Beginner,Beginner,speaking
289,Learn about Poetry & Literature: PARODY,culture & tips,https://www.engvid.com/learn-about-poetry-literature-parody/,Advanced,Advanced,culture & tips
290,50 Fun Riddles,English resource culture & tips vocabulary,https://www.engvid.com/english-resource/50-fun-english-riddles/,Beginner,Beginner,"culture & tips, english resource, vocabulary"
291,8 English Idioms Hiding in Questions,business english expressions,https://www.engvid.com/8-english-idioms-hiding-in-questions/,Advanced,Advanced,"business english, expressions"
292,7 Common PHRASAL VERBS for Business,business english expressions vocabulary,https://www.engvid.com/7-common-phrasal-verbs-for-business/,Intermediate,Intermediate,"business english, expressions, vocabulary"
293,IELTS Speaking: How to get a much higher score,IELTS,https://www.engvid.com/ielts-speaking-how-to-get-a-much-higher-score/,Intermediate,Intermediate,ielts
294,Learn TRAVEL ENGLISH Phrases & Expressions,expressions vocabulary,https://www.engvid.com/learn-travel-english-phrases-expressions/,Advanced,Advanced,"expressions, vocabulary"
295,How to Give Bad News: 6 Easy English Expressions,expressions,https://www.engvid.com/how-to-give-bad-news-6-easy-english-expressions/,Intermediate,Intermediate,expressions
296,My Top 5 Tips for Learning English More Effectively,culture & tips,https://www.engvid.com/my-top-5-tips-for-learning-english-more-effectively/,Intermediate,Intermediate,culture & tips
297,50 Common Online and Texting Abbreviations,English resource slang vocabulary,https://www.engvid.com/english-resource/50-common-online-and-texting-abbreviations/,"Intermediate, Advanced",Advanced,"english resource, slang, vocabulary"
298,TOILET ENGLISH: Where is the toilet? Bathroom? Washroom? Loo? Lavatory? WC? 🚽 💩 🧻,culture & tips slang vocabulary,https://www.engvid.com/toilet-english-where-is-the-toilet-bathroom-washroom-loo-lavatory-wc/,Beginner,Beginner,"culture & tips, slang, vocabulary"
299,British English & American English: 11 Vocabulary Differences,culture & tips vocabulary,https://www.engvid.com/british-english-american-english-11-vocabulary-differences/,Intermediate,Intermediate,"culture & tips, vocabulary"
300,Speak Like a Manager: 9 Easy Business Phrases with ‘ON’,business english,https://www.engvid.com/speak-like-a-manager-9-business-phrases-on/,Intermediate,Intermediate,business english
301,"Advanced Prepositions of Time: “throughout”, “ahead of”, “at around”, “out of”…",grammar vocabulary,https://www.engvid.com/advanced-prepositions-of-time/,Advanced,Advanced,"grammar, vocabulary"
302,Learn English Vocabulary: Buying a Car,vocabulary,https://www.engvid.com/learn-english-vocabulary-buying-a-car/,Intermediate,Intermediate,vocabulary
303,How to Give (and Accept) Compliments in English: Social & Business Settings,expressions speaking,https://www.engvid.com/how-to-give-and-accept-compliments-in-english/,Advanced,Advanced,"expressions, speaking"
304,How you say words matters!,speaking,https://www.engvid.com/how-you-say-words-matters/,Intermediate,Intermediate,speaking
305,10 English Grammar Mistakes that are Accepted in Casual Speech,culture & tips grammar speaking,https://www.engvid.com/10-english-grammar-mistakes-that-are-accepted-in-casual-speech/,Advanced,Advanced,"culture & tips, grammar, speaking"
306,Expand Your English Vocabulary: 10 Adjectives for Describing Food,vocabulary,https://www.engvid.com/english-vocabulary-10-adjectives-for-describing-food/,Intermediate,Intermediate,vocabulary
307,Easy English Vocabulary: THING & STUFF,slang vocabulary,https://www.engvid.com/easy-english-vocabulary-thing-stuff/,"Beginner, Intermediate",Intermediate,"slang, vocabulary"
308,Learn 20 ‘-ISM’ Words in English: VOCABULARY & PRONUNCIATION,pronunciation vocabulary,https://www.engvid.com/learn-20-ism-words-in-english/,Intermediate,Intermediate,"pronunciation, vocabulary"
309,“CAN” or “COULD”? What’s the difference?,grammar,https://www.engvid.com/can-or-could-whats-the-difference/,"Beginner, Intermediate",Intermediate,grammar
310,Professional English: 17 Expressions to Use in Meetings,business english expressions,https://www.engvid.com/professional-english-17-expressions-to-use-in-meetings/,Advanced,Advanced,"business english, expressions"
311,Learn about Ice Hockey from a Canadian,culture & tips vocabulary,https://www.engvid.com/learn-about-ice-hockey-from-a-canadian/,Intermediate,Intermediate,"culture & tips, vocabulary"
312,Practical English Vocabulary: Riding & fixing your bike,vocabulary,https://www.engvid.com/practical-english-vocabulary-riding-fixing-your-bike/,Intermediate,Intermediate,vocabulary
313,Learn 5 “GET” Idioms in 10 minutes,expressions,https://www.engvid.com/learn-5-get-idioms-in-10-minutes/,Intermediate,Intermediate,expressions
314,Polite & Positive English: How to wish “good luck” + how to respond,expressions speaking,https://www.engvid.com/polite-positive-english-good-luck/,Intermediate,Intermediate,"expressions, speaking"
315,RHYME in English poetry and speech,culture & tips pronunciation,https://www.engvid.com/rhyme-in-english-poetry-and-speech/,Advanced,Advanced,"culture & tips, pronunciation"
316,Improve Your English Fluency: 10 Words for Seeing,vocabulary,https://www.engvid.com/improve-your-english-fluency-10-words-for-seeing/,Advanced,Advanced,vocabulary
317,British English Slang: What does it mean???,culture & tips slang,https://www.engvid.com/british-english-slang-what-does-it-mean/,Intermediate,Intermediate,"culture & tips, slang"
318,3-Word Phrasal Verbs,expressions vocabulary,https://www.engvid.com/3-word-phrasal-verbs/,Advanced,Advanced,"expressions, vocabulary"
319,English for Beginners: “TO BE” in Past Tense,grammar,https://www.engvid.com/english-for-beginners-to-be-past-tense/,Beginner,Beginner,grammar
320,"Learn English for Golf: Vocabulary, Phrases, Culture",business english vocabulary,https://www.engvid.com/learn-english-golf-vocabulary-phrases-culture/,Advanced,Advanced,"business english, vocabulary"
321,Questions You Might Be Asked at a Restaurant (+ how to answer),culture & tips speaking,https://www.engvid.com/restaurant-questions-how-to-answer/,"Beginner, Intermediate",Intermediate,"culture & tips, speaking"
322,Why You Should Learn the Bad Words in English,,https://www.engvid.com/why-you-should-learn-the-bad-words-in-english/,Intermediate,Intermediate,
323,Test Your English Vocabulary: SHAPES & PATTERNS,vocabulary,https://www.engvid.com/english-vocabulary-shapes-patterns/,Beginner,Beginner,vocabulary
324,Polite English: Ask Better Questions (and get better results),business english culture & tips speaking,https://www.engvid.com/polite-english-ask-better-questions/,"Intermediate, Advanced",Advanced,"business english, culture & tips, speaking"
325,English Conversation: Learn to Talk About Film & Movies,speaking vocabulary,https://www.engvid.com/english-conversation-film-movies/,Advanced,Advanced,"speaking, vocabulary"
326,Use the STAR METHOD for success in your JOB INTERVIEW,business english,https://www.engvid.com/star-method-success-job-interview/,Advanced,Advanced,business english
327,Improve Your Vocabulary: Stop Saying BAD!,vocabulary,https://www.engvid.com/stop-saying-bad/,Intermediate,Intermediate,vocabulary
328,English Vocabulary Builder: Using the Computer & Internet,vocabulary,https://www.engvid.com/english-vocabulary-builder-computer-internet/,Intermediate,Intermediate,vocabulary
329,Let’s practice everyday English with ‘GO’!,expressions vocabulary,https://www.engvid.com/everyday-english-go-6-uses/,Intermediate,Intermediate,"expressions, vocabulary"
330,Real English Conversation: Talking about FAMILY,expressions speaking vocabulary,https://www.engvid.com/real-english-conversation-talking-about-family/,"Beginner, Intermediate, Advanced",Advanced,"expressions, speaking, vocabulary"
331,6 Famous Quotations from Shakespeare,culture & tips,https://www.engvid.com/6-famous-quotations-from-shakespeare/,Advanced,Advanced,culture & tips
332,7 Ways to Master Vocabulary,culture & tips,https://www.engvid.com/7-ways-to-master-vocabulary/,"Intermediate, Advanced",Advanced,culture & tips
333,GRAMMAR CHALLENGE: PREPOSITIONS – at on in/since for/during while,grammar,https://www.engvid.com/grammar-challenge-prepositions/,"Beginner, Intermediate, Advanced",Advanced,grammar
334,How to Give an Informative Presentation: What to say and do,business english,https://www.engvid.com/how-to-give-an-informative-presentation/,Advanced,Advanced,business english
335,Learn 7 ways to use “OFF” in English,expressions vocabulary,https://www.engvid.com/learn-7-ways-to-use-off-in-english/,Intermediate,Intermediate,"expressions, vocabulary"
336,Noun + Preposition Phrases (NOT Phrasal Verbs!) with Body Parts,expressions vocabulary,https://www.engvid.com/noun-preposition-phrases-body-parts/,Intermediate,Intermediate,"expressions, vocabulary"
337,Polite English: 10 Ways to Make Offers (formal → neutral → casual),speaking vocabulary,https://www.engvid.com/polite-english-10-ways-to-make-offers/,Intermediate,Intermediate,"speaking, vocabulary"
338,Top 10 Important Phrasal Verbs for Your Daily Routine,vocabulary,https://www.engvid.com/10-phrasal-verbs-daily-routine/,"Beginner, Intermediate",Intermediate,vocabulary
339,English Vocabulary Builder: Learn 15 Slang & Informal Words,slang vocabulary,https://www.engvid.com/english-vocabulary-builder-15-slang-informal-words/,Intermediate,Intermediate,"slang, vocabulary"
340,Silent Letters in English: The 10 Most Common Errors,pronunciation,https://www.engvid.com/silent-letters-in-english-10-most-common-errors/,Intermediate,Intermediate,pronunciation
341,How to Answer the 5 HARDEST Job Interview Questions,business english,https://www.engvid.com/5-hardest-job-interview-questions/,Advanced,Advanced,business english
342,"Tricky English Question Structures: Tag Questions, “Do you mind?”, “Are you in?”…",speaking vocabulary,https://www.engvid.com/tricky-english-question-structures-tag-questions/,Intermediate,Intermediate,"speaking, vocabulary"
343,Get Lucky with Benjamin: 17 Everyday English Phrases about Luck & Chance,expressions,https://www.engvid.com/17-everyday-english-phrases-about-luck-chance/,Advanced,Advanced,expressions
344,Ronnie’s #1 Tip for Teachers,culture & tips,https://www.engvid.com/ronnies-1-tip-for-teachers/,"Beginner, Intermediate, Advanced",Advanced,culture & tips
345,"10 PHRASAL VERBS with “UP”: set up, pick up, catch up, bring up…",expressions vocabulary,https://www.engvid.com/10-up-phrasal-verbs/,Intermediate,Intermediate,"expressions, vocabulary"
346,Learn English: “-ISH”,slang vocabulary,https://www.engvid.com/learn-english-ish/,Beginner,Beginner,"slang, vocabulary"
347,"Gender Pronouns: Using ‘THEY’, ‘THEIR’, and ‘THEM’ for a single person in English",grammar speaking writing,https://www.engvid.com/gender-pronouns-singular-they-their-them-english/,Advanced,Advanced,"grammar, speaking, writing"
348,12 Confusing English Verbs,vocabulary,https://www.engvid.com/12-confusing-english-verbs/,Beginner,Beginner,vocabulary
349,Learn English Vocabulary: Pregnancy & having a baby 🤰,vocabulary,https://www.engvid.com/learn-english-vocabulary-pregnancy-baby/,Advanced,Advanced,vocabulary
350,"Learn English expressions that come from TV shows: Friends, Seinfeld, 30 Rock…",culture & tips expressions,https://www.engvid.com/learn-english-expressions-from-tv-shows/,Intermediate,Intermediate,"culture & tips, expressions"
351,Professional English Vocabulary: Talk about your career,business english vocabulary,https://www.engvid.com/professional-english-vocabulary-talk-about-your-career/,Advanced,Advanced,"business english, vocabulary"
352,"“Do” Questions & Negatives – DO, DOES, DON’T, DOESN’T",grammar,https://www.engvid.com/do-questions-negatives-do-does-dont-doesnt/,Beginner,Beginner,grammar
353,English Grammar: The 5 Most Frequent Article Mistakes,grammar,https://www.engvid.com/english-grammar-the-5-most-frequent-article-mistakes/,Beginner,Beginner,grammar
354,How To Solve 5 Common Workplace Problems,business english,https://www.engvid.com/how-to-solve-5-common-workplace-problems/,Advanced,Advanced,business english
355,How NOT to learn a language,culture & tips,https://www.engvid.com/how-not-to-learn-a-language/,"Beginner, Intermediate, Advanced",Advanced,culture & tips
356,English Pronunciation Practice: SH & SHR,pronunciation,https://www.engvid.com/english-pronunciation-practice-sh-shr/,Beginner,Beginner,pronunciation
357,English Pronunciation Hack: The Missing S,pronunciation,https://www.engvid.com/english-pronunciation-hack-the-missing-s/,"Intermediate, Advanced",Advanced,pronunciation
358,14 Expressions Even Native English Speakers Get Wrong,expressions,https://www.engvid.com/14-expressions-native-speakers-get-wrong/,Advanced,Advanced,expressions
359,Can you guess the verb? (they’re all F***),slang,https://www.engvid.com/can-you-guess-the-verb-f/,Advanced,Advanced,slang
360,5 Proverbs to Inspire Language Learners,culture & tips expressions,https://www.engvid.com/5-proverbs-to-inspire-language-learners/,Intermediate,Intermediate,"culture & tips, expressions"
361,Let’s Read and Understand a Poem: “In An Artist’s Studio” by Christina Rossetti,culture & tips,https://www.engvid.com/lets-read-and-understand-a-poem-christina-rossetti/,Advanced,Advanced,culture & tips
362,What to do and say at a supper party,culture & tips expressions,https://www.engvid.com/what-to-do-and-say-at-a-supper-party/,Advanced,Advanced,"culture & tips, expressions"
363,Learn English with CHRISTMAS SONGS 🎵,culture & tips,https://www.engvid.com/learn-english-with-christmas-songs/,Beginner,Beginner,culture & tips
364,Speak Like a Manager: Stop Saying GET!,business english expressions,https://www.engvid.com/speak-like-a-manager-stop-saying-get/,"Intermediate, Advanced",Advanced,"business english, expressions"
365,Learn English: 20 Expressions about Secrets,expressions,https://www.engvid.com/learn-english-20-expressions-about-secrets/,Intermediate,Intermediate,expressions
366,Business English: Polite Expressions for Resolving Conflict,business english expressions,https://www.engvid.com/business-english-polite-expressions-resolving-conflict/,Advanced,Advanced,"business english, expressions"
367,"USED TO, BE USED TO, GET USED TO: When and How to Use Them",grammar,https://www.engvid.com/used-to-be-used-to-get-used-to/,Intermediate,Intermediate,grammar
368,“She” or “her”? “He” or “his”? Subjective & Objective Pronouns,grammar,https://www.engvid.com/subjective-and-objective-pronouns/,Beginner,Beginner,grammar
369,Stop using the glottal stop!,pronunciation,https://www.engvid.com/stop-using-the-glottal-stop/,Intermediate,Intermediate,pronunciation
370,6 Common English Proverbs – What do they mean?,expressions,https://www.engvid.com/6-common-english-proverbs-dont/,Advanced,Advanced,expressions
371,“THANKS”: 5 Common Expressions (that don’t all mean the same thing!),expressions speaking,https://www.engvid.com/thanks-5-common-expressions/,Beginner,Beginner,"expressions, speaking"
372,RELAX and stop feeling embarrassed when you speak,culture & tips,https://www.engvid.com/relax-and-stop-feeling-embarrassed-when-you-speak/,Advanced,Advanced,culture & tips
373,"How to Write a Professional Email: Tone, Language, and Templates",English resource business english writing,https://www.engvid.com/english-resource/how-to-write-a-professional-email/,Advanced,Advanced,"business english, english resource, writing"
374,The 10 Most Frequent Preposition Mistakes in English,grammar,https://www.engvid.com/the-10-most-frequent-preposition-mistakes-in-english/,Intermediate,Intermediate,grammar
375,Why I love living in the UK,culture & tips,https://www.engvid.com/why-i-love-living-in-the-uk/,"Beginner, Intermediate, Advanced",Advanced,culture & tips
376,"5 Tips for University Applications: Essays, Letters, Statements, etc.",culture & tips writing,https://www.engvid.com/5-tips-for-university-applications-essays-letters-statements/,Advanced,Advanced,"culture & tips, writing"
377,"Basic English Grammar: HAD, DIDN’T HAVE, DID _____ HAVE?",grammar,https://www.engvid.com/basic-english-grammar-had-didnt-have-did-have/,Beginner,Beginner,grammar
378,Learn 9 ways to use ‘JUST’ in English,vocabulary,https://www.engvid.com/learn-9-ways-to-use-just-in-english/,Intermediate,Intermediate,vocabulary
379,Writing & Punctuation: How to use a COMMA correctly in a complex sentence,writing,https://www.engvid.com/writing-punctuation-comma-complex-sentence/,Intermediate,Intermediate,writing
380,Easy English Conversation: SUCCEED IN & MANAGE TO,business english speaking vocabulary,https://www.engvid.com/easy-english-conversation-succeed-in-manage-to/,Intermediate,Intermediate,"business english, speaking, vocabulary"
381,How to answer 5 of the most common job interview questions,business english,https://www.engvid.com/5-most-common-job-interview-questions/,Intermediate,Intermediate,business english
382,Who is a native speaker?,culture & tips,https://www.engvid.com/who-is-a-native-speaker/,"Intermediate, Advanced",Advanced,culture & tips
383,Learn English: 18 Idioms & Expressions with “RUN”,expressions,https://www.engvid.com/learn-english-18-run-idioms-expressions/,"Intermediate, Advanced",Advanced,expressions
384,“Can I learn English by myself?”,culture & tips,https://www.engvid.com/can-i-learn-english-by-myself/,Intermediate,Intermediate,culture & tips
385,"Basic English Grammar: HAVE, HAS, DON’T HAVE, DOESN’T HAVE",grammar,https://www.engvid.com/basic-english-grammar-have-has-dont-have-doesnt-have/,Beginner,Beginner,grammar
386,Basic English: How to pronounce the long vowel sound in words ending with ‘e’,pronunciation vocabulary,https://www.engvid.com/basic-english-pronounce-long-vowels-e/,Beginner,Beginner,"pronunciation, vocabulary"
387,‘I’ or ‘me’? ‘She’ or ‘her’? ‘They’ or ‘them’? – English Grammar Pronoun Challenge!,grammar,https://www.engvid.com/english-grammar-pronoun-challenge/,Beginner,Beginner,grammar
388,6 ways to pronounce ‘-OUGH’ words in English,pronunciation,https://www.engvid.com/6-ways-to-pronounce-ough-words-in-english/,"Beginner, Intermediate",Intermediate,pronunciation
389,Improve your Vocabulary: Stop saying SORRY!,expressions vocabulary,https://www.engvid.com/improve-your-vocabulary-stop-saying-sorry/,Advanced,Advanced,"expressions, vocabulary"
390,English for Daily Life: Talking to Customer Service,culture & tips speaking,https://www.engvid.com/english-for-daily-life-talking-to-customer-service/,Advanced,Advanced,"culture & tips, speaking"
391,Learn English Prepositions: Preposition Collocations,grammar vocabulary,https://www.engvid.com/learn-english-prepositions-preposition-collocations/,Advanced,Advanced,"grammar, vocabulary"
392,Queen Elizabeth II – My Thoughts and Memories,culture & tips,https://www.engvid.com/queen-elizabeth-ii-thoughts-memories/,"Intermediate, Advanced",Advanced,culture & tips
393,10 Ways to Say “Thank You” in English,speaking vocabulary,https://www.engvid.com/10-ways-to-say-thank-you-in-english/,Beginner,Beginner,"speaking, vocabulary"
394,How to fake a conversation (when people are boring or annoying),culture & tips speaking,https://www.engvid.com/how-to-fake-a-conversation/,Intermediate,Intermediate,"culture & tips, speaking"
395,"5-Minute English: WHO, WHOM, WHOSE, WHO’S",grammar,https://www.engvid.com/5-minute-english-who-whom-whose-whos/,Intermediate,Intermediate,grammar
396,60+ English Words Shortened in Conversation,English resource speaking vocabulary,https://www.engvid.com/english-resource/60-english-words-shortened-in-conversation/,"Beginner, Intermediate",Intermediate,"english resource, speaking, vocabulary"
397,Phrasal Verbs: Add “OUT” to change the meaning of these 8 verbs,vocabulary,https://www.engvid.com/8-out-phrasal-verbs/,Intermediate,Intermediate,vocabulary
398,Easy English Conversation: “DID YOU KNOW?” or “DO YOU KNOW?”,grammar speaking,https://www.engvid.com/did-you-know-or-do-you-know/,Beginner,Beginner,"grammar, speaking"
399,"Learn English Prepositions: BY, UNTIL, TILL, ’TIL…",grammar,https://www.engvid.com/learn-english-prepositions-by-until-till-til/,Intermediate,Intermediate,grammar
400,How IELTS Writing is Scored (+ how to get the best results!),IELTS writing,https://www.engvid.com/how-ielts-writing-is-scored/,Advanced,Advanced,"ielts, writing"
401,"Polite English: Modals for Advice – SHOULD, MUST, HAVE TO…",grammar speaking,https://www.engvid.com/polite-english-modals-for-advice/,Beginner,Beginner,"grammar, speaking"
402,5-Minute English: 5 “SURE” Phrases,speaking vocabulary,https://www.engvid.com/5-minute-english-sure/,Intermediate,Intermediate,"speaking, vocabulary"
403,"Learn English Grammar: NOUN, VERB, ADVERB, ADJECTIVE",grammar,https://www.engvid.com/learn-english-grammar-noun-verb-adverb-adjective/,Beginner,Beginner,grammar
404,"Make your English stronger with INTENSIFIERS: very, really, so, do, definitely, absolutely…",speaking vocabulary,https://www.engvid.com/make-your-english-stronger-with-intensifiers/,Beginner,Beginner,"speaking, vocabulary"
405,"8 Popular Idioms You Should Know: “out of the blue”, “out of the question”, “out of…”",expressions,https://www.engvid.com/8-popular-idioms-out-of/,Intermediate,Intermediate,expressions
406,Natural English Conversation: Interjections,culture & tips speaking vocabulary,https://www.engvid.com/natural-english-conversation-interjections/,Intermediate,Intermediate,"culture & tips, speaking, vocabulary"
407,5 Ways Meditation Will Help You Learn,culture & tips,https://www.engvid.com/5-ways-meditation-will-help-you-learn/,"Intermediate, Advanced",Advanced,culture & tips
408,11 common English words with slang meanings you can’t guess!,slang vocabulary,https://www.engvid.com/11-common-english-words-slang-meanings/,Intermediate,Intermediate,"slang, vocabulary"
409,Life in England: English for Speaking with Your Child’s Teacher,culture & tips,https://www.engvid.com/life-in-england-english-for-speaking-with-your-childs-teacher/,Intermediate,Intermediate,culture & tips
410,Learn 150+ Phrasal Verbs in English,expressions vocabulary,https://www.engvid.com/learn-150-phrasal-verbs-in-english/,Intermediate,Intermediate,"expressions, vocabulary"
411,“I used to…” & “I would…”: Talking about the past in English,grammar,https://www.engvid.com/i-used-to-i-would-talking-about-the-past-in-english/,Beginner,Beginner,grammar
412,‘Shall’ in English: Everything you need to know,grammar vocabulary,https://www.engvid.com/shall-in-english/,Advanced,Advanced,"grammar, vocabulary"
413,English Grammar: Which prepositions go with these 12 adjectives?,grammar,https://www.engvid.com/english-grammar-12-prepositions-adjectives/,Intermediate,Intermediate,grammar
414,How to be more professional at work: 5 phrases to use,business english expressions,https://www.engvid.com/how-to-be-more-professional-at-work-5-phrases/,Advanced,Advanced,"business english, expressions"
415,English Pronunciation Mistake: Get rid of that ‘E’! (especially for Spanish speakers),pronunciation,https://www.engvid.com/english-pronunciation-mistake-get-rid-of-that-e/,Beginner,Beginner,pronunciation
416,Polite & Professional English: How to soften your language,business english culture & tips speaking,https://www.engvid.com/polite-professional-english-how-to-soften-your-language/,Intermediate,Intermediate,"business english, culture & tips, speaking"
417,Learn 30+ Everyday English Expressions from War,expressions,https://www.engvid.com/learn-30-everyday-english-expressions-from-war/,Advanced,Advanced,expressions
418,“Should I learn British English or American English?”,culture & tips,https://www.engvid.com/should-i-learn-british-english-or-american-english/,Beginner,Beginner,culture & tips
419,"English Listening Practice: TikTok, ding-dong, hip hop, teeny-tiny",comprehension slang,https://www.engvid.com/english-listening-practice-tiktok-ding-dong/,Intermediate,Intermediate,"comprehension, slang"
420,"The Ages & Periods of English History: Victorian, Tudor, Edwardian, Elizabethan…",culture & tips,https://www.engvid.com/the-ages-periods-of-english-history-victorian-tudor-edwardian-elizabethan/,Advanced,Advanced,culture & tips
421,"English Pronunciation Fix: 1 small change, 100s of errors gone!",pronunciation,https://www.engvid.com/english-pronunciation-fix-or/,"Beginner, Intermediate",Intermediate,pronunciation
422,"English Vocabulary Builder: exhausted, wiped, fried, burnt out…",expressions vocabulary,https://www.engvid.com/english-vocabulary-builder-tired/,Intermediate,Intermediate,"expressions, vocabulary"
423,30 Literal Phrasal Verbs in English,English resource vocabulary,https://www.engvid.com/english-resource/30-literal-phrasal-verbs-in-english/,Beginner,Beginner,"english resource, vocabulary"
424,Improve your Vocabulary: Stop saying OKAY!,vocabulary,https://www.engvid.com/improve-your-vocabulary-stop-saying-okay/,"Intermediate, Advanced",Advanced,vocabulary
425,Real English Conversation with a Yoga Teacher from Canada,culture & tips speaking,https://www.engvid.com/real-english-conversation-with-a-yoga-teacher-from-canada/,Advanced,Advanced,"culture & tips, speaking"
426,"13 Phrasal Verbs with GO: go for, go on, go along, go ahead…",expressions vocabulary,https://www.engvid.com/13-go-phrasal-verbs/,Intermediate,Intermediate,"expressions, vocabulary"
427,5 English Idioms to Encourage People,expressions,https://www.engvid.com/5-english-idioms-to-encourage-people/,Intermediate,Intermediate,expressions
428,English Pronunciation & Spelling: Silent ‘U’ After ‘G’,,https://www.engvid.com/english-pronunciation-spelling-silent-u-after-g/,Beginner,Beginner,
429,“What should I read?” – My Book Recommendations,culture & tips,https://www.engvid.com/gills-book-recommendations/,"Intermediate, Advanced",Advanced,culture & tips
430,Speak Like a Manager: 8 Advanced Adjectives,business english vocabulary,https://www.engvid.com/speak-like-a-manager-8-advanced-adjectives/,"Intermediate, Advanced",Advanced,"business english, vocabulary"
431,Learning English: Avoid these mistakes talking about money,pronunciation speaking,https://www.engvid.com/learning-english-avoid-these-mistakes-talking-about-money/,Beginner,Beginner,"pronunciation, speaking"
432,Become a Better Learner: 5 things you can do to improve focus & memory,culture & tips,https://www.engvid.com/5-things-to-improve-focus-memory/,"Intermediate, Advanced",Advanced,culture & tips
433,English Grammar: Adjective Clauses with Prepositions,grammar,https://www.engvid.com/english-grammar-adjective-clauses-prepositions/,Advanced,Advanced,grammar
434,Work English: Expressions for polite negotiations,business english speaking,https://www.engvid.com/work-english-expressions-polite-negotiations/,Advanced,Advanced,"business english, speaking"
435,Increase your vocabulary by using your senses,vocabulary,https://www.engvid.com/increase-your-vocabulary-by-using-your-senses/,Intermediate,Intermediate,vocabulary
436,Get out of awkward conversations the Ronnie way!,speaking,https://www.engvid.com/get-out-of-awkward-conversations-the-ronnie-way/,Intermediate,Intermediate,speaking
437,Learn 14 Musical Expressions in English,expressions,https://www.engvid.com/learn-14-musical-expressions-in-english/,Intermediate,Intermediate,expressions
438,Learn 10 Time Expressions in English,expressions,https://www.engvid.com/learn-10-time-expressions-in-english/,Intermediate,Intermediate,expressions
439,PRONUNCIATION: How to say “-ious” endings correctly in English,pronunciation,https://www.engvid.com/pronunciation-ious-endings-in-english/,Intermediate,Intermediate,pronunciation
440,3 Keys to Small Talk: Meet new people and build relationships,culture & tips,https://www.engvid.com/3-keys-to-small-talk/,"Intermediate, Advanced",Advanced,culture & tips
441,How To Understand Native English Speakers: Shortened Words,pronunciation slang,https://www.engvid.com/native-english-speakers-shortened-words/,Intermediate,Intermediate,"pronunciation, slang"
442,Improve Your Vocabulary: 24 ways to complain in English,expressions,https://www.engvid.com/improve-your-vocabulary-13-ways-to-complain-in-english/,Advanced,Advanced,expressions
443,Improve Your English Vocabulary: Using Sense Verbs in Conversation,expressions speaking,https://www.engvid.com/using-sense-verbs-in-conversation/,Intermediate,Intermediate,"expressions, speaking"
444,Simple Past Negative (English Tenses for Beginners),grammar,https://www.engvid.com/simple-past-negative-english-tenses-for-beginners/,Beginner,Beginner,grammar
445,"How the UK is Divided: Countries, Cities, Counties, Councils, Wards",culture & tips vocabulary,https://www.engvid.com/how-the-uk-is-divided/,Intermediate,Intermediate,"culture & tips, vocabulary"
446,4 ways to learn English FASTER and BETTER,culture & tips,https://www.engvid.com/4-ways-to-learn-english-faster-and-better/,"Intermediate, Advanced",Advanced,culture & tips
447,How to Write Effective Email Subject Lines,business english writing,https://www.engvid.com/how-to-write-effective-email-subject-lines/,"Intermediate, Advanced",Advanced,"business english, writing"
448,Improve Your Vocabulary: Stop Saying ‘BIG’ & ‘SMALL’,vocabulary,https://www.engvid.com/improve-your-vocabulary-stop-saying-big-small/,Beginner,Beginner,vocabulary
449,Learn English: Basketball Vocabulary,culture & tips vocabulary,https://www.engvid.com/learn-english-basketball-vocabulary/,Intermediate,Intermediate,"culture & tips, vocabulary"
450,14 ENGLISH IDIOMS & EXPRESSIONS from food,expressions,https://www.engvid.com/14-english-idioms-expressions-from-food/,Advanced,Advanced,expressions
451,Basic English: “BORROW” or “LEND”?,vocabulary,https://www.engvid.com/basic-english-borrow-or-lend/,Beginner,Beginner,vocabulary
452,Have natural and DRAMATIC conversations by using HYPERBOLE!,slang speaking,https://www.engvid.com/have-natural-dramatic-conversations-hyperbole/,"Intermediate, Advanced",Advanced,"slang, speaking"
453,English Vocabulary: CLIMATE CHANGE,vocabulary,https://www.engvid.com/english-vocabulary-climate-change/,Intermediate,Intermediate,vocabulary
454,Upgrade your English: 12 Confusing Advanced Adjectives,vocabulary,https://www.engvid.com/upgrade-your-english-12-confusing-advanced-adjectives/,Advanced,Advanced,vocabulary
455,Paying at a Restaurant: Vocabulary & Culture,culture & tips speaking,https://www.engvid.com/paying-at-a-restaurant-vocabulary-culture/,Beginner,Beginner,"culture & tips, speaking"
456,Improve Your English Pronunciation: Voiced & Voiceless Consonants,pronunciation,https://www.engvid.com/english-pronunciation-voiced-voiceless-consonants/,"Intermediate, Advanced",Advanced,pronunciation
457,Build a picture with your words: 5 descriptive writing tools,writing,https://www.engvid.com/5-descriptive-writing-tools/,Intermediate,Intermediate,writing
458,Business English: Asking for and providing a quotation – expressions for email & phone,business english writing,https://www.engvid.com/business-english-asking-for-providing-quotations/,Advanced,Advanced,"business english, writing"
459,Positive English: 15 expressions to encourage and praise others,expressions speaking,https://www.engvid.com/positive-english-15-expressions-encourage-praise/,"Intermediate, Advanced",Advanced,"expressions, speaking"
460,Improve Your Vocabulary: 15 names that have other meanings in English,slang vocabulary,https://www.engvid.com/15-names-that-have-other-meanings-in-english/,Intermediate,Intermediate,"slang, vocabulary"
461,“THAN” or “THEN”?,vocabulary writing,https://www.engvid.com/than-or-then/,Beginner,Beginner,"vocabulary, writing"
462,STOP SAYING “SAID”: 8 words you can use instead,vocabulary,https://www.engvid.com/stop-saying-said-8-words-you-can-use-instead/,"Intermediate, Advanced",Advanced,vocabulary
463,How to speak English more fluently & fluidly,pronunciation,https://www.engvid.com/how-to-speak-english-more-fluently-fluidly/,Intermediate,Intermediate,pronunciation
464,How to use habits to help you learn: 3 methods,culture & tips,https://www.engvid.com/how-to-use-habits-to-help-you-learn-3-methods/,"Intermediate, Advanced",Advanced,culture & tips
465,How to ask for and give directions in English,speaking vocabulary,https://www.engvid.com/how-to-ask-give-directions-in-english/,Beginner,Beginner,"speaking, vocabulary"
466,From beginner to intermediate English,culture & tips,https://www.engvid.com/from-beginner-to-intermediate-english/,"Beginner, Intermediate",Intermediate,culture & tips
467,"Learn 10 ways to use “DOWN” in English: I’m down, get down, down for life…",expressions,https://www.engvid.com/learn-10-ways-to-use-down-in-english/,Beginner,Beginner,expressions
468,English Vocabulary Builder: Learn 9 BUZZWORDS,vocabulary,https://www.engvid.com/english-vocabulary-builder-learn-9-buzzwords/,Intermediate,Intermediate,vocabulary
469,Upgrade your writing with APPOSITIVES,IELTS TOEFL writing,https://www.engvid.com/upgrade-your-writing-with-appositives/,Advanced,Advanced,"ielts, writing"
470,Do you want an English wife? ❤️ How to find true love,culture & tips,https://www.engvid.com/do-you-want-an-english-wife/,"Beginner, Intermediate, Advanced",Advanced,culture & tips
471,Improving Your Spelling: My top tips,grammar writing,https://www.engvid.com/improving-your-spelling-my-top-tips/,Beginner,Beginner,"grammar, writing"
472,LISTEN & UNDERSTAND: How to improve your listening comprehension in English,comprehension culture & tips,https://www.engvid.com/how-to-improve-your-listening-comprehension-in-english/,"Beginner, Intermediate, Advanced",Advanced,"comprehension, culture & tips"
473,"13 Phrasal Verbs with STAND: stand by, stand out, stand down…",expressions vocabulary,https://www.engvid.com/13-stand-phrasal-verbs/,Intermediate,Intermediate,"expressions, vocabulary"
474,English Vocabulary Boost: 10 “KEEP” imperatives for daily life,expressions speaking vocabulary,https://www.engvid.com/10-keep-imperatives/,Intermediate,Intermediate,"expressions, speaking, vocabulary"
475,Improve Your Vocabulary: 26 ways to say you don’t care,expressions speaking,https://www.engvid.com/improve-your-vocabulary-26-ways-to-say-you-dont-care/,"Intermediate, Advanced",Advanced,"expressions, speaking"
476,Grammar that you don’t need to worry about!,culture & tips grammar,https://www.engvid.com/grammar-that-you-dont-need-to-worry-about/,Intermediate,Intermediate,"culture & tips, grammar"
477,Basic English: How to pronounce negative contractions,pronunciation,https://www.engvid.com/basic-english-how-to-pronounce-negative-contractions/,Beginner,Beginner,pronunciation
478,Listen & Repeat: How to pronounce the short ‘U’ sound in English,pronunciation,https://www.engvid.com/english-pronunciation-short-u/,Beginner,Beginner,pronunciation
479,Real English Conversation: How to talk about the weekend,culture & tips speaking,https://www.engvid.com/real-english-conversation-how-to-talk-about-the-weekend/,"Intermediate, Advanced",Advanced,"culture & tips, speaking"
480,Learning a language? Don’t let these 3 ideas hold you back,culture & tips,https://www.engvid.com/learning-language-3-ideas-holding-you-back/,"Beginner, Intermediate, Advanced",Advanced,culture & tips
481,Advanced English Grammar: The Infinitive Clause & The Infinitive Phrase,grammar,https://www.engvid.com/advanced-english-grammar-infinitive-clause-infinitive-phrase/,Advanced,Advanced,grammar
482,How to be productive and motivated: My recommendations,culture & tips,https://www.engvid.com/how-to-be-productive-and-motivated/,"Beginner, Intermediate, Advanced",Advanced,culture & tips
483,“Should I worry about my accent?”,culture & tips pronunciation,https://www.engvid.com/should-i-worry-about-my-accent/,Intermediate,Intermediate,"culture & tips, pronunciation"
484,"Identity Theft, Phishing, and Hacking: BE CAREFUL!",culture & tips,https://www.engvid.com/identity-theft-phishing-hacking/,Intermediate,Intermediate,culture & tips
485,Advanced English Vocabulary: PUNS & DOUBLE MEANINGS,vocabulary,https://www.engvid.com/advanced-english-vocabulary-puns-double-meanings/,Advanced,Advanced,vocabulary
486,WHO’S or WHOSE?,grammar,https://www.engvid.com/english-confused-words-whose-whos/,Beginner,Beginner,grammar
487,Improve Your English Conversations: How to talk about opinions,speaking,https://www.engvid.com/improve-your-english-conversations-opinions/,Intermediate,Intermediate,speaking
488,Improve Your English Vocabulary: 5 terms for a healthy life,culture & tips vocabulary,https://www.engvid.com/improve-your-english-vocabulary-5-healthy-collocations/,Intermediate,Intermediate,"culture & tips, vocabulary"
489,Understand REAL English: Fictional Characters in Everyday English,culture & tips,https://www.engvid.com/understand-real-english-fictional-characters/,Intermediate,Intermediate,culture & tips
490,How to Give a Speech or Presentation: Overcoming Anxiety,business english culture & tips speaking,https://www.engvid.com/how-to-give-a-speech-or-presentation-overcoming-anxiety/,Intermediate,Intermediate,"business english, culture & tips, speaking"
491,Learn English with George Orwell’s 1984,culture & tips vocabulary,https://www.engvid.com/learn-english-george-orwell-1984/,Intermediate,Intermediate,"culture & tips, vocabulary"
492,4 Slang Expressions in English with “ON”,slang,https://www.engvid.com/4-on-slang-expressions-in-english/,Intermediate,Intermediate,slang
493,Basic English: How to pronounce contractions,pronunciation,https://www.engvid.com/basic-english-how-to-pronounce-contractions/,Beginner,Beginner,pronunciation
494,Learn 8 Popular English Expressions,expressions,https://www.engvid.com/8-popular-english-expressions/,"Beginner, Intermediate",Intermediate,expressions
495,THE F WORD,culture & tips slang,https://www.engvid.com/the-f-word/,Intermediate,Intermediate,"culture & tips, slang"
496,Basic English: OF & OFF,vocabulary,https://www.engvid.com/basic-english-of-off/,Beginner,Beginner,vocabulary
497,"14 Phrasal Verbs with RUN: run off, run out of, run over…",expressions vocabulary,https://www.engvid.com/14-run-phrasal-verbs/,Intermediate,Intermediate,"expressions, vocabulary"
498,"Business English Vocabulary: MARKET, PRODUCTS, BRANDING, CONSUMERS, and more",business english vocabulary,https://www.engvid.com/business-english-vocabulary-market-products-branding-consumers-and-more/,Advanced,Advanced,"business english, vocabulary"
499,3 Common Idioms for Appearance,expressions speaking,https://www.engvid.com/3-common-idioms-for-appearance/,Intermediate,Intermediate,"expressions, speaking"
500,Job Interview Discrimination in North America,culture & tips,https://www.engvid.com/job-interview-discrimination-north-america/,Beginner,Beginner,culture & tips
501,"Learn English: THOU, THEE, THY, THINE",grammar vocabulary,https://www.engvid.com/learn-english-thou-thee-thy-thine/,Advanced,Advanced,"grammar, vocabulary"
502,Basic English Errors: Duplicate Subjects,grammar,https://www.engvid.com/basic-english-errors-duplicate-subjects/,Beginner,Beginner,grammar
503,Learn English: 8 common ways to describe your coworkers,vocabulary,https://www.engvid.com/learn-english-8-common-ways-to-describe-coworkers/,Intermediate,Intermediate,vocabulary
504,SUPERCHARGE Your English Language Learning: 3 Strategies,culture & tips,https://www.engvid.com/supercharge-your-english-3-strategies/,"Beginner, Intermediate, Advanced",Advanced,culture & tips
505,Learn Real English: 12 Current Words & Expressions,culture & tips slang vocabulary,https://www.engvid.com/learn-real-english-12-current-words-expressions/,Intermediate,Intermediate,"culture & tips, slang, vocabulary"
506,IELTS VOCABULARY: 17 Direction Verbs for Graphs (IELTS Writing Task 1),IELTS vocabulary,https://www.engvid.com/ielts-vocabulary-17-direction-verbs-graphs/,Intermediate,Intermediate,"ielts, vocabulary"
507,How to handle uncomfortable situations,culture & tips,https://www.engvid.com/how-to-handle-uncomfortable-situations/,Beginner,Beginner,culture & tips
508,English Pronunciation Practice: CH & SH,pronunciation,https://www.engvid.com/english-pronunciation-practice-ch-sh/,Beginner,Beginner,pronunciation
509,Learn English: 30 Common Commands,expressions speaking,https://www.engvid.com/learn-english-30-common-commands/,Beginner,Beginner,"expressions, speaking"
510,"English Grammar: Subject-Verb Agreement – all, most, some, none",grammar,https://www.engvid.com/english-grammar-subject-verb-agreement-indefinite-pronouns/,Intermediate,Intermediate,grammar
511,"The Most Common Preposition Mistakes in English: AT, ON, IN, TO, WITH…",grammar,https://www.engvid.com/the-most-common-preposition-mistakes-in-english/,"Beginner, Intermediate",Intermediate,grammar
512,"8 Phrasal Verb Opposites in English: pass out, come to, talk into…",expressions vocabulary,https://www.engvid.com/8-phrasal-verb-opposites-in-english/,Advanced,Advanced,"expressions, vocabulary"
513,"Parts of Speech in English Grammar: PREPOSITIONS, PRONOUNS, CONJUNCTIONS, ARTICLES",grammar,https://www.engvid.com/parts-of-speech-in-english-grammar-prepositions-pronouns-conjunctions-articles/,"Beginner, Intermediate",Intermediate,grammar
514,Polite English Conversation: How to take feedback,business english speaking,https://www.engvid.com/polite-english-conversation-how-to-take-feedback/,Advanced,Advanced,"business english, speaking"
515,My experience learning English as an immigrant child,culture & tips,https://www.engvid.com/my-experience-learning-english-as-an-immigrant-child/,Intermediate,Intermediate,culture & tips
516,Learn English with an article from The Guardian,comprehension vocabulary,https://www.engvid.com/learn-english-with-a-guardian-news-article/,Advanced,Advanced,"comprehension, vocabulary"
517,Pronunciation Secret: How to say any word with ‘-tion’,pronunciation,https://www.engvid.com/pronunciation-secret-how-to-say-tion/,"Beginner, Intermediate",Intermediate,pronunciation
518,Easy English Conversation: 11 Common Social Expressions,expressions speaking,https://www.engvid.com/easy-english-conversation-11-common-social-expressions/,Beginner,Beginner,"expressions, speaking"
519,ONE-MINUTE ENGLISH: Confusing Words,vocabulary,https://www.engvid.com/one-minute-english-confusing-words/,"Beginner, Intermediate",Intermediate,vocabulary
520,10 Common English Expressions from Sports,expressions vocabulary,https://www.engvid.com/10-common-english-expressions-from-sports/,Intermediate,Intermediate,"expressions, vocabulary"
521,"16 Easy English Phrasal Verbs: People, Places, Clothes",expressions vocabulary,https://www.engvid.com/16-easy-english-phrasal-verbs-people-places-clothes/,Beginner,Beginner,"expressions, vocabulary"
522,Don’t make this mistake on your resume!,business english culture & tips,https://www.engvid.com/dont-make-this-mistake-on-your-resume/,Advanced,Advanced,"business english, culture & tips"
523,English Vocabulary & Slang: POP!,slang vocabulary,https://www.engvid.com/english-vocabulary-slang-pop/,Beginner,Beginner,"slang, vocabulary"
524,Improve your conversation skills with this easy expression: “Tell me about…”,speaking,https://www.engvid.com/conversation-skills-tell-me-about/,Beginner,Beginner,speaking
525,English Grammar Hack: Where should you put the adverb?,grammar,https://www.engvid.com/english-grammar-hack-adverbs-frequency/,"Beginner, Intermediate",Intermediate,grammar
526,English Pronunciation Practice: V & W,pronunciation,https://www.engvid.com/english-pronunciation-practice-v-w/,Beginner,Beginner,pronunciation
527,Learn English: SUPPOSED TO,grammar vocabulary,https://www.engvid.com/learn-english-supposed-to/,Intermediate,Intermediate,"grammar, vocabulary"
528,”My English isn’t improving. What should I do?”,culture & tips,https://www.engvid.com/my-english-isnt-improving-what-should-i-do/,"Intermediate, Advanced",Advanced,culture & tips
529,“REMIND” or “REMEMBER”?,grammar vocabulary,https://www.engvid.com/remind-or-remember/,Intermediate,Intermediate,"grammar, vocabulary"
530,The Definite Article: When to use “the” with abstract nouns in English,grammar,https://www.engvid.com/the-definite-article-abstract-nouns-english/,Advanced,Advanced,grammar
531,Improve your Vocabulary: 17 Advanced Verbs,vocabulary,https://www.engvid.com/improve-your-vocabulary-17-advanced-verbs/,Advanced,Advanced,vocabulary
532,6 tips for improving your creative writing,writing,https://www.engvid.com/6-tips-for-improving-your-creative-writing/,Advanced,Advanced,writing
533,8 Easy English Expressions with “on the…”,expressions,https://www.engvid.com/8-easy-english-expressions-on-the/,"Beginner, Intermediate",Intermediate,expressions
534,English for Beginners: Animal Vocabulary & Expressions to Describe People,expressions vocabulary,https://www.engvid.com/english-for-beginners-animal-vocabulary-expressions/,Beginner,Beginner,"expressions, vocabulary"
535,"Listening, Vocabulary, Comprehension: 8 English Expressions",comprehension vocabulary,https://www.engvid.com/listening-vocabulary-comprehension-8-english-expressions/,Intermediate,Intermediate,"comprehension, vocabulary"
536,Real English: Vocabulary to talk about real estate,vocabulary,https://www.engvid.com/real-english-vocabulary-real-estate/,Intermediate,Intermediate,vocabulary
537,Learn 15 Common WALK Expressions in English,expressions,https://www.engvid.com/learn-15-common-walk-expressions-in-english/,Intermediate,Intermediate,expressions
538,PHRASAL VERBS: 3 ways to use “give back” in English,expressions vocabulary,https://www.engvid.com/phrasal-verbs-give-back/,Intermediate,Intermediate,"expressions, vocabulary"
539,Learn about Scotland with a Scottish poet,culture & tips,https://www.engvid.com/learn-about-scotland-with-a-scottish-poet/,Advanced,Advanced,culture & tips
540,English Vocabulary & Phrasal Verbs for strange things we do,vocabulary,https://www.engvid.com/english-vocabulary-phrasal-verbs-strange-things/,Intermediate,Intermediate,vocabulary
541,How to start & end a business call: 3 easy steps,business english,https://www.engvid.com/how-to-start-end-a-business-call-3-easy-steps/,"Intermediate, Advanced",Advanced,business english
542,How to use songs to learn English,culture & tips grammar,https://www.engvid.com/how-to-use-songs-to-learn-english/,"Beginner, Intermediate",Intermediate,"culture & tips, grammar"
543,8 Common Slang Phrases in English,expressions slang,https://www.engvid.com/8-common-slang-phrases-in-english/,Intermediate,Intermediate,"expressions, slang"
544,My Top 10 Tips for Better English Speaking,culture & tips speaking,https://www.engvid.com/my-top-10-tips-for-better-english-speaking/,"Beginner, Intermediate, Advanced",Advanced,"culture & tips, speaking"
545,How to IMPROVISE during your speech or presentation,business english culture & tips speaking,https://www.engvid.com/how-to-improvise-speech-presentation/,Advanced,Advanced,"business english, culture & tips, speaking"
546,Let’s go! Learn 25 common imperatives in English with “let’s”,expressions speaking,https://www.engvid.com/25-common-imperatives-english-lets/,Intermediate,Intermediate,"expressions, speaking"
547,Improve your English Vocabulary by reading an article with me,comprehension vocabulary,https://www.engvid.com/improve-your-english-vocabulary-reading-article/,Advanced,Advanced,"comprehension, vocabulary"
548,How to talk about your boss in English,business english expressions vocabulary,https://www.engvid.com/how-to-talk-about-your-boss-in-english/,Intermediate,Intermediate,"business english, expressions, vocabulary"
549,"PREPOSITIONS IN ENGLISH: work in, as, from, for, at, on…?",business english grammar,https://www.engvid.com/prepositions-in-english-work/,Beginner,Beginner,"business english, grammar"
550,English Tenses: Learn PRESENT PERFECT with a game!,grammar,https://www.engvid.com/english-tenses-present-perfect-game/,Intermediate,Intermediate,grammar
551,5 questions to get the conversation going!,culture & tips speaking,https://www.engvid.com/5-questions-to-get-the-conversation-going/,Advanced,Advanced,"culture & tips, speaking"
552,Phrasal Verbs: 5 ways to use “GET OUT” in English,expressions vocabulary,https://www.engvid.com/phrasal-verbs-5-ways-to-use-get-out-in-english/,Intermediate,Intermediate,"expressions, vocabulary"
553,12 Common English Expressions for Work,business english expressions,https://www.engvid.com/12-common-english-expressions-for-work/,"Intermediate, Advanced",Advanced,"business english, expressions"
554,"Working from Home: Vocabulary, Phrases, and more",business english culture & tips,https://www.engvid.com/working-from-home-vocabulary-phrases/,"Intermediate, Advanced",Advanced,"business english, culture & tips"
555,How I remember the spelling of difficult words,grammar vocabulary,https://www.engvid.com/how-i-remember-the-spelling-of-difficult-words/,Intermediate,Intermediate,"grammar, vocabulary"
556,Practice L & R pronunciation in English with a song,pronunciation,https://www.engvid.com/practice-l-r-pronunciation-in-english-with-a-song/,"Beginner, Intermediate",Intermediate,pronunciation
557,Fix Your Mistakes: 3 Common English Errors with Adjectives,grammar,https://www.engvid.com/fix-your-mistakes-3-common-english-errors-adjectives/,Beginner,Beginner,grammar
558,How to pronounce the 10 most common verbs in English,pronunciation,https://www.engvid.com/how-to-pronounce-the-10-most-common-verbs-in-english/,Beginner,Beginner,pronunciation
559,What’s the difference? 5 confusing word pairs for work,business english vocabulary,https://www.engvid.com/5-confusing-word-pairs-for-work/,Intermediate,Intermediate,"business english, vocabulary"
560,14 PHRASAL VERBS with meanings you can’t guess!,expressions vocabulary,https://www.engvid.com/14-phrasal-verbs-with-meanings-you-cant-guess/,Intermediate,Intermediate,"expressions, vocabulary"
561,English Listening Comprehension: Native Speaker Conversation,comprehension culture & tips,https://www.engvid.com/english-listening-comprehension-native-speaker-conversation/,Advanced,Advanced,"comprehension, culture & tips"
562,"English for Beginners: VERY, NOT VERY, VERY MUCH",grammar,https://www.engvid.com/very-not-very-very-much/,Beginner,Beginner,grammar
563,Working in North America: What is mobbing?,business english,https://www.engvid.com/working-in-north-america-mobbing/,"Intermediate, Advanced",Advanced,business english
564,Improve Your Pronunciation: The Short ‘i’ in English,pronunciation,https://www.engvid.com/how-to-pronounce-short-i-english/,Beginner,Beginner,pronunciation
565,"Learn English: Cause & Effect – so, since, hence, due to, as a result…",grammar vocabulary writing,https://www.engvid.com/learn-english-cause-effect/,Intermediate,Intermediate,"grammar, vocabulary, writing"
566,"Listening, Vocabulary, Comprehension: Learn 12 new words",comprehension vocabulary,https://www.engvid.com/listening-vocabulary-comprehension-learn-12-new-words/,Intermediate,Intermediate,"comprehension, vocabulary"
567,Learn English with a BBC News article,comprehension vocabulary,https://www.engvid.com/learn-english-with-a-bbc-news-article/,"Intermediate, Advanced",Advanced,"comprehension, vocabulary"
568,"13 Phrasal Verbs with Animals: fish for, clam up, wolf down…",expressions vocabulary,https://www.engvid.com/13-phrasal-verbs-with-animals/,Intermediate,Intermediate,"expressions, vocabulary"
569,Learn 25 English Expressions from the Bible,culture & tips expressions,https://www.engvid.com/learn-25-english-expressions-from-the-bible/,Advanced,Advanced,"culture & tips, expressions"
570,"Learn 14 Phrasal Verbs with “stand”: stand for, stand out, stand down…",vocabulary,https://www.engvid.com/learn-14-stand-phrasal-verbs/,Intermediate,Intermediate,vocabulary
571,Speak Like a Manager: 10 Adjectives + 10 Adverbs,business english vocabulary,https://www.engvid.com/speak-like-a-manager-10-adjectives-10-adverbs/,"Intermediate, Advanced",Advanced,"business english, vocabulary"
572,How to talk about series in English,culture & tips speaking vocabulary,https://www.engvid.com/how-to-talk-about-series-in-english/,Intermediate,Intermediate,"culture & tips, speaking, vocabulary"
573,Learn English Grammar: 10 Types of Nouns,grammar,https://www.engvid.com/learn-english-grammar-10-types-of-nouns/,Intermediate,Intermediate,grammar
574,Top 6 Soft Skills for the Workplace,business english culture & tips,https://www.engvid.com/top-6-soft-skills-for-the-workplace/,"Intermediate, Advanced",Advanced,"business english, culture & tips"
575,How to Prepare for a Speech,business english culture & tips speaking,https://www.engvid.com/how-to-prepare-for-a-speech/,Advanced,Advanced,"business english, culture & tips, speaking"
576,Work English: 12 Phrasal Verbs for Job Interviews,business english vocabulary,https://www.engvid.com/12-phrasal-verbs-for-job-interviews/,Intermediate,Intermediate,"business english, vocabulary"
577,Learn English Vocabulary… with a tree!,vocabulary,https://www.engvid.com/learn-english-vocabulary-with-a-tree/,Beginner,Beginner,vocabulary
578,Prepositions of Time: 6 Easy Exceptions,grammar,https://www.engvid.com/prepositions-of-time-6-easy-exceptions/,"Beginner, Intermediate",Intermediate,grammar
579,English Pronunciation for Brazilians,pronunciation,https://www.engvid.com/english-pronunciation-for-brazilians/,"Beginner, Intermediate, Advanced",Advanced,pronunciation
580,How fluent are you in English?,culture & tips,https://www.engvid.com/how-fluent-are-you-in-english/,"Beginner, Intermediate, Advanced",Advanced,culture & tips
581,“There is” or “there are”? Matching Verbs in English,grammar,https://www.engvid.com/there-is-or-there-are-matching-verbs-in-english/,Advanced,Advanced,grammar
582,Writing Emails: My Complete Guide,business english writing,https://www.engvid.com/writing-emails-my-guide/,Advanced,Advanced,"business english, writing"
583,10 Common “HOW” Questions in English,expressions speaking,https://www.engvid.com/10-common-how-questions-in-english/,Beginner,Beginner,"expressions, speaking"
584,English Spelling & Pronunciation: The Silent ‘H’,pronunciation,https://www.engvid.com/english-spelling-pronunciation-silent-h/,Beginner,Beginner,pronunciation
585,What are you reading? A group discussion about books.,culture & tips,https://www.engvid.com/what-are-you-reading-book-discussion/,Intermediate,Intermediate,culture & tips
586,Emma takes the IELTS!,IELTS,https://www.engvid.com/emma-takes-the-ielts/,"Beginner, Intermediate, Advanced",Advanced,ielts
587,"Learn English Grammar: Single Items, but Plural Nouns!",grammar,https://www.engvid.com/learn-english-grammar-single-items-plural-nouns/,Advanced,Advanced,grammar
588,Improve your Vocabulary: Stop saying NICE & BEAUTIFUL!,vocabulary,https://www.engvid.com/improve-your-vocabulary-stop-saying-nice-beautiful/,Intermediate,Intermediate,vocabulary
589,IELTS & TOEFL Study Tips: What you need to succeed,IELTS TOEFL,https://www.engvid.com/ielts-toefl-study-tips/,Advanced,Advanced,ielts
590,Improve your English: Phrases for your online meeting,business english culture & tips expressions,https://www.engvid.com/improve-your-english-online-meeting-phrases/,Intermediate,Intermediate,"business english, culture & tips, expressions"
591,Stop saying “I don’t understand”: What to say instead,speaking vocabulary,https://www.engvid.com/stop-saying-i-dont-understand/,Intermediate,Intermediate,"speaking, vocabulary"
592,How to prepare for your online job interview,business english culture & tips,https://www.engvid.com/how-to-prepare-for-your-online-job-interview/,"Intermediate, Advanced",Advanced,"business english, culture & tips"
593,IN or ON? Learn to use these 8 professional English verbs correctly,business english grammar,https://www.engvid.com/in-on-8-professional-english-verbs/,Intermediate,Intermediate,"business english, grammar"
594,Learning English for Beginners: My top tips,culture & tips,https://www.engvid.com/learning-english-for-beginners-my-top-tips/,Beginner,Beginner,culture & tips
595,"Listening, Vocabulary, Comprehension: Medical words used in business English",business english vocabulary,https://www.engvid.com/listening-vocabulary-comprehension-medical-business-english/,Advanced,Advanced,"business english, vocabulary"
596,English Grammar: When NOT to use an article – 9 rules,grammar,https://www.engvid.com/when-not-to-use-an-article-9-rules/,"Intermediate, Advanced",Advanced,grammar
597,Learn English Tenses: PAST SIMPLE & PRESENT PERFECT,grammar,https://www.engvid.com/english-tenses-past-simple-present-perfect/,Intermediate,Intermediate,grammar
598,PHRASAL VERBS: 5 ways to use “take off” in English,expressions vocabulary,https://www.engvid.com/phrasal-verbs-take-off/,Intermediate,Intermediate,"expressions, vocabulary"
599,Improve your Vocabulary: 8 better ways to say “I don’t know”,expressions vocabulary,https://www.engvid.com/8-better-ways-to-say-i-dont-know/,Intermediate,Intermediate,"expressions, vocabulary"
600,"Help a Charity, Save a Life",culture & tips,https://www.engvid.com/help-a-charity-save-a-life/,Advanced,Advanced,culture & tips
601,Comparative & Superlative Adjectives in English,English resource grammar,https://www.engvid.com/english-resource/comparative-superlative-adjectives-in-english/,Beginner,Beginner,"english resource, grammar"
602,Comparative & Superlative Adjectives in English: Complete Guide,vocabulary,https://www.engvid.com/comparative-superlative-adjectives-english/,Beginner,Beginner,vocabulary
603,The Top 10 Words of the Decade,culture & tips vocabulary,https://www.engvid.com/the-top-10-words-of-the-decade/,"Intermediate, Advanced",Advanced,"culture & tips, vocabulary"
604,Learn the many uses of “SOME” in English,vocabulary,https://www.engvid.com/some-in-english/,"Intermediate, Advanced",Advanced,vocabulary
605,??? Strange English idioms that don’t make sense,expressions,https://www.engvid.com/strange-english-idioms/,Advanced,Advanced,expressions
606,The BEST classic books for kids and teenagers (ages 7–16),culture & tips,https://www.engvid.com/the-best-classic-books-for-kids-and-teenagers/,"Beginner, Intermediate, Advanced",Advanced,culture & tips
607,Learn English vocabulary for card games,culture & tips vocabulary,https://www.engvid.com/english-vocabulary-card-games/,Intermediate,Intermediate,"culture & tips, vocabulary"
608,PHRASAL VERBS to talk about what you do every morning,expressions vocabulary,https://www.engvid.com/phrasal-verbs-morning-routine/,"Beginner, Intermediate",Intermediate,"expressions, vocabulary"
609,Comparing life during lockdown in China & England,culture & tips,https://www.engvid.com/life-during-lockdown-china-england/,Advanced,Advanced,culture & tips
610,Learn English: SAY or TELL?,grammar,https://www.engvid.com/learn-english-say-or-tell/,Beginner,Beginner,grammar
611,Learn English Vocabulary: SELF-HELP… life is hard!,culture & tips expressions vocabulary,https://www.engvid.com/learn-english-vocabulary-self-help/,Intermediate,Intermediate,"culture & tips, expressions, vocabulary"
612,NOUN or VERB? Listen for the word stress,grammar pronunciation,https://www.engvid.com/noun-or-verb-word-stress/,"Intermediate, Advanced",Advanced,"grammar, pronunciation"
613,13 English PHRASAL VERBS with “cut”,expressions vocabulary,https://www.engvid.com/13-cut-phrasal-verbs/,Intermediate,Intermediate,"expressions, vocabulary"
614,Improve your English by speaking to yourself,culture & tips expressions,https://www.engvid.com/improve-your-english-by-speaking-to-yourself/,"Intermediate, Advanced",Advanced,"culture & tips, expressions"
615,How do posh people speak? Learn about language and social class in England,culture & tips,https://www.engvid.com/how-do-posh-people-speak/,Advanced,Advanced,culture & tips
616,Learn English with Alice in Wonderland,culture & tips expressions,https://www.engvid.com/learn-english-with-alice-in-wonderland/,"Intermediate, Advanced",Advanced,"culture & tips, expressions"
617,My apology video…,culture & tips speaking,https://www.engvid.com/my-apology-video/,Intermediate,Intermediate,"culture & tips, speaking"
618,Learn English with a Poem: “The New Colossus” by Emma Lazarus,comprehension culture & tips,https://www.engvid.com/learn-english-with-a-poem-the-new-colossus-emma-lazarus/,Advanced,Advanced,"comprehension, culture & tips"
619,Speak like a Manager: Adjectives 1,business english vocabulary,https://www.engvid.com/speak-like-a-manager-adjectives-1/,"Intermediate, Advanced",Advanced,"business english, vocabulary"
620,How to listen to lectures: Understand & remember with these strategies,culture & tips Exams,https://www.engvid.com/how-to-listen-to-lectures/,Advanced,Advanced,culture & tips
621,Stop using these COVID words!,vocabulary,https://www.engvid.com/stop-using-these-covid-words/,Advanced,Advanced,vocabulary
622,Learn 10 English Expressions from Politics,expressions,https://www.engvid.com/learn-10-english-expressions-from-politics/,Intermediate,Intermediate,expressions
623,How to write an article,business english writing,https://www.engvid.com/how-to-write-an-article/,Advanced,Advanced,"business english, writing"
624,30+ ways to say “NO” in English,expressions vocabulary,https://www.engvid.com/30-ways-to-say-no-in-english/,Intermediate,Intermediate,"expressions, vocabulary"
625,"Learn English Phrasal Verbs: BBQ! “light up”, “put out”, “flip over”, “scrape down”…",culture & tips vocabulary,https://www.engvid.com/learn-english-phrasal-verbs-bbq/,"Beginner, Intermediate",Intermediate,"culture & tips, vocabulary"
626,Life in the UK: A professional couple who moved to London 5 years ago talk about their experience,culture & tips,https://www.engvid.com/life-in-the-uk-interview-professional-couple/,"Intermediate, Advanced",Advanced,culture & tips
627,Millionaire English: 10 idioms about money!,expressions,https://www.engvid.com/millionaire-english-10-idioms-about-money/,Beginner,Beginner,expressions
628,Cultural Differences between North America & England,culture & tips,https://www.engvid.com/cultural-differences-north-america-england/,"Intermediate, Advanced",Advanced,culture & tips
629,TEST YOUR ENGLISH: Play the phrase game!,expressions,https://www.engvid.com/test-your-english-phrase-game/,"Intermediate, Advanced",Advanced,expressions
630,Learn Real English: Buying Glasses,vocabulary,https://www.engvid.com/learn-real-english-buying-glasses/,Intermediate,Intermediate,vocabulary
631,British English & North American English: Pronunciation & Accent Differences,,https://www.engvid.com/british-north-american-english-accent-differences/,"Intermediate, Advanced",Advanced,
632,Australian English,culture & tips slang,https://www.engvid.com/australian-english/,Advanced,Advanced,"culture & tips, slang"
633,The BEST way to learn PHRASAL VERBS,expressions vocabulary,https://www.engvid.com/the-best-way-to-learn-phrasal-verbs/,"Intermediate, Advanced",Advanced,"expressions, vocabulary"
634,ZOOM Meeting Tips: What to do and what not to do!,culture & tips,https://www.engvid.com/zoom-meeting-tips/,Intermediate,Intermediate,culture & tips
635,How to disagree politely in English,business english speaking,https://www.engvid.com/how-to-disagree-politely-in-english/,"Intermediate, Advanced",Advanced,"business english, speaking"
636,English Pronunciation Practice: OO & U,pronunciation,https://www.engvid.com/english-pronunciation-oo-u/,Beginner,Beginner,pronunciation
637,When to END a conversation: 4 signs,culture & tips speaking,https://www.engvid.com/when-to-end-a-conversation/,"Intermediate, Advanced",Advanced,"culture & tips, speaking"
638,Professional & Business English: Marketing,business english,https://www.engvid.com/professional-business-english-marketing/,"Intermediate, Advanced",Advanced,business english
639,Professional English: Expressions to use in business & office meetings,business english expressions,https://www.engvid.com/professional-english-expressions-meetings/,"Intermediate, Advanced",Advanced,"business english, expressions"
640,Work English: 12 PHRASAL VERBS for meetings,business english expressions vocabulary,https://www.engvid.com/work-english-12-phrasal-verbs-for-meetings/,Intermediate,Intermediate,"business english, expressions, vocabulary"
641,"Learn 8 Phrasal Verbs for opening: pop open, peel off, flip up…",expressions slang,https://www.engvid.com/8-phrasal-verbs-for-opening/,Beginner,Beginner,"expressions, slang"
642,"Life in the UK: What’s it like to move to, live, and work in London?",culture & tips,https://www.engvid.com/life-in-the-uk-whats-it-like-to-live-in-london/,Advanced,Advanced,culture & tips
643,10 Common Mistakes with Verbs & Prepositions in English,grammar,https://www.engvid.com/10-common-mistakes-with-verbs-prepositions-in-english/,"Beginner, Intermediate, Advanced",Advanced,grammar
644,How to learn & study more effectively: Use the “BLESS ME” strategy,culture & tips IELTS TOEFL TOEIC,https://www.engvid.com/learn-study-more-effectively-bless-me/,"Beginner, Intermediate, Advanced",Advanced,"culture & tips, ielts"
645,Learn English: 20 ways to say “I don’t know”,expressions speaking,https://www.engvid.com/learn-english-20-ways-to-say-i-dont-know/,Intermediate,Intermediate,"expressions, speaking"
646,English Grammar: Linking Verbs (Copula),grammar,https://www.engvid.com/english-grammar-linking-verbs-copula/,"Intermediate, Advanced",Advanced,grammar
647,English Grammar: Tag Questions for ALL TENSES!,grammar,https://www.engvid.com/english-grammar-tag-questions-for-all-tenses/,"Intermediate, Advanced",Advanced,grammar
648,Why English is SO HARD to learn,culture & tips,https://www.engvid.com/why-english-is-so-hard-to-learn/,Intermediate,Intermediate,culture & tips
649,Life in London: Fish & Chips,culture & tips,https://www.engvid.com/life-in-london-fish-chips/,Advanced,Advanced,culture & tips
650,Learn 14 English expressions for body language,expressions,https://www.engvid.com/14-english-expressions-body-language/,Advanced,Advanced,expressions
651,"Optimistic English: Make yourself & others happier, healthier, and richer!",culture & tips expressions speaking,https://www.engvid.com/optimistic-english/,"Intermediate, Advanced",Advanced,"culture & tips, expressions, speaking"
652,Do you want to change your accent?,comprehension pronunciation speaking,https://www.engvid.com/do-you-want-to-change-your-accent/,Beginner,Beginner,"comprehension, pronunciation, speaking"
653,"Phrasal Verbs: CHECK – check up, check out, check off…",expressions vocabulary,https://www.engvid.com/phrasal-verbs-check/,Intermediate,Intermediate,"expressions, vocabulary"
654,"Learn English prefixes to improve your vocabulary: DOWN-, UP-, RE-, DE-",vocabulary,https://www.engvid.com/learn-english-prefixes-down-up-re-de/,Intermediate,Intermediate,vocabulary
655,STOP giving advice in English!,expressions slang,https://www.engvid.com/stop-giving-advice-in-english/,Intermediate,Intermediate,"expressions, slang"
656,Why English is easy to learn,culture & tips,https://www.engvid.com/why-english-is-easy-to-learn/,Intermediate,Intermediate,culture & tips
657,Learn 7 Time Expressions in English,expressions,https://www.engvid.com/learn-7-time-expressions-in-english/,Advanced,Advanced,expressions
658,Learn English Vocabulary: Computer Hardware,expressions vocabulary,https://www.engvid.com/learn-english-vocabulary-computer-hardware/,Intermediate,Intermediate,"expressions, vocabulary"
659,Learn English Tenses: Review of ALL 12 TENSES in English,grammar,https://www.engvid.com/learn-english-tenses-review/,Beginner,Beginner,grammar
660,Giving advice in English with ‘SHOULD’ & tips for being in a hospital,culture & tips grammar,https://www.engvid.com/advice-english-should-hospital-tips/,"Beginner, Intermediate, Advanced",Advanced,"culture & tips, grammar"
661,Speak English more naturally: Using rhyme for word stress and intonation,pronunciation,https://www.engvid.com/rhyme-word-stress-intonation/,Advanced,Advanced,pronunciation
662,Practice your English comprehension: Sailing vocabulary & expressions,comprehension expressions vocabulary,https://www.engvid.com/english-comprehension-sailing-vocabulary-expressions/,Advanced,Advanced,"comprehension, expressions, vocabulary"
663,How has the quarantine changed life and society?,culture & tips,https://www.engvid.com/quarantine-life-society/,"Beginner, Intermediate",Intermediate,culture & tips
664,Learn English Tenses: FUTURE PERFECT CONTINUOUS,grammar,https://www.engvid.com/future-perfect-continuous/,Beginner,Beginner,grammar
665,Learn 30+ ways to greet people in English,expressions speaking,https://www.engvid.com/learn-30-ways-to-greet-people-in-english/,Intermediate,Intermediate,"expressions, speaking"
666,Study & work in the UK: A talk with my English student about her journey!,culture & tips,https://www.engvid.com/study-work-in-the-uk-a-talk-with-my-english-student/,"Intermediate, Advanced",Advanced,culture & tips
667,Learn 12 Work English Expressions with BREAD,business english expressions,https://www.engvid.com/12-work-english-expressions-bread/,"Intermediate, Advanced",Advanced,"business english, expressions"
668,Improve Your Writing: Common & Proper Nouns,grammar writing,https://www.engvid.com/improve-your-writing-common-proper-nouns/,Intermediate,Intermediate,"grammar, writing"
669,Easy English Conversation: Talk about food!,vocabulary,https://www.engvid.com/easy-english-conversation-food/,"Beginner, Intermediate, Advanced",Advanced,vocabulary
670,The BEST books to read with your kids (ages 0–7),culture & tips,https://www.engvid.com/best-books-to-read-with-kids/,"Beginner, Intermediate, Advanced",Advanced,culture & tips
671,Water Vocabulary & Expressions in English,expressions vocabulary,https://www.engvid.com/water-vocabulary-expressions-in-english/,Intermediate,Intermediate,"expressions, vocabulary"
672,How to use “GET” like a native English speaker,slang vocabulary,https://www.engvid.com/how-to-use-get-like-a-native-english-speaker/,"Beginner, Intermediate",Intermediate,"slang, vocabulary"
673,Learn English Tenses: FUTURE PERFECT,grammar,https://www.engvid.com/future-perfect/,Beginner,Beginner,grammar
674,Learn English Vocabulary: Cleaning your house,vocabulary,https://www.engvid.com/learn-english-vocabulary-cleaning-your-house/,Intermediate,Intermediate,vocabulary
675,Learn 55 abbreviations for texting & messaging in English,slang,https://www.engvid.com/55-abbreviations-texting-english/,Intermediate,Intermediate,slang
676,"Describe people in English with animal adjectives & idioms: sheepish, sluggish, fishy…",expressions slang vocabulary,https://www.engvid.com/describe-people-in-english-animal-adjectives-idioms/,Intermediate,Intermediate,"expressions, slang, vocabulary"
677,Learn English Tenses: PRESENT PERFECT CONTINUOUS or PAST PERFECT CONTINUOUS?,grammar,https://www.engvid.com/present-perfect-continuous-or-past-perfect-continuous/,Beginner,Beginner,grammar
678,GROUP JOB INTERVIEW: What to say and do to succeed,business english culture & tips,https://www.engvid.com/group-job-interview/,Advanced,Advanced,"business english, culture & tips"
679,How to cancel plans: Use my 5 easy steps,speaking,https://www.engvid.com/how-to-cancel-plans-5-steps/,Advanced,Advanced,speaking
680,"Learn English Vocabulary for Tourism: resort, cruise, charter, all-inclusive…",vocabulary,https://www.engvid.com/english-vocabulary-tourism/,"Beginner, Intermediate",Intermediate,vocabulary
681,How to talk about wine in English: Vocabulary & expressions,culture & tips expressions vocabulary,https://www.engvid.com/wine-english-vocabulary-expressions/,Advanced,Advanced,"culture & tips, expressions, vocabulary"
682,Learn English Tenses: PAST PERFECT CONTINUOUS,grammar,https://www.engvid.com/past-perfect-continuous/,Beginner,Beginner,grammar
683,"Learn English vocabulary from French: foie gras, du jour, faux pas…",pronunciation,https://www.engvid.com/learn-english-vocabulary-from-french/,Beginner,Beginner,pronunciation
684,15 English words that even native speakers don’t pronounce correctly,pronunciation,https://www.engvid.com/15-english-words-native-speakers-mispronounce/,Advanced,Advanced,pronunciation
685,Pronunciation: Fix 14 Common Mistakes with Business English Verbs,business english pronunciation,https://www.engvid.com/pronunciation-14-common-mistakes-business-english-verbs/,"Intermediate, Advanced",Advanced,"business english, pronunciation"
686,English Poetry: Learn about THE SONNET,culture & tips,https://www.engvid.com/english-poetry-sonnet/,Advanced,Advanced,culture & tips
687,Basic English: How to use SORRY & EXCUSE ME,vocabulary,https://www.engvid.com/basic-english-sorry-excuse-me/,Beginner,Beginner,vocabulary
688,Learn English Tenses: PAST SIMPLE or PAST PERFECT?,grammar,https://www.engvid.com/past-simple-or-past-perfect/,Beginner,Beginner,grammar
689,Everyday English: Going to the PHARMACY,expressions vocabulary,https://www.engvid.com/everyday-english-pharmacy/,Beginner,Beginner,"expressions, vocabulary"
690,Improve your Vocabulary: 29 ways to express anger in English,expressions slang vocabulary,https://www.engvid.com/29-ways-to-express-anger-in-english/,"Intermediate, Advanced",Advanced,"expressions, slang, vocabulary"
691,Understand ROAD SIGNS in the UK & North America,culture & tips vocabulary,https://www.engvid.com/road-signs-uk-north-america/,Intermediate,Intermediate,"culture & tips, vocabulary"
692,Learn about North American culture: Hygiene,culture & tips,https://www.engvid.com/north-american-culture-hygiene/,Beginner,Beginner,culture & tips
693,Learn English Tenses: PAST PERFECT,grammar,https://www.engvid.com/past-perfect/,Beginner,Beginner,grammar
694,How to make small talk at work: What to say,business english speaking,https://www.engvid.com/how-to-make-small-talk-at-work/,Advanced,Advanced,"business english, speaking"
695,"22 ways to use ‘OUT’ in English: outfit, outlook, output, outcry, out loud…",expressions vocabulary,https://www.engvid.com/22-ways-to-use-out-in-english/,Intermediate,Intermediate,"expressions, vocabulary"
696,"Basic English Grammar: How to use ALSO, TOO, AS WELL",grammar,https://www.engvid.com/basic-english-grammar-also-too-as-well/,Beginner,Beginner,grammar
697,Learn how to say 30+ foods that are hard to pronounce,pronunciation,https://www.engvid.com/30-foods-hard-to-pronounce/,Advanced,Advanced,pronunciation
698,Learn English Tenses: PRESENT PERFECT CONTINUOUS,grammar,https://www.engvid.com/present-perfect-continuous/,Beginner,Beginner,grammar
699,HELP! I failed my test/exam/course: NOW WHAT?,culture & tips IELTS TOEFL,https://www.engvid.com/help-i-failed-my-test-exam-course-now-what/,"Beginner, Intermediate, Advanced",Advanced,"culture & tips, ielts"
700,How to write a PERSONAL STATEMENT for university or college,culture & tips writing,https://www.engvid.com/how-to-write-a-personal-statement-university-college/,Advanced,Advanced,"culture & tips, writing"
701,Learn 7 easy English idioms for giving advice,expressions,https://www.engvid.com/7-easy-english-idioms-advice/,Beginner,Beginner,expressions
702,Basic English to GET TALKING FAST!,expressions,https://www.engvid.com/basic-english-to-get-talking-fast/,Beginner,Beginner,expressions
703,How to GET A JOB in North America,business english culture & tips expressions vocabulary,https://www.engvid.com/how-to-get-a-job-in-north-america/,Advanced,Advanced,"business english, culture & tips, expressions, vocabulary"
704,Learn 20 ways to say “that’s cool” in English,expressions slang,https://www.engvid.com/20-ways-to-say-thats-cool-in-english/,Intermediate,Intermediate,"expressions, slang"
705,Learn English Tenses: PRESENT PERFECT or PAST SIMPLE?,grammar,https://www.engvid.com/present-perfect-or-past-simple/,Beginner,Beginner,grammar
706,How to pronounce ‘R’ in British English,pronunciation,https://www.engvid.com/how-to-pronounce-r-in-british-english/,Beginner,Beginner,pronunciation
707,4 ways to improve your English speaking… ALONE!,culture & tips speaking,https://www.engvid.com/improve-english-speaking-alone/,"Intermediate, Advanced",Advanced,"culture & tips, speaking"
708,“Schedule”: Are you saying it correctly?,business english pronunciation,https://www.engvid.com/schedule-pronunciation/,Intermediate,Intermediate,"business english, pronunciation"
709,Learn English Tenses: PRESENT PERFECT,grammar,https://www.engvid.com/present-perfect-tense/,Beginner,Beginner,grammar
710,Should you use slang?,culture & tips slang,https://www.engvid.com/should-you-use-slang/,Beginner,Beginner,"culture & tips, slang"
711,Driving in English: Car & Road Vocabulary,culture & tips vocabulary,https://www.engvid.com/driving-in-english-car-road-vocabulary/,Intermediate,Intermediate,"culture & tips, vocabulary"
712,18 PHRASAL VERBS in English for success and failure,expressions vocabulary,https://www.engvid.com/18-phrasal-verbs-success-failure/,Intermediate,Intermediate,"expressions, vocabulary"
713,I HATE English! Surprising plurals and singulars ?,grammar,https://www.engvid.com/surprising-plurals-and-singulars/,Beginner,Beginner,grammar
714,Learn English Tenses: FUTURE CONTINUOUS,grammar,https://www.engvid.com/future-continuous/,Beginner,Beginner,grammar
715,English Vocabulary: 35 words that we shorten in conversation,vocabulary,https://www.engvid.com/english-vocabulary-35-shortened-words/,Intermediate,Intermediate,vocabulary
716,Learn English Grammar: The 4 Conditionals,grammar,https://www.engvid.com/learn-english-grammar-the-4-conditionals/,"Intermediate, Advanced",Advanced,grammar
717,10 English Idioms & Expressions with “EYE”,expressions,https://www.engvid.com/10-english-idioms-expressions-eye/,Intermediate,Intermediate,expressions
718,Get a job: Language & phrases for Your English CV,business english culture & tips,https://www.engvid.com/get-a-job-english-cv/,Advanced,Advanced,"business english, culture & tips"
719,COVID-19: Talking about coronavirus in English – vocabulary & expressions,vocabulary,https://www.engvid.com/covid-19-coronavirus-vocabulary-expressions/,"Intermediate, Advanced",Advanced,vocabulary
720,Basic English Grammar: Giving reasons with infinitives,expressions grammar,https://www.engvid.com/basic-english-grammar-giving-reasons-with-infinitives/,Beginner,Beginner,"expressions, grammar"
721,REAL ENGLISH: Going to the COFFEE SHOP,culture & tips vocabulary,https://www.engvid.com/real-english-coffee-shop/,Intermediate,Intermediate,"culture & tips, vocabulary"
722,Learn English Tenses: FUTURE – “will” or “going to”?,grammar,https://www.engvid.com/will-or-going-to/,Beginner,Beginner,grammar
723,"5 simple English words with many meanings: VERY, TOO, ENOUGH, QUITE, RATHER",comprehension grammar vocabulary,https://www.engvid.com/very-too-enough-quite-rather/,"Beginner, Intermediate",Intermediate,"comprehension, grammar, vocabulary"
724,EASY ENGLISH VOCABULARY for Spanish & Portuguese Speakers,pronunciation vocabulary,https://www.engvid.com/easy-english-vocabulary-spanish-portuguese/,Beginner,Beginner,"pronunciation, vocabulary"
725,Improve your Vocabulary: Learn 26 adjectives to describe the taste and texture of food!,vocabulary,https://www.engvid.com/improve-your-vocabulary-26-food-adjectives/,Intermediate,Intermediate,vocabulary
726,Learn English Vocabulary: Going to the theatre,culture & tips vocabulary,https://www.engvid.com/learn-english-vocabulary-going-to-the-theatre/,"Intermediate, Advanced",Advanced,"culture & tips, vocabulary"
727,13 Common ACRONYMS & ABBREVIATIONS in English,slang vocabulary,https://www.engvid.com/13-common-acronyms-abbreviations-in-english/,"Intermediate, Advanced",Advanced,"slang, vocabulary"
728,Learn English Tenses: FUTURE with “GOING TO” & Present Continuous,grammar,https://www.engvid.com/future-going-to-present-continuous/,Beginner,Beginner,grammar
729,Change your life by changing how you speak,culture & tips speaking,https://www.engvid.com/change-your-life-by-changing-how-you-speak/,Advanced,Advanced,"culture & tips, speaking"
730,English Fluency: Improve your INTONATION with the Banana Game,pronunciation speaking,https://www.engvid.com/english-fluency-intonation-banana-game/,Beginner,Beginner,"pronunciation, speaking"
731,English Pronunciation: How to make the TS sound,pronunciation,https://www.engvid.com/english-pronunciation-ts/,Intermediate,Intermediate,pronunciation
732,Improve your life & find SUCCESS with social etiquette,culture & tips expressions,https://www.engvid.com/social-etiquette/,Advanced,Advanced,"culture & tips, expressions"
733,Learn Real English: How to talk about your PERIOD,culture & tips vocabulary,https://www.engvid.com/how-to-talk-about-your-period/,Beginner,Beginner,"culture & tips, vocabulary"
734,Upgrade your English: 10 Advanced Business Expressions,business english vocabulary,https://www.engvid.com/10-advanced-business-expressions/,Advanced,Advanced,"business english, vocabulary"
735,How to use “first” and “last” in English sentences,grammar writing,https://www.engvid.com/how-to-use-first-and-last-in-english-sentences/,Intermediate,Intermediate,"grammar, writing"
736,Learn English Grammar: What’s the difference between ACTIVE & PASSIVE?,grammar,https://www.engvid.com/learn-english-grammar-active-passive/,Intermediate,Intermediate,grammar
737,SUPERLEARNING: Develop your learning style to its full potential,comprehension culture & tips,https://www.engvid.com/superlearning-learning-styles/,"Beginner, Intermediate, Advanced",Advanced,"comprehension, culture & tips"
738,"Learn about the SCOTTISH accent, dialect, and slang!",culture & tips,https://www.engvid.com/scottish-accent-dialect-slang/,Advanced,Advanced,culture & tips
739,Learn English Tenses: FUTURE SIMPLE with “will”,grammar,https://www.engvid.com/future-simple/,Beginner,Beginner,grammar
740,Understand what you read: Emma’s pronoun trick!,grammar IELTS TOEFL,https://www.engvid.com/understand-what-you-read-emmas-pronoun-trick/,Beginner,Beginner,"grammar, ielts"
741,Parts of Speech in English Grammar: VERBS & ADVERBS,grammar,https://www.engvid.com/parts-of-speech-verbs-adverbs/,"Beginner, Intermediate, Advanced",Advanced,grammar
742,10 social English expressions to use in conversations,expressions,https://www.engvid.com/10-social-english-expressions-to-use-in-conversations/,"Beginner, Intermediate",Intermediate,expressions
743,"English Vocabulary: hmm, huh, ouch, wow, aww, uhh… (interjections)",slang vocabulary,https://www.engvid.com/english-vocabulary-interjections/,Beginner,Beginner,"slang, vocabulary"
744,Learn 30+ common “WILL” sentences in English,expressions,https://www.engvid.com/learn-30-common-will-sentences-in-english/,Intermediate,Intermediate,expressions
745,Learn English Tenses: PAST CONTINUOUS,grammar,https://www.engvid.com/past-continuous/,Beginner,Beginner,grammar
746,IELTS & Academic English: How to talk about percentages,IELTS vocabulary,https://www.engvid.com/ielts-academic-english-percentages/,"Intermediate, Advanced",Advanced,"ielts, vocabulary"
747,W5 Questions in English: Wherever Whenever Whatever Whoever Whyever,grammar vocabulary,https://www.engvid.com/wherever-whenever-whatever-whoever-whyever/,Intermediate,Intermediate,"grammar, vocabulary"
748,Speak like a Manager: Stop saying “very good” & “very bad”,business english expressions vocabulary,https://www.engvid.com/stop-saying-very-good-very-bad/,"Intermediate, Advanced",Advanced,"business english, expressions, vocabulary"
749,The MOST mispronounced word in English: Learn how to say it correctly!,pronunciation,https://www.engvid.com/the-most-mispronounced-word-in-english/,Beginner,Beginner,pronunciation
750,How to use “USED TO” in English,grammar,https://www.engvid.com/how-to-use-used-to-in-english/,Beginner,Beginner,grammar
751,Parts of Speech in English Grammar: NOUNS & ADJECTIVES,grammar,https://www.engvid.com/parts-of-speech-english-grammar-nouns-adjectives/,"Beginner, Intermediate, Advanced",Advanced,grammar
752,Learn English Tenses: PAST SIMPLE,grammar,https://www.engvid.com/past-simple-tense/,Beginner,Beginner,grammar
753,Don’t say “I done that”! Learn 10 better ways to say it,expressions vocabulary,https://www.engvid.com/dont-say-i-done-that/,Intermediate,Intermediate,"expressions, vocabulary"
754,"Learn English vocabulary with the alphabet: I is for “eye”, T is for “tea”…",vocabulary,https://www.engvid.com/learn-english-vocabulary-with-the-alphabet/,Beginner,Beginner,vocabulary
755,My EASY English grammar trick for yes/no questions,grammar,https://www.engvid.com/easy-english-grammar-trick-yes-no-questions/,Intermediate,Intermediate,grammar
756,Learn English Tenses: PRESENT SIMPLE or PRESENT CONTINUOUS?,grammar,https://www.engvid.com/present-simple-or-present-continuous/,Beginner,Beginner,grammar
757,"Learn 9 English idioms from ball sports: out of your league, up to par, get into the swing…",expressions,https://www.engvid.com/learn-9-english-idioms-from-ball-sports/,Intermediate,Intermediate,expressions
758,Learn English the MMA way!,expressions,https://www.engvid.com/learn-english-the-mma-way/,Advanced,Advanced,expressions
759,English Pronunciation: 12 commonly confused word pairs,pronunciation,https://www.engvid.com/english-pronunciation-12-commonly-confused-word-pairs/,Intermediate,Intermediate,pronunciation
760,"How to pronounce British towns & cities: -HAM, -BURY, -WICH, -MOUTH…",culture & tips pronunciation,https://www.engvid.com/how-to-pronounce-british-towns-cities/,Advanced,Advanced,"culture & tips, pronunciation"
761,"Learn English vocabulary, expressions, and culture for birthdays!",culture & tips expressions vocabulary,https://www.engvid.com/english-vocabulary-expressions-culture-birthdays/,Beginner,Beginner,"culture & tips, expressions, vocabulary"
762,SOCIAL MEDIA Vocabulary in English: 30 words to learn,expressions vocabulary,https://www.engvid.com/social-media-vocabulary-in-english/,Intermediate,Intermediate,"expressions, vocabulary"
763,Learn English Tenses: PRESENT CONTINUOUS (PRESENT PROGRESSIVE),grammar,https://www.engvid.com/present-continuous-progressive-tense/,Beginner,Beginner,grammar
764,ENGLISH Tips for CHINESE Speakers,culture & tips pronunciation,https://www.engvid.com/english-tips-for-chinese-speakers/,"Beginner, Intermediate",Intermediate,"culture & tips, pronunciation"
765,Take PRIVATE ENGLISH CLASSES with RONNIE!,culture & tips,https://www.engvid.com/take-private-english-classes-with-ronnie/,"Beginner, Intermediate, Advanced",Advanced,culture & tips
766,How to write informal emails in English,writing,https://www.engvid.com/how-to-write-informal-emails-in-english/,Advanced,Advanced,writing
767,Learn English Tenses: PRESENT SIMPLE,grammar,https://www.engvid.com/present-simple-tense/,Beginner,Beginner,grammar
768,English Pronunciation: Learn when and how to say the S & Z sound,pronunciation vocabulary,https://www.engvid.com/english-pronunciation-s-z-sound/,Intermediate,Intermediate,"pronunciation, vocabulary"
769,Improve your Vocabulary: Stop saying I KNOW!,culture & tips speaking vocabulary,https://www.engvid.com/improve-your-vocabulary-stop-saying-i-know/,"Intermediate, Advanced",Advanced,"culture & tips, speaking, vocabulary"
770,How to remember IPA phoneme symbols: my tricks!,pronunciation,https://www.engvid.com/how-to-remember-ipa-phoneme-symbols-my-tricks/,Advanced,Advanced,pronunciation
771,How to talk about the future in English with ‘WILL’,culture & tips grammar speaking,https://www.engvid.com/how-to-talk-about-the-future-in-english-with-will/,Beginner,Beginner,"culture & tips, grammar, speaking"
772,"REAL ENGLISH: Talking about measurements: cm, m, km, ‘, “, lb, kg, g, oz, ml, cc",culture & tips vocabulary,https://www.engvid.com/real-english-talking-about-measurements/,"Intermediate, Advanced",Advanced,"culture & tips, vocabulary"
773,"16 English words that come from Japanese: karaoke, origami, tsunami, tofu…",vocabulary,https://www.engvid.com/16-english-words-from-japanese/,Beginner,Beginner,vocabulary
774,MERRY CHRISTMAS! Learn English idioms & North American customs for the holidays,culture & tips expressions,https://www.engvid.com/merry-christmas-english-idioms-holiday-customs/,Intermediate,Intermediate,"culture & tips, expressions"
775,Improve your vocabulary! 18 ways to say something is broken in English,speaking vocabulary,https://www.engvid.com/18-ways-to-say-something-is-broken-in-english/,Intermediate,Intermediate,"speaking, vocabulary"
776,English Vocabulary Game: Guess the people!,vocabulary,https://www.engvid.com/english-vocabulary-game-guess-the-people/,Intermediate,Intermediate,vocabulary
777,The 10 Best INSULTS from SHAKESPEARE,culture & tips expressions,https://www.engvid.com/the-10-best-insults-from-shakespeare/,Advanced,Advanced,"culture & tips, expressions"
778,Improve your English with COMICS & GRAPHIC NOVELS,culture & tips slang,https://www.engvid.com/improve-your-english-with-comics-graphic-novels/,Intermediate,Intermediate,"culture & tips, slang"
779,Prepositions: Fix 8 Common Errors with the F.U.N. method!,grammar,https://www.engvid.com/common-preposition-errors-fun-method/,"Beginner, Intermediate",Intermediate,grammar
780,English Vocabulary: Learn 15 words with the prefix OVER-,grammar vocabulary,https://www.engvid.com/english-vocabulary-prefix-over/,Intermediate,Intermediate,"grammar, vocabulary"
781,English Vocabulary & Expressions for SHOPPING in North America,culture & tips expressions vocabulary,https://www.engvid.com/english-vocabulary-expressions-shopping-north-america/,Intermediate,Intermediate,"culture & tips, expressions, vocabulary"
782,REAL ENGLISH: Money vocabulary & expressions,vocabulary,https://www.engvid.com/common-money-expressions/,Intermediate,Intermediate,vocabulary
783,Learn 13 English IDIOMS from the theatre,expressions,https://www.engvid.com/13-english-idioms-from-theatre/,Advanced,Advanced,expressions
784,Vocabulary & Life Tips: BE RESPONSIBLE! DON’T BLAME ME! WHOSE FAULT IS IT?,vocabulary,https://www.engvid.com/vocabulary-life-tips-responsibility-blame-fault/,"Intermediate, Advanced",Advanced,vocabulary
785,Medical Vocabulary for English Learners,expressions vocabulary,https://www.engvid.com/medical-vocabulary-for-english-learners/,"Intermediate, Advanced",Advanced,"expressions, vocabulary"
786,POSH ENGLISH: Old-fashioned British English Expressions,culture & tips expressions,https://www.engvid.com/posh-english-old-fashioned-british-english-expressions/,Advanced,Advanced,"culture & tips, expressions"
787,IELTS Speaking Part 1: All my best tips for success,IELTS,https://www.engvid.com/ielts-speaking-part-1-tips-for-success/,Intermediate,Intermediate,ielts
788,English Vocabulary: Words with the prefix UNDER-,grammar vocabulary,https://www.engvid.com/english-vocabulary-prefix-under/,Intermediate,Intermediate,"grammar, vocabulary"
789,English Tips for Arabic Speakers,culture & tips grammar,https://www.engvid.com/english-tips-for-arabic-speakers/,"Beginner, Intermediate",Intermediate,"culture & tips, grammar"
790,Speak English like a North American: How to pronounce P & B,pronunciation,https://www.engvid.com/english-pronunciation-p-b/,Beginner,Beginner,pronunciation
791,Learn 50 “GET” Phrases in English,speaking vocabulary,https://www.engvid.com/learn-50-get-phrases-in-english/,Intermediate,Intermediate,"speaking, vocabulary"
792,12 ‘WALL’ Expressions in English,expressions,https://www.engvid.com/12-wall-expressions-in-english/,"Intermediate, Advanced",Advanced,expressions
793,"10 PHRASAL VERBS using the prepositions OFF, ON, OVER, UP",business english expressions,https://www.engvid.com/10-phrasal-verbs-off-on-over-up/,"Intermediate, Advanced",Advanced,"business english, expressions"
794,Conversation Skills: Interrupting politely in English,culture & tips speaking,https://www.engvid.com/conversation-skills-interrupting-politely-in-english/,Advanced,Advanced,"culture & tips, speaking"
795,How to use the SEMI-COLON in English writing,writing,https://www.engvid.com/how-to-use-the-semi-colon-in-english-writing/,Advanced,Advanced,writing
796,IELTS Reading: True/False/Not Given Questions,IELTS,https://www.engvid.com/ielts-reading-true-false-not-given-questions/,Advanced,Advanced,ielts
797,Learn 10 English Expressions with NOSE!,expressions,https://www.engvid.com/learn-10-english-nose-expressions/,Intermediate,Intermediate,expressions
798,Learn English: MUCH & MANY,grammar,https://www.engvid.com/english-grammar-much-many-a-lot-of-quantifiers/,"Beginner, Intermediate",Intermediate,grammar
799,Improve your Vocabulary: 6 English words ending in -RUPT,vocabulary,https://www.engvid.com/improve-your-vocabulary-6-english-words-ending-in-rupt/,Intermediate,Intermediate,vocabulary
800,English Vocabulary: FLAT & 3D SHAPES to Describe Things,vocabulary,https://www.engvid.com/english-vocabulary-flat-3d-shapes/,"Beginner, Intermediate",Intermediate,vocabulary
801,HOW TO PRACTICE ENGLISH in a non-English speaking country,culture & tips,https://www.engvid.com/how-to-practice-english-in-a-non-english-speaking-country/,"Beginner, Intermediate, Advanced",Advanced,culture & tips
802,"English Grammar: Modal Verbs of Certainty – MIGHT, MAY, MUST, CAN",grammar,https://www.engvid.com/english-grammar-modal-verbs-of-certainty/,Advanced,Advanced,grammar
803,Fix Your English Pronunciation Errors: Food & Restaurants,pronunciation,https://www.engvid.com/fix-your-english-pronunciation-errors-food-restaurants/,"Beginner, Intermediate",Intermediate,pronunciation
804,"Learn 17 homophone pairs in English: be/bee, know/no, hear/here…",grammar vocabulary,https://www.engvid.com/learn-17-homophone-pairs-in-english/,Intermediate,Intermediate,"grammar, vocabulary"
805,Sound like a native English speaker by using ACRONYMS!,expressions vocabulary,https://www.engvid.com/sound-like-a-native-english-speaker-acronyms/,Intermediate,Intermediate,"expressions, vocabulary"
806,IELTS WRITING TASK 2: How to structure an argument,IELTS writing,https://www.engvid.com/ielts-writing-task-2-how-to-structure-an-argument/,Advanced,Advanced,"ielts, writing"
807,54 Common Present Progressive Questions in English,grammar speaking,https://www.engvid.com/54-common-present-progressive-questions-in-english/,Beginner,Beginner,"grammar, speaking"
808,How to say words that begin with ‘H’: Pronunciation Practice,pronunciation vocabulary,https://www.engvid.com/words-that-begin-with-h-pronunciation-practice/,Beginner,Beginner,"pronunciation, vocabulary"
809,"CONTRACTIONS for HAVE, BE, WOULD, WILL: ’d, ’s, ’ve, ’re, ’m, ’ll",grammar,https://www.engvid.com/contractions-for-have-be-would-will/,"Intermediate, Advanced",Advanced,grammar
810,How to pronounce the ‘R’ sound in English: Tips & Practice,pronunciation,https://www.engvid.com/how-to-pronounce-r-in-english/,"Beginner, Intermediate, Advanced",Advanced,pronunciation
811,So many ways to SAY YES in English!,comprehension culture & tips expressions,https://www.engvid.com/so-many-ways-to-say-yes-in-english/,Advanced,Advanced,"comprehension, culture & tips, expressions"
812,Stative Verbs in English,English resource grammar,https://www.engvid.com/english-resource/stative-verbs-in-english/,,Unspecified,"english resource, grammar"
813,STATIVE VERBS in English,grammar,https://www.engvid.com/stative-verbs-in-english/,"Intermediate, Advanced",Advanced,grammar
814,"How & when to use LESS, FEWER, LESSER, and LEAST in English",grammar,https://www.engvid.com/less-fewer-lesser-least/,Intermediate,Intermediate,grammar
815,16 English PHRASAL VERBS & IDIOMS about Driving,expressions,https://www.engvid.com/16-english-phrasal-verbs-idioms-about-driving/,Intermediate,Intermediate,expressions
816,When & when NOT to use “MAKE” in English,grammar,https://www.engvid.com/when-when-not-to-use-make-in-english/,Intermediate,Intermediate,grammar
817,30 “TAKE” Phrases in English,speaking vocabulary,https://www.engvid.com/30-take-phrases-in-english/,Intermediate,Intermediate,"speaking, vocabulary"
818,English Grammar & Spelling: VERBS with 2 PAST TENSES,grammar vocabulary,https://www.engvid.com/verbs-with-2-past-tenses/,Advanced,Advanced,"grammar, vocabulary"
819,DURING or WHILE?,grammar,https://www.engvid.com/during-or-while/,Intermediate,Intermediate,grammar
820,"8 AWAY Expressions in English: go away, run away, right away…",expressions,https://www.engvid.com/8-away-expressions-in-english/,Intermediate,Intermediate,expressions
821,"Learn English: When to use EACH, EVERY, WHOLE, ENTIRE, ALL",grammar,https://www.engvid.com/learn-english-each-every-whole-entire-all/,Intermediate,Intermediate,grammar
822,17 English PHRASAL VERBS for School,expressions vocabulary,https://www.engvid.com/17-english-phrasal-verbs-for-school/,Intermediate,Intermediate,"expressions, vocabulary"
823,"English Pronunciation: 1 Small Change, 100s of Corrections!",pronunciation,https://www.engvid.com/english-pronunciation-on/,"Beginner, Intermediate, Advanced",Advanced,pronunciation
824,Pronunciation: How to pronounce the ‘ON’ sound in English,English resource pronunciation,https://www.engvid.com/english-resource/how-to-pronounce-the-on-sound-in-english/,Beginner,Beginner,"english resource, pronunciation"
825,"INTERNET DATING SLANG: hook up, Netflix & chill…",culture & tips slang vocabulary,https://www.engvid.com/internet-dating-slang/,"Intermediate, Advanced",Advanced,"culture & tips, slang, vocabulary"
826,10 Phrasal Verbs for everyday life,expressions vocabulary,https://www.engvid.com/10-phrasal-verbs-for-everyday-life/,Intermediate,Intermediate,"expressions, vocabulary"
827,14 ENGLISH IDIOMS & SAYINGS from food & drink,expressions,https://www.engvid.com/14-english-idioms-sayings-food-drink/,Intermediate,Intermediate,expressions
828,"English Vocabulary: Using names as nouns, verbs, adjectives: Dick, John, Will…",slang vocabulary,https://www.engvid.com/english-vocabulary-using-names-as-nouns-verbs-adjectives/,"Beginner, Intermediate",Intermediate,"slang, vocabulary"
829,Situational Job Interview Questions,English resource business english,https://www.engvid.com/english-resource/situational-job-interview-questions/,Advanced,Advanced,"business english, english resource"
830,How to succeed in your JOB INTERVIEW: Situational Questions,business english culture & tips,https://www.engvid.com/job-interview-situational-questions/,Advanced,Advanced,"business english, culture & tips"
831,25 ways to SAY NO strongly!,culture & tips expressions,https://www.engvid.com/25-ways-to-say-no-strongly/,"Intermediate, Advanced",Advanced,"culture & tips, expressions"
832,How to say your email correctly in English + more,business english culture & tips,https://www.engvid.com/how-to-say-your-email-correctly-in-english/,"Beginner, Intermediate, Advanced",Advanced,"business english, culture & tips"
833,10 English Idioms from Health & Medicine,expressions,https://www.engvid.com/10-english-idioms-health-medicine/,Intermediate,Intermediate,expressions
834,English Conversation Skills: 12 methods to persuade and convince people,business english culture & tips speaking,https://www.engvid.com/english-conversation-skills-12-methods-to-persuade-and-convince-people/,Intermediate,Intermediate,"business english, culture & tips, speaking"
835,English Heteronyms: Different words that look the same!,vocabulary,https://www.engvid.com/english-heteronyms-different-words-that-look-the-same/,Beginner,Beginner,vocabulary
836,Improve your Academic Writing: PASSIVE PREPOSITIONAL VERBS (also great for IELTS & TOEFL!),IELTS TOEFL writing,https://www.engvid.com/improve-your-academic-writing-passive-prepositional-verbs/,Advanced,Advanced,"ielts, writing"
837,Learn about METAPHORS in English with a poem by Emily Dickinson,culture & tips vocabulary,https://www.engvid.com/metaphors-in-english-emily-dickinson-poem/,Advanced,Advanced,"culture & tips, vocabulary"
838,LEARN REAL ENGLISH: Get DRUNK with James,culture & tips expressions slang vocabulary,https://www.engvid.com/learn-real-english-get-drunk-with-james/,Intermediate,Intermediate,"culture & tips, expressions, slang, vocabulary"
839,Stop saying I’M SORRY: More ways to apologize in English,culture & tips expressions,https://www.engvid.com/stop-saying-im-sorry/,"Beginner, Intermediate",Intermediate,"culture & tips, expressions"
840,How to use the modal SHOULD in English,grammar,https://www.engvid.com/modal-should-in-english/,Intermediate,Intermediate,grammar
841,Vocabulary: 7 English words that can be suffixes,grammar IELTS TOEFL vocabulary,https://www.engvid.com/vocabulary-7-english-words-suffixes/,Intermediate,Intermediate,"grammar, ielts, vocabulary"
842,"How to pronounce LONDON places correctly: Vauxhall, Marlylebone, Leicester, Chiswick…",culture & tips pronunciation,https://www.engvid.com/how-to-pronounce-london-places/,Advanced,Advanced,"culture & tips, pronunciation"
843,Learn 20+ words to talk about personality & character in English,culture & tips vocabulary,https://www.engvid.com/personality-character-birth-order/,Intermediate,Intermediate,"culture & tips, vocabulary"
844,"Learn about the sport of CRICKET: rules, vocabulary, culture, and more!",culture & tips expressions vocabulary,https://www.engvid.com/learn-about-sport-cricket/,Advanced,Advanced,"culture & tips, expressions, vocabulary"
845,20 ways to say ‘goodbye’ in English,expressions vocabulary,https://www.engvid.com/20-ways-to-say-goodbye-in-english/,Intermediate,Intermediate,"expressions, vocabulary"
846,How to pronounce the “NG” sound in English,pronunciation,https://www.engvid.com/how-to-pronounce-ng-in-english/,Intermediate,Intermediate,pronunciation
847,How to LEARN & REMEMBER English Words: My Top Tips,comprehension culture & tips vocabulary,https://www.engvid.com/how-to-learn-remember-english-words/,"Intermediate, Advanced",Advanced,"comprehension, culture & tips, vocabulary"
848,The Most Common Words in English: 8 ways to use ‘THAT’,grammar vocabulary,https://www.engvid.com/the-most-common-words-in-english-that/,"Beginner, Intermediate",Intermediate,"grammar, vocabulary"
849,Vocabulary Hack: How 5 words become 30!,vocabulary,https://www.engvid.com/vocabulary-hack-how-5-words-become-30/,"Intermediate, Advanced",Advanced,vocabulary
850,"Improve your Vocabulary: Learn hundreds of words with the suffixes -ful, -fully, -fulness, -less, -lessly, -lessness",English resource vocabulary,https://www.engvid.com/english-resource/vocabulary-suffixes-ful-fully-fulness-less-lessly-lessness/,Intermediate,Intermediate,"english resource, vocabulary"
851,TRAVEL ENGLISH: Vocabulary & expressions for your flight ✈️,vocabulary,https://www.engvid.com/travel-english-vocabulary-expressions-for-your-flight/,Beginner,Beginner,vocabulary
852,ENGLISH Tips for POLISH Speakers,culture & tips,https://www.engvid.com/english-tips-for-polish-speakers/,"Beginner, Intermediate, Advanced",Advanced,culture & tips
853,English Vocabulary & Slang: SCORE!!!,slang vocabulary,https://www.engvid.com/english-vocabulary-slang-score/,Intermediate,Intermediate,"slang, vocabulary"
854,Improve Your Vocabulary: Adverbs of Intensity,vocabulary,https://www.engvid.com/improve-your-vocabulary-adverbs-of-intensity/,Intermediate,Intermediate,vocabulary
855,Pronunciation of the “OR” sound in English,pronunciation,https://www.engvid.com/pronunciation-or-sound-english/,Beginner,Beginner,pronunciation
856,15 English Expressions & Idioms using ‘ALL’,expressions,https://www.engvid.com/15-english-expressions-idioms-all/,Intermediate,Intermediate,expressions
857,SMALL TALK: What to say and what NOT to say!,culture & tips speaking,https://www.engvid.com/small-talk/,Intermediate,Intermediate,"culture & tips, speaking"
858,Are you using submissive language?,culture & tips speaking,https://www.engvid.com/submissive-language/,"Intermediate, Advanced",Advanced,"culture & tips, speaking"
859,Tricky Pronouns: ‘I’ or ‘ME’?,grammar,https://www.engvid.com/tricky-pronouns-i-or-me/,"Beginner, Intermediate",Intermediate,grammar
860,Learn REAL ENGLISH: Going to the hospital ?,vocabulary,https://www.engvid.com/learn-real-english-going-to-the-hospital/,Advanced,Advanced,vocabulary
861,English Vocabulary: BABIES & CHILDREN,vocabulary,https://www.engvid.com/english-vocabulary-babies-children/,Beginner,Beginner,vocabulary
862,16 HOMOPHONES & Past Simple Verbs,grammar vocabulary,https://www.engvid.com/16-homophones-past-simple-verbs/,Beginner,Beginner,"grammar, vocabulary"
863,20 ways to give advice in English,speaking vocabulary,https://www.engvid.com/20-ways-to-give-advice-in-english/,Advanced,Advanced,"speaking, vocabulary"
864,REAL ENGLISH: How to talk about art,culture & tips expressions vocabulary,https://www.engvid.com/real-english-how-to-talk-about-art/,Advanced,Advanced,"culture & tips, expressions, vocabulary"
865,S’ or ‘S: Where do I put the apostrophe?,grammar,https://www.engvid.com/apostrophe-how-to-show-possession/,Intermediate,Intermediate,grammar
866,"How to use SO & NEITHER in English: “So do I”, “Neither am I”…",grammar,https://www.engvid.com/english-grammar-so-neither/,Intermediate,Intermediate,grammar
867,"Quick & Easy Writing Tip for IELTS, TOEFL, TOEIC, PTE",IELTS TOEFL TOEIC,https://www.engvid.com/quick-easy-writing-tip-for-ielts-toefl-toeic-pte/,"Intermediate, Advanced",Advanced,ielts
868,10 English Idioms with Food,expressions,https://www.engvid.com/10-english-idioms-with-food/,"Intermediate, Advanced",Advanced,expressions
869,IELTS Speaking: How to talk about a book or film,expressions IELTS speaking vocabulary,https://www.engvid.com/ielts-speaking-how-to-talk-about-a-book-or-film/,Intermediate,Intermediate,"expressions, ielts, speaking, vocabulary"
870,17 HOMOPHONES & Past Participles,grammar vocabulary,https://www.engvid.com/17-homophones-past-participles/,"Beginner, Intermediate",Intermediate,"grammar, vocabulary"
871,Advanced English Vocabulary: Compound Adjectives,vocabulary,https://www.engvid.com/advanced-english-vocabulary-compound-adjectives/,Advanced,Advanced,vocabulary
872,"Negative Prefixes in English: UN-, DIS-, NON-, A-, AB-, AN-, ANTI-",grammar,https://www.engvid.com/more-negative-prefixes-in-english/,"Intermediate, Advanced",Advanced,grammar
873,Friendly & Social Phrasal Verbs in English,expressions,https://www.engvid.com/friendly-social-phrasal-verbs-in-english/,Intermediate,Intermediate,expressions
874,English Pronunciation Practice: CONSONANT CLUSTERS,pronunciation,https://www.engvid.com/english-pronunciation-practice-consonant-clusters/,"Intermediate, Advanced",Advanced,pronunciation
875,34 things you don’t know about English culture!,culture & tips,https://www.engvid.com/34-things-you-dont-know-about-english-culture/,"Beginner, Intermediate, Advanced",Advanced,culture & tips
876,Do you make these mistakes in English?,IELTS speaking TOEFL,https://www.engvid.com/do-you-make-these-mistakes-in-english/,"Intermediate, Advanced",Advanced,"ielts, speaking"
877,Understand more in English: Expressions from pop culture,comprehension culture & tips expressions,https://www.engvid.com/expressions-from-pop-culture/,Intermediate,Intermediate,"comprehension, culture & tips, expressions"
878,Vocabulary: Learn 31 words to use instead of ‘BAD’,vocabulary,https://www.engvid.com/vocabulary-31-words-to-use-instead-of-bad/,Beginner,Beginner,vocabulary
879,How to communicate effectively & GET RESULTS!,business english culture & tips speaking,https://www.engvid.com/communicate-effectively-get-results/,Advanced,Advanced,"business english, culture & tips, speaking"
880,Learn 50 “MAKE” Phrases in English!,speaking vocabulary,https://www.engvid.com/50-make-phrases-in-english/,Intermediate,Intermediate,"speaking, vocabulary"
881,Learn the many uses of ‘DOWN’ in English,expressions vocabulary,https://www.engvid.com/use-down-in-english/,Intermediate,Intermediate,"expressions, vocabulary"
882,English Grammar Exceptions: Superlative & Comparative,grammar vocabulary,https://www.engvid.com/comparative-superlative-adjectives-exceptions/,Intermediate,Intermediate,"grammar, vocabulary"
883,"How to use sequencers in English: FIRST, THEN, NEXT, AFTER THAT, FINALLY",vocabulary writing,https://www.engvid.com/english-writing-sequencing-first-next-finally/,Beginner,Beginner,"vocabulary, writing"
884,Learn English Slang: GUY TALK,slang,https://www.engvid.com/learn-english-slang-guy-talk/,Beginner,Beginner,slang
885,Speak like a Manager: How to leave a voicemail,business english culture & tips,https://www.engvid.com/speak-like-a-manager-voicemail/,"Intermediate, Advanced",Advanced,"business english, culture & tips"
886,10 Phrasal Verbs for Academic Writing in English,expressions IELTS vocabulary writing,https://www.engvid.com/10-phrasal-verbs-for-academic-writing-in-english/,Intermediate,Intermediate,"expressions, ielts, vocabulary, writing"
887,Learn English Vocabulary: 28 WORDS FOR CONVINCING PEOPLE,business english vocabulary,https://www.engvid.com/learn-english-vocabulary-28-words-for-convincing-people/,Intermediate,Intermediate,"business english, vocabulary"
888,Speak English like a North American: 4 Pronunciation Rules for the Letter T,pronunciation,https://www.engvid.com/speak-english-pronunciation-t/,Intermediate,Intermediate,pronunciation
889,5 English grammar myths you need to stop believing RIGHT NOW,grammar,https://www.engvid.com/5-english-grammar-myths/,Advanced,Advanced,grammar
890,English Pronunciation: How to say words beginning in W + vowel,pronunciation,https://www.engvid.com/english-pronunciation-words-beginning-in-w-vowel/,Beginner,Beginner,pronunciation
891,12 Expressions of TIME in English,expressions,https://www.engvid.com/12-expressions-of-time-in-english/,Intermediate,Intermediate,expressions
892,Practice the PRESENT PERFECT TENSE in English!,grammar speaking,https://www.engvid.com/practice-the-present-perfect-tense-in-english/,Intermediate,Intermediate,"grammar, speaking"
893,Sound like a Native Speaker: WHEN & WHAT QUESTIONS,pronunciation speaking,https://www.engvid.com/sound-like-a-native-speaker-when-what-questions/,Advanced,Advanced,"pronunciation, speaking"
894,Can I? Could I? May I?,grammar speaking,https://www.engvid.com/can-i-could-i-may-i/,"Beginner, Intermediate",Intermediate,"grammar, speaking"
895,Learn English Grammar: When to use an ‘-ING’ word after ‘TO’,grammar,https://www.engvid.com/english-grammar-ing-after-to/,Intermediate,Intermediate,grammar
896,Become a better writer: How to use personification,writing,https://www.engvid.com/become-a-better-writer-personification/,Advanced,Advanced,writing
897,What’s the difference between GET & TAKE?,grammar,https://www.engvid.com/get-or-take/,Beginner,Beginner,grammar
898,How to write professional emails in English,business english writing,https://www.engvid.com/how-to-write-professional-emails-in-english/,"Intermediate, Advanced",Advanced,"business english, writing"
899,English Pronunciation: -ING & -INK word endings,pronunciation,https://www.engvid.com/english-pronunciation-ing-ink-word-endings/,Beginner,Beginner,pronunciation
900,How to learn MORE English with Emma,culture & tips,https://www.engvid.com/how-to-learn-more-english-with-emma/,"Beginner, Intermediate, Advanced",Advanced,culture & tips
901,Learn 13 HEART EXPRESSIONS in English ❤️,expressions,https://www.engvid.com/13-heart-expressions-in-english/,Intermediate,Intermediate,expressions
902,Prepositions: 16 ways to use ‘by’ in English,grammar,https://www.engvid.com/prepositions-16-ways-to-use-by-in-english/,"Intermediate, Advanced",Advanced,grammar
903,"AT, ON, or IN? The Triangle Method for Prepositions of Place",grammar speaking writing,https://www.engvid.com/at-on-in-triangle-method-prepositions-place/,"Beginner, Intermediate, Advanced",Advanced,"grammar, speaking, writing"
904,"Improve Your English Vocabulary: Diet, Health, and Nutrition",vocabulary,https://www.engvid.com/english-vocabulary-diet-health-nutrition/,Intermediate,Intermediate,vocabulary
905,Improve Your Vocabulary: 25 English adjectives to describe people,vocabulary,https://www.engvid.com/25-english-adjectives-to-describe-people/,Beginner,Beginner,vocabulary
906,Learn 8 Expressions in English with ‘Tongue’,expressions,https://www.engvid.com/8-tongue-expressions/,Intermediate,Intermediate,expressions
907,Advanced English Lesson: Using ADJECTIVES as NOUNS,grammar vocabulary,https://www.engvid.com/adjectives-as-nouns/,Advanced,Advanced,"grammar, vocabulary"
908,Basic English Grammar: All forms of the verb TO BE,grammar,https://www.engvid.com/basic-english-grammar-verb-to-be/,Beginner,Beginner,grammar
909,Vocabulary: The 27 most common HOMOPHONES in English,vocabulary,https://www.engvid.com/english-vocabulary-27-common-homophones/,Intermediate,Intermediate,vocabulary
910,How to talk about your job in English: 10 Key Verbs,business english vocabulary,https://www.engvid.com/how-to-talk-about-your-job-in-english-10-key-verbs/,Intermediate,Intermediate,"business english, vocabulary"
911,Learn English Vocabulary: CATS! ? ?,vocabulary,https://www.engvid.com/learn-english-vocabulary-cats/,Intermediate,Intermediate,vocabulary
912,The New IELTS Computer Test: Everything you need to know,IELTS,https://www.engvid.com/the-new-ielts-computer-test/,"Intermediate, Advanced",Advanced,ielts
913,6 UNCOMMON uses of COMMON English words,expressions slang,https://www.engvid.com/6-uncommon-uses-of-common-english-words/,"Intermediate, Advanced",Advanced,"expressions, slang"
914,POLITE ENGLISH: 9 phrases for getting out of trouble,expressions speaking,https://www.engvid.com/polite-english-9-phrases-for-getting-out-of-trouble/,Intermediate,Intermediate,"expressions, speaking"
915,"Sound more natural in English: CHA, CHA, CHA!",pronunciation slang,https://www.engvid.com/sound-more-natural-in-english-cha/,Intermediate,Intermediate,"pronunciation, slang"
916,10 words you’re not using correctly,vocabulary,https://www.engvid.com/10-words-youre-not-using-correctly/,Advanced,Advanced,vocabulary
917,5 ways to use ‘SHOULD’ in English,grammar,https://www.engvid.com/auxiliary-verb-should/,Intermediate,Intermediate,grammar
918,"TIME Vocabulary & Phrases in English: recently, outdated, of late, nowadays…",vocabulary,https://www.engvid.com/time-vocabulary-phrases-in-english/,Intermediate,Intermediate,vocabulary
919,Improve Your English Pronunciation: How the Human Voice Works,pronunciation,https://www.engvid.com/english-pronunciation-how-the-human-voice-works/,Beginner,Beginner,pronunciation
920,"Speak English FAST, like a native speaker: 3 methods",pronunciation speaking,https://www.engvid.com/speak-english-fast-3-methods/,Advanced,Advanced,"pronunciation, speaking"
921,Common ENGLISH VOCABULARY & EXPRESSIONS from French cooking,expressions vocabulary,https://www.engvid.com/common-english-vocabulary-expressions-french-cooking/,Intermediate,Intermediate,"expressions, vocabulary"
922,6 Tips to INCREASE MOTIVATION & ACHIEVE GOALS,culture & tips,https://www.engvid.com/6-tips-to-increase-motivation-achieve-goals/,Intermediate,Intermediate,culture & tips
923,Improve your Vocabulary: Adjectives & idioms for how people look,expressions speaking vocabulary,https://www.engvid.com/improve-your-vocabulary-adjectives-idioms-peoples-looks/,Intermediate,Intermediate,"expressions, speaking, vocabulary"
924,Fun & Easy English with Poems: THE LIMERICK,culture & tips,https://www.engvid.com/english-poems-limerick/,Intermediate,Intermediate,culture & tips
925,"Common Direction Phrases in English: UPSIDE DOWN, INSIDE OUT…",expressions vocabulary,https://www.engvid.com/common-direction-phrases-in-english/,Intermediate,Intermediate,"expressions, vocabulary"
926,Conversation Skills: A quick & easy way to make people understand you,comprehension speaking,https://www.engvid.com/conversation-skills-make-people-understand-you/,"Beginner, Intermediate, Advanced",Advanced,"comprehension, speaking"
927,How to wish someone in person and online,culture & tips expressions,https://www.engvid.com/wishes-in-person-online/,Beginner,Beginner,"culture & tips, expressions"
928,Speaking English: How we use math vocabulary in everyday English,expressions,https://www.engvid.com/speaking-english-everyday-math-vocabulary/,Intermediate,Intermediate,expressions
929,Flirt and be romantic like SHAKESPEARE ???,culture & tips expressions,https://www.engvid.com/flirt-and-be-romantic-like-shakespeare/,Advanced,Advanced,"culture & tips, expressions"
930,"10 Phrasal Verbs with CHECK: check in, check out, check for…",expressions vocabulary,https://www.engvid.com/10-check-phrasal-verbs/,Intermediate,Intermediate,"expressions, vocabulary"
931,Learn nature vocabulary in English with The Lord of the Rings,culture & tips vocabulary,https://www.engvid.com/learn-nature-vocabulary-in-english-lotr/,Advanced,Advanced,"culture & tips, vocabulary"
932,Learn the VOCABULARY of MUSIC,culture & tips vocabulary,https://www.engvid.com/music-vocabulary/,Advanced,Advanced,"culture & tips, vocabulary"
933,How to use APOSTROPHES for missing letters & contractions,grammar writing,https://www.engvid.com/apostrophes-missing-letters-contractions/,Beginner,Beginner,"grammar, writing"
934,Get a new job: Vocabulary & grammar for your RESUME & COVER LETTER,business english culture & tips,https://www.engvid.com/vocabulary-grammar-resume-cover-letter/,"Intermediate, Advanced",Advanced,"business english, culture & tips"
935,"United Kingdom, Great Britain, England, Scotland, Ireland, Wales…CONFUSED???",culture & tips,https://www.engvid.com/uk-gb-british-isles-terminology/,Intermediate,Intermediate,culture & tips
936,English Grammar: How to use 5 confusing indefinite pronouns,grammar,https://www.engvid.com/english-grammar-5-confusing-indefinite-pronouns/,"Intermediate, Advanced",Advanced,grammar
937,IELTS Speaking: Improve your fluency with the LASAGNA METHOD,IELTS speaking,https://www.engvid.com/ielts-speaking-lasagna-method/,Advanced,Advanced,"ielts, speaking"
938,REAL ENGLISH VOCABULARY: 10 words to talk about MONEY & PRICES,vocabulary,https://www.engvid.com/real-english-vocabulary-money-prices/,Beginner,Beginner,vocabulary
939,Long & Short Vowels: Pronunciation Trick!,pronunciation,https://www.engvid.com/long-short-vowels-pronunciation-trick/,"Beginner, Intermediate",Intermediate,pronunciation
940,Academic Vocabulary for Essays & IELTS Writing: 15 cause and effect POWER VERBS,IELTS TOEFL writing,https://www.engvid.com/academic-vocabulary-cause-effect-verbs/,Advanced,Advanced,"ielts, writing"
941,"Learn Negative Prefixes in English: IN-, IM-, IL-, IR-, IG-",grammar,https://www.engvid.com/negative-prefixes-in-english-i/,"Intermediate, Advanced",Advanced,grammar
942,ONLY & JUST: What’s the difference?,grammar,https://www.engvid.com/only-just-whats-the-difference/,Beginner,Beginner,grammar
943,English Grammar – Comparative Adjectives,grammar,https://www.engvid.com/english-grammar-comparative-adjectives/,Beginner,Beginner,grammar
944,REAL ENGLISH: Spiritual Vocabulary,culture & tips vocabulary,https://www.engvid.com/real-english-spiritual-vocabulary/,"Intermediate, Advanced",Advanced,"culture & tips, vocabulary"
945,Speak like a Manager: Verbs 2 – Opposites,business english vocabulary,https://www.engvid.com/speak-like-a-manager-verbs-2-opposites/,"Intermediate, Advanced",Advanced,"business english, vocabulary"
946,Learn English Vocabulary: Your Body & Organs,vocabulary,https://www.engvid.com/learn-english-vocabulary-body-organs/,Beginner,Beginner,vocabulary
947,How to say the names of places in the UK,culture & tips pronunciation,https://www.engvid.com/how-to-say-the-names-of-places-in-the-uk/,"Intermediate, Advanced",Advanced,"culture & tips, pronunciation"
948,Which gym animal are you?,culture & tips vocabulary,https://www.engvid.com/which-gym-animal-are-you/,"Beginner, Intermediate",Intermediate,"culture & tips, vocabulary"
949,Sound more natural in English: 10 informal commands,expressions,https://www.engvid.com/10-informal-commands/,Intermediate,Intermediate,expressions
950,Learn about the COCKNEY ENGLISH accent & dialect,culture & tips pronunciation slang,https://www.engvid.com/cockney-english-accent-dialect/,Advanced,Advanced,"culture & tips, pronunciation, slang"
951,"11 PHRASAL VERBS with FILL: fill in, fill out, fill up…",expressions vocabulary,https://www.engvid.com/11-fill-phrasal-verbs/,Beginner,Beginner,"expressions, vocabulary"
952,Cannabis! Marijuana! Weed! English Vocabulary & Slang,expressions slang,https://www.engvid.com/cannabis-marijuana-weed-english-vocabulary-slang/,"Intermediate, Advanced",Advanced,"expressions, slang"
953,STOP SOUNDING WEAK!,culture & tips,https://www.engvid.com/stop-sounding-weak/,"Intermediate, Advanced",Advanced,culture & tips
954,Speak like a Manager: 8 Easy Workplace Expressions,business english expressions,https://www.engvid.com/business-english-workplace-expressions/,"Intermediate, Advanced",Advanced,"business english, expressions"
955,Learn English: How to use I’D BETTER & I’D BETTER NOT,expressions grammar,https://www.engvid.com/learn-english-better-better-not/,Intermediate,Intermediate,"expressions, grammar"
956,Giving Excuses: How to say NO in English,culture & tips expressions speaking,https://www.engvid.com/how-to-say-no-in-english/,Beginner,Beginner,"culture & tips, expressions, speaking"
957,PRONUNCIATION of English Words with an -ON Ending,pronunciation vocabulary,https://www.engvid.com/pronunciation-on-ending/,Beginner,Beginner,"pronunciation, vocabulary"
958,Learn 20 intransitive PHRASAL VERBS in English,expressions grammar vocabulary,https://www.engvid.com/20-intransitive-phrasal-verbs/,Intermediate,Intermediate,"expressions, grammar, vocabulary"
959,Learn English Grammar: How to use the auxiliary verb ‘WOULD’,grammar,https://www.engvid.com/auxiliary-verb-would/,Intermediate,Intermediate,grammar
960,How to READ FASTER: 2 tricks,culture & tips,https://www.engvid.com/how-to-read-faster-2-tricks/,"Intermediate, Advanced",Advanced,culture & tips
961,English for Beginners: Countable & Uncountable Nouns,writing,https://www.engvid.com/countable-uncountable-nouns-english-grammar/,Beginner,Beginner,writing
962,Improve your accent: Introduction to the IPA and vowel sound training,pronunciation,https://www.engvid.com/improve-your-accent-ipa-vowels/,Advanced,Advanced,pronunciation
963,How to say the time in English,speaking vocabulary,https://www.engvid.com/speaking-english-how-to-express-time/,Beginner,Beginner,"speaking, vocabulary"
964,"PREPOSITIONS in English: under, below, beneath, underneath",grammar vocabulary,https://www.engvid.com/prepositions-in-english-under-below-beneath-underneath/,Beginner,Beginner,"grammar, vocabulary"
965,Learn 18 English PHRASAL VERBS for compliments & criticism,expressions,https://www.engvid.com/english-phrasal-verbs-compliments-criticism/,Intermediate,Intermediate,expressions
966,5 books to improve your English,comprehension culture & tips,https://www.engvid.com/5-books-to-improve-your-english/,Intermediate,Intermediate,"comprehension, culture & tips"
967,"English Pronunciation: How to say words ending with -OW: grow, cow, slow, now…",pronunciation,https://www.engvid.com/english-pronunciation-ow/,Beginner,Beginner,pronunciation
968,"Learn English Vocabulary: kind of, sort of, type of, style of…",grammar vocabulary,https://www.engvid.com/learn-english-vocabulary-kind-of-sort-of/,Beginner,Beginner,"grammar, vocabulary"
969,"12 English Expressions with ALL: “for all I know”, “all along”, “all talk”…",expressions,https://www.engvid.com/english-idioms-all/,Beginner,Beginner,expressions
970,10 things people in England say when they argue,culture & tips expressions slang,https://www.engvid.com/10-things-people-in-england-say-when-they-argue/,Advanced,Advanced,"culture & tips, expressions, slang"
971,10 Common English Expressions,expressions,https://www.engvid.com/10-common-english-expressions/,Beginner,Beginner,expressions
972,Real English Vocabulary: Taking care of your car,vocabulary,https://www.engvid.com/real-english-vocabulary-taking-care-of-your-car/,"Intermediate, Advanced",Advanced,vocabulary
973,Learn how to tell an interesting story… or make a boring story interesting!,business english culture & tips IELTS speaking,https://www.engvid.com/tell-an-interesting-story/,Advanced,Advanced,"business english, culture & tips, ielts, speaking"
974,English Grammar: MUST & HAVE TO,grammar,https://www.engvid.com/english-grammar-must-have-to/,Beginner,Beginner,grammar
975,♥ ♥ ♥ 16 Common English LOVE Expressions ♥ ♥ ♥,expressions slang,https://www.engvid.com/16-common-english-expressions-love-relationships/,Beginner,Beginner,"expressions, slang"
976,Learn English Grammar: Infinitives of Purpose,grammar,https://www.engvid.com/learn-english-grammar-infinitives-of-purpose/,Intermediate,Intermediate,grammar
977,Learn Basic English Vocabulary: FAMILY,vocabulary,https://www.engvid.com/learn-basic-english-vocabulary-family/,Beginner,Beginner,vocabulary
978,English Expressions: Talking about good and bad habits,expressions,https://www.engvid.com/english-expressions-good-bad-habits/,Intermediate,Intermediate,expressions
979,"Practice your VOCABULARY, LISTENING, and COMPREHENSION with this game",comprehension vocabulary,https://www.engvid.com/vocabulary-listening-comprehension-faces-game/,Beginner,Beginner,"comprehension, vocabulary"
980,Shopping in England: Everything you need to know,culture & tips,https://www.engvid.com/shopping-in-england/,Beginner,Beginner,culture & tips
981,Fix two BIG errors in English writing!,writing,https://www.engvid.com/fix-two-big-errors-in-english-writing/,"Intermediate, Advanced",Advanced,writing
982,10 Common English Idioms & Expressions From Education,expressions,https://www.engvid.com/10-english-idioms-expressions-education/,Intermediate,Intermediate,expressions
983,Strange & unusual traditions of the United Kingdom,culture & tips,https://www.engvid.com/strange-unusual-traditions-uk/,Intermediate,Intermediate,culture & tips
984,Culture & Vocabulary: Major religions of the world,culture & tips vocabulary,https://www.engvid.com/culture-vocabulary-major-religions/,Intermediate,Intermediate,"culture & tips, vocabulary"
985,Real English: Talking about what people wear,speaking vocabulary,https://www.engvid.com/real-english-talking-about-what-people-wear/,Intermediate,Intermediate,"speaking, vocabulary"
986,"Learn & Remember the English ALPHABET: A, B, C, D, E, F…",culture & tips vocabulary,https://www.engvid.com/learn-remember-the-english-alphabet/,Beginner,Beginner,"culture & tips, vocabulary"
987,Learn common English expressions…that come from shoes?!,expressions,https://www.engvid.com/learn-english-expressions-shoes/,Intermediate,Intermediate,expressions
988,Find a NEW JOB in North America: Cover Letter & Resume Advice,business english culture & tips,https://www.engvid.com/north-america-jobs-cover-letter-resume-advice/,"Intermediate, Advanced",Advanced,"business english, culture & tips"
989,Resume Sample & Tips,English resource business english writing,https://www.engvid.com/english-resource/resume-sample-tips/,,Unspecified,"business english, english resource, writing"
990,Toxic Language & Violent Communication,culture & tips,https://www.engvid.com/toxic-language-violent-communication/,Advanced,Advanced,culture & tips
991,Parallelism: The secret to great writing,writing,https://www.engvid.com/parallelism-great-writing/,Advanced,Advanced,writing
992,English Grammar: Compound Subjects & Verb Agreement,grammar writing,https://www.engvid.com/english-grammar-compound-subjects-verb-agreement/,Advanced,Advanced,"grammar, writing"
993,REAL ENGLISH: Vocabulary and expressions to get a haircut,expressions vocabulary,https://www.engvid.com/real-english-haircut-vocabulary-expressions/,Beginner,Beginner,"expressions, vocabulary"
994,English Vocabulary – WISH & HOPE,grammar vocabulary,https://www.engvid.com/english-vocabulary-wish-hope/,Intermediate,Intermediate,"grammar, vocabulary"
995,Improve your Vocabulary: 10 common word combinations in English,vocabulary,https://www.engvid.com/10-common-word-combinations/,Intermediate,Intermediate,vocabulary
996,Learn to write poetry: THE HAIKU,culture & tips writing,https://www.engvid.com/learn-to-write-poetry-haiku/,"Intermediate, Advanced",Advanced,"culture & tips, writing"
997,The 2 essential skills you need for great conversations,culture & tips speaking,https://www.engvid.com/2-essential-skills-for-great-conversations/,"Intermediate, Advanced",Advanced,"culture & tips, speaking"
998,Learn English Vocabulary: FAKE NEWS,culture & tips expressions vocabulary,https://www.engvid.com/learn-english-vocabulary-fake-news/,"Beginner, Intermediate, Advanced",Advanced,"culture & tips, expressions, vocabulary"
999,Pronunciation: Learn how to say the top 10 British cities correctly,culture & tips pronunciation,https://www.engvid.com/pronunciation-top-10-british-cities/,Intermediate,Intermediate,"culture & tips, pronunciation"
1000,When to use CAPITAL LETTERS in English,writing,https://www.engvid.com/capital-letters-in-english/,"Intermediate, Advanced",Advanced,writing
1001,"8 Phrasal Verbs with BREAK: break in, break up, break through…",expressions vocabulary,https://www.engvid.com/8-break-phrasal-verbs/,Intermediate,Intermediate,"expressions, vocabulary"
1002,"IMPROVE YOUR VOCABULARY: length, long, short, wide, broad, high, height…",vocabulary,https://www.engvid.com/improve-your-vocabulary-length-width-height/,Beginner,Beginner,vocabulary
1003,Learn English Grammar: Superlative Adjectives,grammar,https://www.engvid.com/english-grammar-superlative-adjectives/,Beginner,Beginner,grammar
1004,English Grammar & Vocabulary: Permanent Plurals,grammar vocabulary,https://www.engvid.com/english-grammar-vocabulary-permanent-plurals/,Intermediate,Intermediate,"grammar, vocabulary"
1005,English Grammar: How to use the auxiliary verb ‘COULD’,grammar,https://www.engvid.com/auxiliary-verb-could/,Intermediate,Intermediate,grammar
1006,Improve your Vocabulary: Stop saying VERY!,vocabulary,https://www.engvid.com/improve-your-vocabulary-stop-saying-very/,Beginner,Beginner,vocabulary
1007,Learn English Expressions: JUST IN CASE,expressions grammar vocabulary,https://www.engvid.com/learn-english-expressions-just-in-case/,Intermediate,Intermediate,"expressions, grammar, vocabulary"
1008,10 ways to use ‘FROM’ in English,vocabulary,https://www.engvid.com/10-ways-to-use-from-in-english/,"Beginner, Intermediate",Intermediate,vocabulary
1009,"Pronunciation: How native speakers say TO, FOR, FROM in English",pronunciation,https://www.engvid.com/pronunciation-to-for-from/,"Intermediate, Advanced",Advanced,pronunciation
1010,My 6 TOP tips for taking tests and exams,culture & tips TOEFL TOEIC,https://www.engvid.com/my-6-top-tips-for-tests-exams/,"Intermediate, Advanced",Advanced,culture & tips
1011,English Tips for Japanese Speakers,culture & tips,https://www.engvid.com/english-tips-for-japanese-speakers/,"Beginner, Intermediate, Advanced",Advanced,culture & tips
1012,Vocabulary & Tips to SAVE MONEY,culture & tips vocabulary,https://www.engvid.com/vocabulary-tips-save-money/,Intermediate,Intermediate,"culture & tips, vocabulary"
1013,30 English Phrasal Verb Commands,speaking vocabulary,https://www.engvid.com/30-english-phrasal-verb-commands/,Beginner,Beginner,"speaking, vocabulary"
1014,Learn English Pronunciation: TH & THR,pronunciation,https://www.engvid.com/learn-english-pronunciation-th-thr/,Beginner,Beginner,pronunciation
1015,Practice English PHRASAL VERBS with this game,culture & tips expressions grammar,https://www.engvid.com/practice-english-phrasal-verbs-with-this-game/,"Intermediate, Advanced",Advanced,"culture & tips, expressions, grammar"
1016,My TOP 5 Writing Tips (for all levels),business english writing,https://www.engvid.com/my-top-5-writing-tips-for-all-levels/,"Beginner, Intermediate, Advanced",Advanced,"business english, writing"
1017,"Improve your Vocabulary: Learn 16 new social, political, and internet words",culture & tips vocabulary,https://www.engvid.com/16-new-social-political-internet-words/,"Intermediate, Advanced",Advanced,"culture & tips, vocabulary"
1018,How to make your English learning plan and achieve your goals,culture & tips,https://www.engvid.com/how-to-make-your-english-learning-plan/,"Beginner, Intermediate, Advanced",Advanced,culture & tips
1019,"WRITING – Advanced English Transitions: thereby, thereof, hereby, therein, wherein, whereby…",vocabulary writing,https://www.engvid.com/writing-advanced-english-transitions/,"Intermediate, Advanced",Advanced,"vocabulary, writing"
1020,15 PHRASAL VERBS about sickness in English,expressions vocabulary,https://www.engvid.com/phrasal-verbs-sickness/,Beginner,Beginner,"expressions, vocabulary"
1021,SLANG words using ‘bug’ in English,slang,https://www.engvid.com/english-slang-bug/,Beginner,Beginner,slang
1022,English Modals: 4 ways to use “SHOULD”,grammar,https://www.engvid.com/english-modals-4-ways-to-use-should/,Intermediate,Intermediate,grammar
1023,Life in London: Visiting an art gallery,culture & tips,https://www.engvid.com/life-in-london-visiting-an-art-gallery/,Advanced,Advanced,culture & tips
1024,"English Vocabulary for difficult situations: confess, regret, condolences…",vocabulary,https://www.engvid.com/english-vocabulary-apologies-condolences/,"Intermediate, Advanced",Advanced,vocabulary
1025,"Why you should make mistakes, and how to learn from them",culture & tips,https://www.engvid.com/why-you-should-make-mistakes/,"Beginner, Intermediate, Advanced",Advanced,culture & tips
1026,35 English phrases for making friends & asking someone out on a date,culture & tips speaking,https://www.engvid.com/35-english-phrases-friends-dating/,"Intermediate, Advanced",Advanced,"culture & tips, speaking"
1027,Speak like a Manager: Verbs 1,business english vocabulary,https://www.engvid.com/speak-like-a-manager-verbs-1/,"Intermediate, Advanced",Advanced,"business english, vocabulary"
1028,Speak like a Manager: 100+ Business English Collocations,English resource business english vocabulary,https://www.engvid.com/english-resource/speak-like-a-manager-100-business-english-collocations/,Advanced,Advanced,"business english, english resource, vocabulary"
1029,Learn all about EASTER,culture & tips,https://www.engvid.com/learn-all-about-easter/,Intermediate,Intermediate,culture & tips
1030,Real English: Talking about BEER,culture & tips slang vocabulary,https://www.engvid.com/real-english-talking-about-beer/,Intermediate,Intermediate,"culture & tips, slang, vocabulary"
1031,Writing & Punctuation: How to use COLONS & SEMICOLONS,writing,https://www.engvid.com/writing-punctuation-how-to-use-colons-semicolons/,"Beginner, Intermediate, Advanced",Advanced,writing
1032,Fixed Modal Expressions: Easy English sentences to memorize and use!,vocabulary,https://www.engvid.com/fixed-modal-expressions/,Intermediate,Intermediate,vocabulary
1033,REMEMBER ANYTHING with the Memory Palace Method,comprehension culture & tips,https://www.engvid.com/remember-anything-with-the-memory-palace-method/,"Beginner, Intermediate, Advanced",Advanced,"comprehension, culture & tips"
1034,"Learn IRISH slang, vocabulary, and expressions",culture & tips pronunciation slang,https://www.engvid.com/learn-irish-slang-vocabulary-expressions/,Advanced,Advanced,"culture & tips, pronunciation, slang"
1035,How to pronounce “OF” like a native English speaker,pronunciation,https://www.engvid.com/how-to-pronounce-of-like-a-native-english-speaker/,"Beginner, Intermediate",Intermediate,pronunciation
1036,Basic English Grammar: How to Use WAS and WERE,grammar,https://www.engvid.com/basic-english-grammar-was-were/,Beginner,Beginner,grammar
1037,"23 Phrasal Verbs with COME: come across, come around, come up with…",expressions vocabulary,https://www.engvid.com/23-come-phrasal-verbs/,Intermediate,Intermediate,"expressions, vocabulary"
1038,"Improve your Vocabulary: 50 adjectives to describe what you see, hear, feel, smell, and taste",vocabulary,https://www.engvid.com/improve-your-vocabulary-50-sense-adjectives/,"Beginner, Intermediate, Advanced",Advanced,vocabulary
1039,"English Grammar: AUXILIARY VERBS – be, do, have",grammar,https://www.engvid.com/auxiliary-verbs-be-do-have/,Intermediate,Intermediate,grammar
1040,Learn 20 passive “GET” Expressions in English!,expressions,https://www.engvid.com/learn-20-passive-get-expressions-in-english/,"Beginner, Intermediate",Intermediate,expressions
1041,Learn English: The 2 ways to pronounce “THE”,pronunciation,https://www.engvid.com/2-ways-to-pronounce-the/,Beginner,Beginner,pronunciation
1042,Learn English Vocabulary: 12 ways to use body parts as verbs,expressions vocabulary,https://www.engvid.com/12-ways-to-use-body-parts-as-verbs/,Beginner,Beginner,"expressions, vocabulary"
1043,How to succeed in your JOB INTERVIEW: Behavioral Questions,business english culture & tips,https://www.engvid.com/job-interview-behavioral-questions/,Advanced,Advanced,"business english, culture & tips"
1044,10 ways to use ALRIGHT & ALL RIGHT in English,speaking vocabulary,https://www.engvid.com/10-ways-to-use-alright-all-right/,"Beginner, Intermediate",Intermediate,"speaking, vocabulary"
1045,"50+ Expressions using AT, ON, and IN (Prepositions of Time)",English resource grammar,https://www.engvid.com/english-resource/50-expressions-using-at-on-and-in-prepositions-of-time/,Beginner,Beginner,"english resource, grammar"
1046,"Master AT, ON, IN with the TRIANGLE method",grammar,https://www.engvid.com/at-on-in-triangle-method/,Beginner,Beginner,grammar
1047,Professional English Vocabulary: Meetings,business english vocabulary,https://www.engvid.com/professional-english-vocabulary-meetings/,"Intermediate, Advanced",Advanced,"business english, vocabulary"
1048,"Acting secrets for a strong, dynamic voice",culture & tips speaking,https://www.engvid.com/acting-secrets-for-a-strong-dynamic-voice/,"Beginner, Intermediate, Advanced",Advanced,"culture & tips, speaking"
1049,"Learn this English slang for 2018: go-to, hit it, rock up",slang,https://www.engvid.com/english-slang-2018-go-to-hit-it-rock-up/,Intermediate,Intermediate,slang
1050,"Learn English Vocabulary: The people we LOVE ❤ – spouse, girlfriend, partner, husband…",culture & tips vocabulary,https://www.engvid.com/english-vocabulary-people-we-love/,Beginner,Beginner,"culture & tips, vocabulary"
1051,English Prepositions: BELOW & UNDER,grammar,https://www.engvid.com/english-prepositions-below-under/,Intermediate,Intermediate,grammar
1052,"11 uses of the verb ‘GET’ in English: get going, get together, getting on…",expressions vocabulary,https://www.engvid.com/11-uses-of-get-english/,Advanced,Advanced,"expressions, vocabulary"
1053,Learn Vocabulary: Sports of the Winter Olympics,vocabulary,https://www.engvid.com/vocabulary-sports-winter-olympics/,Beginner,Beginner,vocabulary
1054,Learn 48 adjectives in English to describe people with Chinese astrology,vocabulary,https://www.engvid.com/48-adjectives-chinese-astrology/,Intermediate,Intermediate,vocabulary
1055,The 10 WORST English mistakes you’re making!,grammar vocabulary writing,https://www.engvid.com/10-worst-english-mistakes/,"Intermediate, Advanced",Advanced,"grammar, vocabulary, writing"
1056,Understand more and improve your English pronunciation with the GRAB & BREAK METHOD,comprehension pronunciation,https://www.engvid.com/grab-and-break-method/,"Intermediate, Advanced",Advanced,"comprehension, pronunciation"
1057,Have SAFE SEX with Ronnie!,culture & tips,https://www.engvid.com/safe-sex/,"Intermediate, Advanced",Advanced,culture & tips
1058,"My BEST ENGLISH TIPS For Indians, Pakistanis, and other South Asians",culture & tips grammar pronunciation,https://www.engvid.com/english-tips-for-south-asians/,"Intermediate, Advanced",Advanced,"culture & tips, grammar, pronunciation"
1059,English Grammar: “BEEN TO” or “GONE TO”?,grammar,https://www.engvid.com/been-to-gone-to/,Advanced,Advanced,grammar
1060,How did the months get their names?,culture & tips vocabulary,https://www.engvid.com/how-did-the-months-get-their-names/,Advanced,Advanced,"culture & tips, vocabulary"
1061,How to understand native English speakers: “Whaddya…?” & Relaxed Speech,comprehension pronunciation,https://www.engvid.com/understand-native-english-speakers-relaxed-speech/,Intermediate,Intermediate,"comprehension, pronunciation"
1062,The Present Perfect Progressive Challenge!,grammar,https://www.engvid.com/present-perfect-progressive-challenge/,"Intermediate, Advanced",Advanced,grammar
1063,Accent training exercises: Learn vowel sounds with the IPA (International Phonetic Alphabet),pronunciation,https://www.engvid.com/accent-training-exercises-vowels-ipa/,Advanced,Advanced,pronunciation
1064,"How to read and write the date, and how NOT to!",business english culture & tips writing,https://www.engvid.com/how-to-read-and-write-the-date/,"Intermediate, Advanced",Advanced,"business english, culture & tips, writing"
1065,IELTS Writing: The 3 Essay Types,IELTS,https://www.engvid.com/ielts-writing-3-essay-types/,Advanced,Advanced,ielts
1066,Mouth exercises for CLEAR SPEECH,pronunciation,https://www.engvid.com/mouth-exercises-for-clear-speech/,Advanced,Advanced,pronunciation
1067,IELTS Reading: Read faster & remember more,IELTS,https://www.engvid.com/ielts-reading-read-faster-remember-more/,Intermediate,Intermediate,ielts
1068,Vocabulary: English word pairs about TIME,expressions vocabulary,https://www.engvid.com/vocabulary-english-word-pairs-time/,Intermediate,Intermediate,"expressions, vocabulary"
1069,"Learn English with Superstitions: vocabulary, culture, and the first conditional",culture & tips grammar vocabulary,https://www.engvid.com/learn-english-superstitions-first-conditional/,Intermediate,Intermediate,"culture & tips, grammar, vocabulary"
1070,The 12 Days of Christmas – Sing and Learn English!,culture & tips,https://www.engvid.com/the-12-days-of-christmas-sing-and-learn-english/,Intermediate,Intermediate,culture & tips
1071,How to find the online English tutor for YOU,culture & tips,https://www.engvid.com/how-to-find-the-online-english-tutor-for-you/,"Beginner, Intermediate",Intermediate,culture & tips
1072,8 English Idioms to learn BY heart!,expressions,https://www.engvid.com/8-english-idioms-by/,"Intermediate, Advanced",Advanced,expressions
1073,"How to call someone STUPID, SMART, or CRAZY in English",expressions slang,https://www.engvid.com/how-to-call-someone-stupid-smart-or-crazy-in-english/,Intermediate,Intermediate,"expressions, slang"
1074,Weird foods of the United Kingdom ?,culture & tips vocabulary,https://www.engvid.com/weird-foods-of-the-uk/,"Beginner, Intermediate, Advanced",Advanced,"culture & tips, vocabulary"
1075,English Tips for Portuguese Speakers,vocabulary,https://www.engvid.com/english-tips-for-portuguese-speakers/,"Beginner, Intermediate",Intermediate,vocabulary
1076,Advanced English Homophones – different words that sound the same!,pronunciation vocabulary,https://www.engvid.com/advanced-english-homophones/,Advanced,Advanced,"pronunciation, vocabulary"
1077,What’s it like to move to the UK?,culture & tips,https://www.engvid.com/interview-moving-to-the-uk/,"Beginner, Intermediate, Advanced",Advanced,culture & tips
1078,English color expressions to talk about situations & emotions,expressions vocabulary,https://www.engvid.com/english-color-expressions-situations-emotions/,Intermediate,Intermediate,"expressions, vocabulary"
1079,11 MIND expressions in English,expressions,https://www.engvid.com/11-mind-expressions/,Intermediate,Intermediate,expressions
1080,"Vocabulary Hack: 2 suffixes, 200+ words!",vocabulary,https://www.engvid.com/vocabulary-hack-2-suffixes-200-words/,"Intermediate, Advanced",Advanced,vocabulary
1081,Improve your Vocabulary: Learn hundreds of words with the suffixes -ize & -ization,English resource vocabulary,https://www.engvid.com/english-resource/improve-vocabulary-learn-suffixes-ize-ization/,"Intermediate, Advanced",Advanced,"english resource, vocabulary"
1082,ENGLISH SLANG – 15 trendy fashion words,culture & tips slang vocabulary,https://www.engvid.com/english-slang-15-trendy-fashion-words/,Intermediate,Intermediate,"culture & tips, slang, vocabulary"
1083,"Learn 8 KICK Phrasal Verbs in English: “kick back”, “kick out”, “kick up”…",expressions vocabulary,https://www.engvid.com/kick-phrasal-verbs/,Intermediate,Intermediate,"expressions, vocabulary"
1084,Learn English Vocabulary: The Dark Side of Politics,culture & tips vocabulary,https://www.engvid.com/learn-english-vocabulary-the-dark-side-of-politics/,"Intermediate, Advanced",Advanced,"culture & tips, vocabulary"
1085,4 types of HOW questions in English,grammar,https://www.engvid.com/4-types-of-how-questions-in-english/,Beginner,Beginner,grammar
1086,Easy English Lesson: Should you use “A” or “AN”?,grammar writing,https://www.engvid.com/easy-english-lesson-should-you-use-a-or-an/,Beginner,Beginner,"grammar, writing"
1087,"TO, ON, ABOUT: Prepositions of behavior in English",grammar vocabulary,https://www.engvid.com/to-on-about-prepositions-of-behavior/,Intermediate,Intermediate,"grammar, vocabulary"
1088,“How come?”,expressions speaking vocabulary,https://www.engvid.com/how-come/,"Beginner, Intermediate, Advanced",Advanced,"expressions, speaking, vocabulary"
1089,Learn all about Guy Fawkes & BONFIRE NIGHT,culture & tips,https://www.engvid.com/guy-fawkes-bonfire-night/,Intermediate,Intermediate,culture & tips
1090,No more mistakes with MODALS! 3 Easy Rules,grammar,https://www.engvid.com/modals-3-easy-rules/,Intermediate,Intermediate,grammar
1091,"Improve your Writing: Show, Not Tell",writing,https://www.engvid.com/english-writing-show-tell/,Intermediate,Intermediate,writing
1092,10 English words that are hard to say correctly,pronunciation vocabulary,https://www.engvid.com/10-english-words-that-are-hard-to-say-correctly/,Intermediate,Intermediate,"pronunciation, vocabulary"
1093,Real English: Taking care of your pet DOG!,culture & tips vocabulary,https://www.engvid.com/real-english-pet-dog/,Intermediate,Intermediate,"culture & tips, vocabulary"
1094,Reduced Pronunciation: Modals,pronunciation,https://www.engvid.com/reduced-pronunciation-modals/,Intermediate,Intermediate,pronunciation
1095,TEST YOUR ENGLISH! Irregular Past Participles,grammar,https://www.engvid.com/irregular-past-participles/,"Intermediate, Advanced",Advanced,grammar
1096,How to understand native English speakers…and speak like them!,comprehension pronunciation,https://www.engvid.com/understand-native-speakers-relaxed-pronunciation/,Intermediate,Intermediate,"comprehension, pronunciation"
1097,Learn 14 GO Expressions in English,expressions,https://www.engvid.com/learn-14-go-expressions-in-english/,Intermediate,Intermediate,expressions
1098,"The RP English Accent – What is it, how does it sound, and who uses it?",culture & tips pronunciation,https://www.engvid.com/the-rp-english-accent/,Advanced,Advanced,"culture & tips, pronunciation"
1099,“WHAT” or “WHICH”? Learn how to choose!,grammar,https://www.engvid.com/what-or-which/,"Beginner, Intermediate",Intermediate,grammar
1100,10 English Idioms from Technology,expressions,https://www.engvid.com/10-english-idioms-technology/,Intermediate,Intermediate,expressions
1101,Speed up your English ×5,pronunciation speaking,https://www.engvid.com/speed-up-your-english/,Advanced,Advanced,"pronunciation, speaking"
1102,Intermediate English Homophones – different words that sound the same!,pronunciation vocabulary,https://www.engvid.com/intermediate-english-homophones/,Intermediate,Intermediate,"pronunciation, vocabulary"
1103,The British Royal Family: Everything you need to know,culture & tips vocabulary,https://www.engvid.com/british-royal-family/,Advanced,Advanced,"culture & tips, vocabulary"
1104,"English Grammar: Correlative Conjunctions (NEITHER & NOR, EITHER & OR, BOTH & AND…)",grammar,https://www.engvid.com/english-grammar-correlative-conjunctions/,"Intermediate, Advanced",Advanced,grammar
1105,Say what you mean! Simple English words that learners often say incorrectly,pronunciation,https://www.engvid.com/simple-english-words-learners-say-incorrectly/,Beginner,Beginner,pronunciation
1106,Professional English: Vocabulary for managers and supervisors (and parents!),business english expressions vocabulary,https://www.engvid.com/professional-english-vocabulary-managers/,Intermediate,Intermediate,"business english, expressions, vocabulary"
1107,Advance your English with 7 INTENSIFIERS,expressions IELTS writing,https://www.engvid.com/advance-your-english-7-intensifiers/,"Intermediate, Advanced",Advanced,"expressions, ielts, writing"
1108,MATH & GEOMETRY Vocabulary and Terminology in English,grammar vocabulary,https://www.engvid.com/math-geometry-vocabulary-english/,"Beginner, Intermediate, Advanced",Advanced,"grammar, vocabulary"
1109,Drinking tea in England,culture & tips,https://www.engvid.com/drinking-tea-in-england/,Beginner,Beginner,culture & tips
1110,5 types of jokes in English!,culture & tips speaking,https://www.engvid.com/5-types-of-jokes-in-english/,"Intermediate, Advanced",Advanced,"culture & tips, speaking"
1111,English Grammar: Negative contractions of the verb “TO BE”,grammar,https://www.engvid.com/english-grammar-to-be-negative-contractions/,Beginner,Beginner,grammar
1112,Instantly improve your English with 3 easy words!,grammar,https://www.engvid.com/instantly-improve-your-english-with-3-easy-words/,"Beginner, Intermediate",Intermediate,grammar
1113,How SENTENCE STRESS changes meaning in English,comprehension pronunciation speaking,https://www.engvid.com/sentence-stress-english/,"Intermediate, Advanced",Advanced,"comprehension, pronunciation, speaking"
1114,"Simple but useful words in English: STILL, YET, ALWAYS, ALREADY…",grammar vocabulary,https://www.engvid.com/still-yet-always-already/,Intermediate,Intermediate,"grammar, vocabulary"
1115,Practice Speaking English: How to give short answers about yourself,grammar speaking,https://www.engvid.com/practice-speaking-english-short-answers/,Beginner,Beginner,"grammar, speaking"
1116,English for staying at a HOTEL,culture & tips expressions vocabulary,https://www.engvid.com/english-for-staying-at-a-hotel/,"Intermediate, Advanced",Advanced,"culture & tips, expressions, vocabulary"
1117,Passive-Aggressive Language,culture & tips speaking,https://www.engvid.com/passive-aggressive-language/,Advanced,Advanced,"culture & tips, speaking"
1118,21 Common Present Perfect Questions in English,expressions grammar,https://www.engvid.com/21-common-present-perfect-questions-in-english/,"Beginner, Intermediate",Intermediate,"expressions, grammar"
1119,Learn to speak like Jon Snow & Ygritte from GAME OF THRONES!,culture & tips pronunciation,https://www.engvid.com/learn-the-game-of-thrones-accent/,Advanced,Advanced,"culture & tips, pronunciation"
1120,10 “TIP” Expressions in English,expressions,https://www.engvid.com/10-tip-expressions-in-english/,Beginner,Beginner,expressions
1121,Stop procrastinating and start learning!,culture & tips,https://www.engvid.com/stop-procrastinating-start-learning/,"Intermediate, Advanced",Advanced,culture & tips
1122,Improve Your Vocabulary: 8 Ways to Ask ‘CAN I…?’,expressions speaking vocabulary,https://www.engvid.com/improve-your-vocabulary-8-ways-to-ask-can-i/,"Intermediate, Advanced",Advanced,"expressions, speaking, vocabulary"
1123,Easy English Expressions with “OUT OF”,expressions,https://www.engvid.com/english-expressions-out-of/,"Intermediate, Advanced",Advanced,expressions
1124,Bored or Boring? Learn about -ED and -ING adjectives in English,grammar,https://www.engvid.com/ed-ing-adjectives-in-english/,"Beginner, Intermediate",Intermediate,grammar
1125,When to use “A” or “AN” in a sentence… and when NOT to! (Indefinite Articles),grammar,https://www.engvid.com/when-to-use-indefinite-articles/,Beginner,Beginner,grammar
1126,Phrasal Verbs of SEX,culture & tips slang,https://www.engvid.com/phrasal-verbs-sex/,"Intermediate, Advanced",Advanced,"culture & tips, slang"
1127,Phrasal Verb Opposites in English,expressions vocabulary,https://www.engvid.com/phrasal-verb-opposites-in-english/,Intermediate,Intermediate,"expressions, vocabulary"
1128,"Basic English Grammar: Parts of Speech – noun, verb, adjective, pronoun, adverb…",grammar,https://www.engvid.com/basic-english-grammar-parts-of-speech/,"Beginner, Intermediate",Intermediate,grammar
1129,English Vocabulary for visiting the DOCTOR,expressions vocabulary,https://www.engvid.com/english-vocabulary-visiting-the-doctor/,Intermediate,Intermediate,"expressions, vocabulary"
1130,Have better conversations using the FORD method,culture & tips speaking,https://www.engvid.com/ford-method-small-talk/,Intermediate,Intermediate,"culture & tips, speaking"
1131,Vocabulary for IELTS & TOEFL Essay Success,IELTS TOEFL,https://www.engvid.com/vocabulary-for-ielts-toefl-essay-success/,Intermediate,Intermediate,ielts
1132,How to say the word ‘OF’ like a native English speaker,pronunciation,https://www.engvid.com/how-to-say-the-word-of-like-a-native-english-speaker/,Intermediate,Intermediate,pronunciation
1133,"Do you know the difference? LAST, LATEST, AT LEAST, LATTER, LATER, LATELY…",expressions vocabulary,https://www.engvid.com/last-latest-least-and-more/,Intermediate,Intermediate,"expressions, vocabulary"
1134,False Friends: English mistakes that Spanish speakers make,vocabulary,https://www.engvid.com/false-friends-english-spanish/,Beginner,Beginner,vocabulary
1135,English Homophones for Beginners – different words that sound the same!,pronunciation vocabulary,https://www.engvid.com/english-homophones-1-beginners/,Beginner,Beginner,"pronunciation, vocabulary"
1136,Learn English: Expressions that use body parts!,expressions,https://www.engvid.com/expressions-body-parts/,Beginner,Beginner,expressions
1137,Formal & Informal Vocabulary: Using French words in English,culture & tips vocabulary,https://www.engvid.com/formal-informal-vocabulary-french-anglo-saxon/,Advanced,Advanced,"culture & tips, vocabulary"
1138,15 ways to improve your English pronunciation,pronunciation speaking,https://www.engvid.com/15-ways-to-improve-your-english-pronunciation/,Intermediate,Intermediate,"pronunciation, speaking"
1139,"Learn English Tenses: Past Simple, Past Continuous, Past Perfect, or Present Perfect?",grammar,https://www.engvid.com/learn-engish-tenses-past-tenses/,Intermediate,Intermediate,grammar
1140,Improve your Vocabulary: Foreign Words in English,culture & tips vocabulary,https://www.engvid.com/foreign-words-in-english/,Intermediate,Intermediate,"culture & tips, vocabulary"
1141,12 English expressions using ‘THINK’,expressions,https://www.engvid.com/12-think-expressions/,Intermediate,Intermediate,expressions
1142,Learn English: What we call the people we love ❤❤❤,culture & tips expressions vocabulary,https://www.engvid.com/what-we-call-the-people-we-love/,Beginner,Beginner,"culture & tips, expressions, vocabulary"
1143,English Grammar: Using ‘THE’ before ‘NEXT’ & ‘LAST’,grammar,https://www.engvid.com/english-grammar-the-before-next-last/,Intermediate,Intermediate,grammar
1144,Sound like a native speaker: Delete the ‘H’!,pronunciation,https://www.engvid.com/sound-like-a-native-speaker-silent-h/,Intermediate,Intermediate,pronunciation
1145,Learn 15 English Phrasal Verbs about CRIME!,expressions vocabulary,https://www.engvid.com/phrasal-verbs-crime/,Intermediate,Intermediate,"expressions, vocabulary"
1146,Power Verbs in English,English resource business english vocabulary writing,https://www.engvid.com/english-resource/power-verbs-in-english/,Advanced,Advanced,"business english, english resource, vocabulary, writing"
1147,Get a better job: Power Verbs for Resume Writing,culture & tips vocabulary writing,https://www.engvid.com/power-verbs-resume-writing/,Intermediate,Intermediate,"culture & tips, vocabulary, writing"
1148,Are you using “enough” correctly?,grammar,https://www.engvid.com/are-you-using-enough-correctly/,Intermediate,Intermediate,grammar
1149,Advanced English Grammar: Participles,grammar writing,https://www.engvid.com/advanced-english-grammar-participles/,Advanced,Advanced,"grammar, writing"
1150,English Culture: Manners & how to be polite,culture & tips,https://www.engvid.com/english-culture-manners/,Beginner,Beginner,culture & tips
1151,What to say when you make a mistake!,expressions slang,https://www.engvid.com/what-to-say-when-you-make-a-mistake/,"Beginner, Intermediate",Intermediate,"expressions, slang"
1152,American English Pronunciation Practice: Short and Long “A” Sounds,pronunciation,https://www.engvid.com/american-english-pronunciation-short-long-a/,"Beginner, Intermediate",Intermediate,pronunciation
1153,Learn all about the British political system & elections,culture & tips,https://www.engvid.com/uk-politics-elections/,Intermediate,Intermediate,culture & tips
1154,10 ways to say ‘NO’ in English (politely!),culture & tips expressions speaking,https://www.engvid.com/10-ways-to-say-no-in-english-politely/,Advanced,Advanced,"culture & tips, expressions, speaking"
1155,"English Phrasal Verbs for LOVE, SEX, and DATING!",culture & tips expressions slang,https://www.engvid.com/english-phrasal-verbs-love-sex-dating/,"Intermediate, Advanced",Advanced,"culture & tips, expressions, slang"
1156,Vocabulary Hack: Sound smarter and avoid mistakes using Compound Adjectives!,grammar vocabulary,https://www.engvid.com/vocabulary-hack-compound-adjectives/,"Intermediate, Advanced",Advanced,"grammar, vocabulary"
1157,"10 “STEP” Phrasal Verbs in English: step up, step down, step in…",expressions vocabulary,https://www.engvid.com/10-step-phrasal-verbs-in-english/,Intermediate,Intermediate,"expressions, vocabulary"
1158,Real English: Speaking on the phone,expressions speaking vocabulary,https://www.engvid.com/real-english-speaking-on-the-phone/,Intermediate,Intermediate,"expressions, speaking, vocabulary"
1159,Improve your English vocabulary with astrology! Personalities and Professions,culture & tips vocabulary,https://www.engvid.com/english-vocabulary-astrology-personalities-professions/,"Intermediate, Advanced",Advanced,"culture & tips, vocabulary"
1160,English at Work: 10 Phrasal Verbs for the Office,business english expressions,https://www.engvid.com/10-phrasal-verbs-for-the-office/,Intermediate,Intermediate,"business english, expressions"
1161,Learn English: MAKE or DO?,grammar,https://www.engvid.com/make-or-do/,"Beginner, Intermediate",Intermediate,grammar
1162,3 popular slang words in British English,slang,https://www.engvid.com/3-popular-slang-words-in-british-english/,Beginner,Beginner,slang
1163,English Listening Practice: Improve your vocabulary!,comprehension,https://www.engvid.com/english-listening-practice-vocabulary-prepositions/,"Beginner, Intermediate",Intermediate,comprehension
1164,IELTS General: Writing Task 1 – 14 Top Tips!,IELTS,https://www.engvid.com/ielts-general-writing-task-1/,Advanced,Advanced,ielts
1165,IELTS General Task 1 – Letter Writing,English resource IELTS,https://www.engvid.com/english-resource/ielts-general-task-1-letter-writing/,Advanced,Advanced,"english resource, ielts"
1166,Learn Real English: Let’s go on a road trip!,culture & tips expressions vocabulary,https://www.engvid.com/learn-real-english-road-trip/,Intermediate,Intermediate,"culture & tips, expressions, vocabulary"
1167,MAY or MIGHT?,grammar,https://www.engvid.com/may-or-might/,Intermediate,Intermediate,grammar
1168,Crazy English: FOODS that have BODY PARTS?,slang,https://www.engvid.com/crazy-english-food-body-parts/,"Beginner, Intermediate, Advanced",Advanced,slang
1169,How to improve your English by reading,comprehension culture & tips,https://www.engvid.com/how-to-improve-your-english-by-reading/,"Beginner, Intermediate, Advanced",Advanced,"comprehension, culture & tips"
1170,How to use “ABOUT TO” in English,grammar,https://www.engvid.com/about-to/,Beginner,Beginner,grammar
1171,How to start a phone conversation in English,business english culture & tips speaking,https://www.engvid.com/how-to-start-a-phone-conversation/,Intermediate,Intermediate,"business english, culture & tips, speaking"
1172,Learn English Prepositions: TO or AT?,grammar,https://www.engvid.com/learn-english-prepositions-to-or-at/,Beginner,Beginner,grammar
1173,Improve Your Grammar: 4 ways to use -ING words in English,grammar,https://www.engvid.com/4-ways-to-use-ing-words-in-english/,Intermediate,Intermediate,grammar
1174,Learn English Slang: BITCH,culture & tips slang vocabulary,https://www.engvid.com/learn-english-slang-bitch/,Beginner,Beginner,"culture & tips, slang, vocabulary"
1175,Improve your English: WHO or WHOM?,grammar,https://www.engvid.com/who-or-whom/,Intermediate,Intermediate,grammar
1176,"Read, Understand, and Remember! Improve your reading skills with the KWL Method",comprehension IELTS TOEFL,https://www.engvid.com/kwl-reading-method/,Intermediate,Intermediate,"comprehension, ielts"
1177,Speak English Naturally: My pronunciation secret for difficult words,pronunciation,https://www.engvid.com/speak-english-naturally-backchaining/,"Beginner, Intermediate, Advanced",Advanced,pronunciation
1178,Learn English Grammar: The Adverb Clause,grammar writing,https://www.engvid.com/learn-english-grammar-the-adverb-clause/,Advanced,Advanced,"grammar, writing"
1179,How are you feeling? Vocabulary & expressions to answer this common question!,expressions speaking vocabulary,https://www.engvid.com/how-are-you-feeling-mental-physical-health/,"Intermediate, Advanced",Advanced,"expressions, speaking, vocabulary"
1180,How to be CONFIDENT!,culture & tips speaking,https://www.engvid.com/how-to-be-confident/,"Beginner, Intermediate, Advanced",Advanced,"culture & tips, speaking"
1181,The 10 Most Common “WHAT” Questions in English,grammar speaking,https://www.engvid.com/the-10-most-common-what-questions-in-english/,Beginner,Beginner,"grammar, speaking"
1182,IELTS Writing Task 1: How to describe BAR GRAPHS,business english IELTS writing,https://www.engvid.com/ielts-writing-task-1-bar-graphs/,Intermediate,Intermediate,"business english, ielts, writing"
1183,How to use Mind Maps to understand and remember what you read!,comprehension culture & tips,https://www.engvid.com/how-to-use-mind-maps-to-understand-and-remember-what-you-read/,Advanced,Advanced,"comprehension, culture & tips"
1184,Top 10 Most Confusing Words for Advanced English Learners,vocabulary,https://www.engvid.com/top-10-most-confusing-words-for-advanced-english-learners/,"Intermediate, Advanced",Advanced,vocabulary
1185,"Prepositions in English: ABOVE, OVER, ON, ON TOP",grammar vocabulary,https://www.engvid.com/prepositions-in-english-above-over-on-on-top/,Beginner,Beginner,"grammar, vocabulary"
1186,Vocabulary: Learn 10 words that come from “BACK”,expressions vocabulary,https://www.engvid.com/vocabulary-10-back-words/,Beginner,Beginner,"expressions, vocabulary"
1187,STOP talking like a baby!,culture & tips,https://www.engvid.com/baby-talk/,"Beginner, Intermediate",Intermediate,culture & tips
1188,Learn 8 Phrasal Verbs with “PUSH”,expressions,https://www.engvid.com/8-phrasal-verbs-push/,"Intermediate, Advanced",Advanced,expressions
1189,Sound more natural in English: Learn and practice 5 BACK VOWELS,pronunciation,https://www.engvid.com/english-pronunciation-5-back-vowels/,"Intermediate, Advanced",Advanced,pronunciation
1190,Learn English Grammar: Zero Conditional,grammar,https://www.engvid.com/learn-english-grammar-zero-conditional/,"Intermediate, Advanced",Advanced,grammar
1191,Learn 10 Easy 3-Word Questions in English,expressions speaking,https://www.engvid.com/learn-10-easy-3-word-questions-in-english/,"Beginner, Intermediate",Intermediate,"expressions, speaking"
1192,Medical Vocabulary in English: First Aid,culture & tips vocabulary,https://www.engvid.com/medical-vocabulary-in-english-first-aid/,"Intermediate, Advanced",Advanced,"culture & tips, vocabulary"
1193,Learn English Vocabulary and Phrasal Verbs with “LOOK” ( ͡° ͜ʖ ͡°),expressions vocabulary,https://www.engvid.com/learn-english-vocabulary-and-phrasal-verbs-with-look/,Intermediate,Intermediate,"expressions, vocabulary"
1194,I HATE ENGLISH! 12 things that don’t make any sense,culture & tips expressions vocabulary,https://www.engvid.com/i-hate-english-12-things-that-dont-make-any-sense/,"Beginner, Intermediate, Advanced",Advanced,"culture & tips, expressions, vocabulary"
1195,English Vocabulary: House Cleaning,vocabulary,https://www.engvid.com/english-vocabulary-house-cleaning/,Beginner,Beginner,vocabulary
1196,"Improve Your Vocabulary: KNOW, MEET, MEET WITH, or MEET UP?",grammar vocabulary,https://www.engvid.com/improve-your-vocabulary-know-meet-meet-with-or-meet-up/,Intermediate,Intermediate,"grammar, vocabulary"
1197,How to improve your English with MUSIC and MOVIES!,culture & tips vocabulary,https://www.engvid.com/how-to-improve-your-english-with-music-and-movies/,"Beginner, Intermediate, Advanced",Advanced,"culture & tips, vocabulary"
1198,Free consultation with IELTS & TOEFL Specialist,IELTS TOEFL TOEIC,https://www.engvid.com/free-consultation-with-ielts-toefl-specialist/,"Intermediate, Advanced",Advanced,ielts
1199,The STRANGE & FREAKY history of Valentine’s Day!,culture & tips,https://www.engvid.com/the-strange-freaky-history-of-valentines-day/,"Beginner, Intermediate, Advanced",Advanced,culture & tips
1200,Where do the names of the days of the week come from?,culture & tips,https://www.engvid.com/days-of-the-week-etymology/,Advanced,Advanced,culture & tips
1201,"Learn English Phrasal Verbs with BRING: bring on, bring about, bring forward…",expressions vocabulary,https://www.engvid.com/learn-english-phrasal-verbs-with-bring-bring-on-bring-about-bring-forward/,Intermediate,Intermediate,"expressions, vocabulary"
1202,"How to Negotiate: Vocabulary, expressions, and questions to save you $$$",business english culture & tips speaking,https://www.engvid.com/how-to-negotiate-vocabulary-expressions-and-questions-to-save-you-money/,"Intermediate, Advanced",Advanced,"business english, culture & tips, speaking"
1203,Real English: Talking about pets and animals,culture & tips speaking vocabulary,https://www.engvid.com/real-english-talking-about-pets-and-animals/,"Beginner, Intermediate",Intermediate,"culture & tips, speaking, vocabulary"
1204,How to start a conversation: 5 things to say after “hello”,culture & tips speaking,https://www.engvid.com/how-to-start-a-conversation-5-things-to-say-after-hello/,"Intermediate, Advanced",Advanced,"culture & tips, speaking"
1205,English Grammar: The Past Tense of HAVE,grammar,https://www.engvid.com/english-grammar-the-past-tense-of-have/,Beginner,Beginner,grammar
1206,English Slang: How to talk like a real Londoner,culture & tips pronunciation slang,https://www.engvid.com/english-slang-how-to-talk-like-a-real-londoner/,Advanced,Advanced,"culture & tips, pronunciation, slang"
1207,English Pronunciation: How to say words ending in -OUGH & -AUGH,pronunciation,https://www.engvid.com/english-pronunciation-how-to-say-words-ending-in-ough-augh/,Beginner,Beginner,pronunciation
1208,Real English: Using WHEN & WHERE to Make Plans,expressions vocabulary,https://www.engvid.com/real-english-using-when-where-to-make-plans/,Beginner,Beginner,"expressions, vocabulary"
1209,Slang: 13 Funny Word Mash-Ups in English,slang vocabulary,https://www.engvid.com/slang-13-funny-word-mash-ups-in-english/,"Intermediate, Advanced",Advanced,"slang, vocabulary"
1210,15 Common WHO Questions in English,grammar speaking,https://www.engvid.com/15-common-who-questions-in-english/,Beginner,Beginner,"grammar, speaking"
1211,How to learn English if you are shy,culture & tips,https://www.engvid.com/how-to-learn-english-if-you-are-shy/,"Beginner, Intermediate, Advanced",Advanced,culture & tips
1212,Steps to Learning English: Where should you start?,comprehension culture & tips,https://www.engvid.com/steps-to-learning-english-where-to-begin/,"Beginner, Intermediate, Advanced",Advanced,"comprehension, culture & tips"
1213,"Discover your unique LEARNING STYLE: Visual, Auditory, Kinesthetic",culture & tips,https://www.engvid.com/discover-your-unique-learning-style-visual-auditory-kinesthetic/,Intermediate,Intermediate,culture & tips
1214,"Prepositions of Time in English: BY, UNTIL, BY THE TIME, NO LATER THAN…",grammar,https://www.engvid.com/prepositions-of-time-in-english/,"Beginner, Intermediate",Intermediate,grammar
1215,"Learn English Grammar: USE, USED, and USED TO",expressions grammar,https://www.engvid.com/learn-english-grammar-use-used-and-used-to/,Intermediate,Intermediate,"expressions, grammar"
1216,American Sex Slang: The SEX Alphabet with Ronnie,slang,https://www.engvid.com/american-sex-slang-the-sex-alphabet/,"Beginner, Intermediate, Advanced",Advanced,slang
1217,17 ways to say YOU’RE WELCOME in English,expressions grammar,https://www.engvid.com/17-ways-to-say-youre-welcome-in-english/,Beginner,Beginner,"expressions, grammar"
1218,"HAPPY NEW YEAR! What to say and do: expressions, customs, vocabulary ?",culture & tips expressions vocabulary,https://www.engvid.com/happy-new-year-expressions-customs-vocabulary/,Intermediate,Intermediate,"culture & tips, expressions, vocabulary"
1219,Emma’s TOP 15 STUDY TIPS,culture & tips IELTS TOEFL TOEIC,https://www.engvid.com/emmas-top-15-study-tips/,"Beginner, Intermediate, Advanced",Advanced,"culture & tips, ielts"
1220,Talking about SLEEP in English,expressions vocabulary,https://www.engvid.com/talking-about-sleep-in-english/,Beginner,Beginner,"expressions, vocabulary"
1221,Learn 10 English Idioms about People at Work,business english expressions,https://www.engvid.com/10-english-idioms-people-at-work/,Intermediate,Intermediate,"business english, expressions"
1222,50+ English Phrases & Idioms to Describe People in Business,English resource business english expressions,https://www.engvid.com/english-resource/50-english-phrases-idioms-to-describe-people-in-business/,Advanced,Advanced,"business english, english resource, expressions"
1223,Learn 17 Business Abbreviations & Acronyms in English,business english vocabulary,https://www.engvid.com/17-business-abbreviations-acronyms/,Intermediate,Intermediate,"business english, vocabulary"
1224,"Vocabulary to talk about your feelings in English: anger, fear, and confusion",expressions vocabulary,https://www.engvid.com/vocabulary-to-talk-about-your-feelings-in-english-anger-fear-and-confusion/,"Intermediate, Advanced",Advanced,"expressions, vocabulary"
1225,So you’re NOT having a baby…,culture & tips vocabulary,https://www.engvid.com/so-youre-not-having-a-baby/,"Intermediate, Advanced",Advanced,"culture & tips, vocabulary"
1226,Learn English by playing Final Fantasy 7! Let’s play and learn!,expressions slang vocabulary,https://www.engvid.com/learn-english-final-fantasy-vii/,"Intermediate, Advanced",Advanced,"expressions, slang, vocabulary"
1227,Sound more natural in English: Learn and practice 5 FRONT VOWELS,pronunciation,https://www.engvid.com/english-pronunciation-5-front-vowels/,"Intermediate, Advanced",Advanced,pronunciation
1228,English Grammar: Definite Adverbs of Frequency,grammar,https://www.engvid.com/english-grammar-definite-adverbs-of-frequency/,Intermediate,Intermediate,grammar
1229,Top 10 Confusing English Verbs for Beginners,grammar vocabulary,https://www.engvid.com/top-10-confusing-english-verbs-for-beginners/,Beginner,Beginner,"grammar, vocabulary"
1230,IELTS – The 5 Step Study Plan,IELTS,https://www.engvid.com/ielts-the-5-step-study-plan/,"Intermediate, Advanced",Advanced,ielts
1231,"Learn 10 English PHRASAL VERBS with “UP”: dress up, wash up, grow up…",expressions,https://www.engvid.com/learn-10-english-phrasal-verbs-with-up/,Intermediate,Intermediate,expressions
1232,Improve Your Vocabulary: 50+ Shades of Colors in English!,vocabulary,https://www.engvid.com/50-shades-of-colors-in-english/,"Intermediate, Advanced",Advanced,vocabulary
1233,Collective Nouns in English: How to talk about groups of people and things,vocabulary,https://www.engvid.com/collective-nouns-in-english-how-to-talk-about-groups-of-people-and-things/,"Intermediate, Advanced",Advanced,vocabulary
1234,Learn English Grammar: How to use the 3rd conditional,grammar,https://www.engvid.com/learn-english-grammar-how-to-use-the-3rd-conditional/,"Intermediate, Advanced",Advanced,grammar
1235,IELTS Writing Task 1: How to describe a process,IELTS writing,https://www.engvid.com/ielts-writing-task-1-how-to-describe-a-process/,"Intermediate, Advanced",Advanced,"ielts, writing"
1236,How to change a fight into a discussion,culture & tips vocabulary,https://www.engvid.com/how-to-change-a-fight-into-a-discussion/,Advanced,Advanced,"culture & tips, vocabulary"
1237,Say MORE with LESS: 2-Word Expressions in English,expressions speaking,https://www.engvid.com/say-more-with-less-2-word-expressions-in-english/,"Beginner, Intermediate, Advanced",Advanced,"expressions, speaking"
1238,Learn English Grammar: The Adjective Clause (Relative Clause),grammar,https://www.engvid.com/learn-english-grammar-the-adjective-clause-relative-clause/,Advanced,Advanced,grammar
1239,Learn English Vocabulary: TOUCH or FEEL?,vocabulary,https://www.engvid.com/learn-english-vocabulary-touch-or-feel/,Intermediate,Intermediate,vocabulary
1240,Veterans Day & Remembrance Day,culture & tips,https://www.engvid.com/veterans-day-remembrance-day/,"Intermediate, Advanced",Advanced,culture & tips
1241,English Books: How to learn English with Harry Potter!,expressions vocabulary,https://www.engvid.com/english-books-harry-potter/,"Intermediate, Advanced",Advanced,"expressions, vocabulary"
1242,Learn English: BY or WITH?,grammar,https://www.engvid.com/learn-english-by-or-with/,Intermediate,Intermediate,grammar
1243,Learn 10 times more vocabulary by using Word Webs!,culture & tips vocabulary,https://www.engvid.com/learn-10-times-more-vocabulary-by-using-word-webs/,"Intermediate, Advanced",Advanced,"culture & tips, vocabulary"
1244,Learn the Keys to IELTS & TOEFL Essay Success,IELTS TOEFL TOEIC,https://www.engvid.com/learn-the-keys-to-ielts-toefl-essay-success/,Intermediate,Intermediate,ielts
1245,Understanding the 2016 US Elections,culture & tips vocabulary,https://www.engvid.com/understanding-the-2016-us-elections/,"Intermediate, Advanced",Advanced,"culture & tips, vocabulary"
1246,BANG! CRASH! DING DONG! Words that Imitate Sounds,culture & tips speaking vocabulary,https://www.engvid.com/onomatopoeia-words-that-imitate-sounds/,Beginner,Beginner,"culture & tips, speaking, vocabulary"
1247,Don’t make this common mistake – Use the S!,grammar pronunciation speaking,https://www.engvid.com/dont-make-this-common-mistake-use-the-s/,Beginner,Beginner,"grammar, pronunciation, speaking"
1248,17 Common “WHEN” Questions in English,grammar speaking,https://www.engvid.com/17-common-when-questions-in-english/,Beginner,Beginner,"grammar, speaking"
1249,"Phrasal Verbs for TRAVEL: “drop off”, “get in”, “check out”…",expressions vocabulary,https://www.engvid.com/phrasal-verbs-for-travel-drop-off-get-in-check-out/,Beginner,Beginner,"expressions, vocabulary"
1250,Talking About Politics: LEFT WING & RIGHT WING,culture & tips vocabulary,https://www.engvid.com/talking-about-politics-left-wing-right-wing/,Advanced,Advanced,"culture & tips, vocabulary"
1251,How native speakers say AND & THE in English,pronunciation,https://www.engvid.com/how-native-speakers-say-and-the-in-english/,Beginner,Beginner,pronunciation
1252,Vocabulary: Talking about POLITICS in English,culture & tips vocabulary,https://www.engvid.com/vocabulary-talking-about-politics-in-english/,Intermediate,Intermediate,"culture & tips, vocabulary"
1253,How to use the verb ‘GET’ in English,expressions grammar,https://www.engvid.com/how-to-use-the-verb-get-in-english/,Intermediate,Intermediate,"expressions, grammar"
1254,10 words in English that don’t make sense! Hmmm…,culture & tips vocabulary,https://www.engvid.com/10-words-in-english-that-dont-make-sense/,Intermediate,Intermediate,"culture & tips, vocabulary"
1255,Real English Vocabulary: At the BANK,vocabulary,https://www.engvid.com/real-english-vocabulary-at-the-bank/,Beginner,Beginner,vocabulary
1256,How to give great customer service: The L.A.S.T. method,business english culture & tips,https://www.engvid.com/how-to-give-great-customer-service-the-last-method/,"Intermediate, Advanced",Advanced,"business english, culture & tips"
1257,The WORST English mistakes native speakers make,culture & tips vocabulary,https://www.engvid.com/the-worst-english-mistakes-native-speakers-make/,Intermediate,Intermediate,"culture & tips, vocabulary"
1258,Learn English Grammar: “to have” in the present tense,grammar,https://www.engvid.com/learn-english-grammar-to-have-present-tense/,Beginner,Beginner,grammar
1259,When and how to use a dictionary – and when NOT to use a dictionary!,culture & tips vocabulary,https://www.engvid.com/when-and-how-to-use-a-dictionary/,"Beginner, Intermediate, Advanced",Advanced,"culture & tips, vocabulary"
1260,Improve your English by working in a charity shop,business english culture & tips vocabulary,https://www.engvid.com/improve-your-english-by-working-in-a-charity-shop/,"Intermediate, Advanced",Advanced,"business english, culture & tips, vocabulary"
1261,English Grammar: Fix your double negatives!,grammar speaking,https://www.engvid.com/english-grammar-fix-your-double-negatives/,"Intermediate, Advanced",Advanced,"grammar, speaking"
1262,The 25 Most Common Verbs in English,grammar vocabulary,https://www.engvid.com/the-25-most-common-verbs-in-english/,Beginner,Beginner,"grammar, vocabulary"
1263,How to understand new English vocabulary by learning roots!,culture & tips vocabulary,https://www.engvid.com/how-to-understand-new-english-vocabulary-by-learning-roots/,Advanced,Advanced,"culture & tips, vocabulary"
1264,How to write a good essay: Paraphrasing the question,IELTS TOEFL writing,https://www.engvid.com/how-to-write-a-good-essay-paraphrasing-the-question/,Intermediate,Intermediate,"ielts, writing"
1265,How to use W5 questions for more interesting conversations,culture & tips speaking,https://www.engvid.com/how-to-use-w5-questions-for-more-interesting-conversations/,"Intermediate, Advanced",Advanced,"culture & tips, speaking"
1266,8 Easy English Idioms with IN and ON,expressions,https://www.engvid.com/8-easy-english-idioms-with-in-and-on/,Beginner,Beginner,expressions
1267,The 2nd Conditional: WOULD & COULD,grammar,https://www.engvid.com/the-2nd-conditional-would-could/,Intermediate,Intermediate,grammar
1268,Common MILITARY expressions & vocabulary in everyday life,expressions vocabulary,https://www.engvid.com/common-military-expressions-vocabulary-in-everyday-life/,Intermediate,Intermediate,"expressions, vocabulary"
1269,Fix your spelling mistakes: 10 confusing words that sound the same,vocabulary writing,https://www.engvid.com/fix-your-spelling-mistakes-10-confusing-words-that-sound-the-same/,Advanced,Advanced,"vocabulary, writing"
1270,Why aren’t you married? How to talk about being single!,culture & tips slang vocabulary,https://www.engvid.com/why-arent-you-married-how-to-talk-about-being-single/,"Intermediate, Advanced",Advanced,"culture & tips, slang, vocabulary"
1271,Words that belong together: Adverb-Adjective Collocations in English,expressions vocabulary,https://www.engvid.com/words-that-belong-together-adverb-adjective-collocations-in-english/,"Intermediate, Advanced",Advanced,"expressions, vocabulary"
1272,How to study efficiently: The Cornell Notes Method,culture & tips,https://www.engvid.com/how-to-study-efficiently-the-cornell-notes-method/,"Beginner, Intermediate, Advanced",Advanced,culture & tips
1273,"“DOWN” Phrasal Verbs in English: close down, bring down, break down…",expressions vocabulary,https://www.engvid.com/down-phrasal-verbs-in-english/,Intermediate,Intermediate,"expressions, vocabulary"
1274,Learn English Grammar: How long does it take?,grammar,https://www.engvid.com/learn-english-grammar-how-long-does-it-take/,Beginner,Beginner,grammar
1275,"10 Phrasal Verbs with CALL: call for, call up, call in, call upon…",expressions vocabulary,https://www.engvid.com/10-phrasal-verbs-with-call/,Beginner,Beginner,"expressions, vocabulary"
1276,"Learn about British money, new and old!",culture & tips vocabulary,https://www.engvid.com/learn-about-british-money-new-and-old/,Intermediate,Intermediate,"culture & tips, vocabulary"
1277,What does your sleep position say about you?,culture & tips vocabulary,https://www.engvid.com/what-does-your-sleep-position-say-about-you/,"Intermediate, Advanced",Advanced,"culture & tips, vocabulary"
1278,What is an oxymoron? Definition and 20 fun examples!,expressions,https://www.engvid.com/what-is-an-oxymoron/,Intermediate,Intermediate,expressions
1279,"Silent Letters: When NOT to pronounce B, D, and L in English",pronunciation,https://www.engvid.com/silent-letters-when-not-to-pronounce-b-d-and-l-in-english/,Intermediate,Intermediate,pronunciation
1280,"Vocabulary of Drinking: The most common nouns, verbs, and adjectives",vocabulary,https://www.engvid.com/vocabulary-of-drinking-the-most-common-nouns-verbs-and-adjectives/,"Intermediate, Advanced",Advanced,vocabulary
1281,Beyond “Walk” and “Run”: 8 verbs to talk about movement,vocabulary,https://www.engvid.com/8-verbs-to-talk-about-movement/,"Intermediate, Advanced",Advanced,vocabulary
1282,"6 Body Idioms in English: get cold feet, play by ear…",expressions,https://www.engvid.com/6-body-idioms-in-english/,Intermediate,Intermediate,expressions
1283,Confusing Words in English: LISTEN or HEAR?,expressions vocabulary,https://www.engvid.com/confusing-words-in-english-listen-or-hear/,Beginner,Beginner,"expressions, vocabulary"
1284,How to give the BEST PowerPoint presentation!,culture & tips,https://www.engvid.com/how-to-give-the-best-powerpoint-presentation/,"Beginner, Intermediate, Advanced",Advanced,culture & tips
1285,Fix these basic English pronunciation mistakes!,pronunciation,https://www.engvid.com/fix-these-basic-english-pronunciation-mistakes/,Beginner,Beginner,pronunciation
1286,Do you hate speaking English around NATIVE SPEAKERS?,culture & tips speaking,https://www.engvid.com/do-you-hate-speaking-english-around-native-speakers/,"Beginner, Intermediate, Advanced",Advanced,"culture & tips, speaking"
1287,IELTS Writing: Numbers and Pie Charts,IELTS,https://www.engvid.com/ielts-writing-numbers-and-pie-charts/,"Intermediate, Advanced",Advanced,ielts
1288,How to have a conversation about RELIGION in English,culture & tips vocabulary,https://www.engvid.com/how-to-have-a-conversation-about-religion-in-english/,"Intermediate, Advanced",Advanced,"culture & tips, vocabulary"
1289,Can you find these 10 common English mistakes?,grammar,https://www.engvid.com/can-you-find-these-10-common-english-mistakes/,Beginner,Beginner,grammar
1290,Speak like a NATIVE SPEAKER by using sentence stress in English (with examples!),pronunciation speaking,https://www.engvid.com/speak-like-a-native-speaker-by-using-sentence-stress-in-english-with-examples/,Advanced,Advanced,"pronunciation, speaking"
1291,Advanced English Grammar: Noun Clauses,grammar writing,https://www.engvid.com/advanced-english-grammar-noun-clauses/,Advanced,Advanced,"grammar, writing"
1292,Improve Your Vocabulary: 23 words for talking about feeling good or bad,expressions vocabulary,https://www.engvid.com/improve-your-vocabulary-23-words-for-talking-about-feeling-good-or-bad/,"Intermediate, Advanced",Advanced,"expressions, vocabulary"
1293,Vocabulary & Expressions for POKER and other card games,expressions vocabulary,https://www.engvid.com/vocabulary-expressions-for-poker-and-other-card-games/,Beginner,Beginner,"expressions, vocabulary"
1294,English Vocabulary: 10 adjectives invented by Shakespeare,vocabulary,https://www.engvid.com/english-vocabulary-10-adjectives-invented-by-shakespeare/,Advanced,Advanced,vocabulary
1295,Fix Your English Grammar Mistakes: Talking about People,grammar speaking,https://www.engvid.com/fix-your-english-grammar-mistakes-talking-about-people/,Intermediate,Intermediate,"grammar, speaking"
1296,11 PHRASAL VERBS for talking about MONEY in English,expressions slang vocabulary,https://www.engvid.com/11-phrasal-verbs-for-talking-about-money-in-english/,Intermediate,Intermediate,"expressions, slang, vocabulary"
1297,Learn English for Call Centers and Customer Service Jobs,business english culture & tips speaking,https://www.engvid.com/learn-english-for-call-centers-and-customer-service-jobs/,Intermediate,Intermediate,"business english, culture & tips, speaking"
1298,"Learn “Set” Vocabulary, Idioms, and Phrasal Verbs!",expressions vocabulary,https://www.engvid.com/learn-set-vocabulary-idioms-and-phrasal-verbs/,"Intermediate, Advanced",Advanced,"expressions, vocabulary"
1299,Fix these 3 common pronunciation mistakes in English!,pronunciation vocabulary,https://www.engvid.com/fix-these-3-common-pronunciation-mistakes-in-english/,"Intermediate, Advanced",Advanced,"pronunciation, vocabulary"
1300,Irregular Verbs in English – Group 3,grammar,https://www.engvid.com/irregular-verbs-in-english-group-3/,"Intermediate, Advanced",Advanced,grammar
1301,Learn English with 5 Stupid Jokes!,culture & tips slang vocabulary,https://www.engvid.com/learn-english-with-5-stupid-jokes/,Intermediate,Intermediate,"culture & tips, slang, vocabulary"
1302,"How to Ask Questions: HOW LONG, HOW MUCH…",grammar,https://www.engvid.com/how-to-ask-questions-how-long-how-much/,Beginner,Beginner,grammar
1303,2 fun new ways to learn English vocabulary,culture & tips vocabulary,https://www.engvid.com/2-fun-new-ways-to-learn-english-vocabulary/,"Beginner, Intermediate",Intermediate,"culture & tips, vocabulary"
1304,Learn English: “because” or “because of”?,grammar,https://www.engvid.com/learn-english-because-or-because-of/,Intermediate,Intermediate,grammar
1305,"Phrasal Verbs with CARRY: “carry out”, “carry away”, “carry on”…",expressions vocabulary,https://www.engvid.com/phrasal-verbs-with-carry/,Intermediate,Intermediate,"expressions, vocabulary"
1306,"Learn English: Using AT, IN THE, AGO, and more words to talk about time",grammar vocabulary,https://www.engvid.com/learn-english-using-at-in-the-ago-and-more-words-to-talk-about-time/,Beginner,Beginner,"grammar, vocabulary"
1307,Irregular Verbs in English – Groups 1 & 2,grammar,https://www.engvid.com/irregular-verbs-in-english-groups-1-2/,"Intermediate, Advanced",Advanced,grammar
1308,3 Grammar Rules for REPORTED SPEECH,grammar,https://www.engvid.com/3-grammar-rules-for-reported-speech/,Intermediate,Intermediate,grammar
1309,LISTENING & UNDERSTANDING in 3 Easy Steps,comprehension expressions,https://www.engvid.com/listening-understanding-in-3-easy-steps/,Beginner,Beginner,"comprehension, expressions"
1310,Vocabulary for EATING and DRINKING,expressions vocabulary,https://www.engvid.com/vocabulary-for-eating-and-drinking/,Beginner,Beginner,"expressions, vocabulary"
1311,Grammar: Using THE with common and abstract nouns,grammar,https://www.engvid.com/grammar-the-common-abstract-nouns/,Intermediate,Intermediate,grammar
1312,IELTS & TOEFL Writing: 5 Common Mistakes,IELTS TOEFL writing,https://www.engvid.com/ielts-toefl-writing-5-common-mistakes/,Advanced,Advanced,"ielts, writing"
1313,8 Expressions using BITE in English,expressions,https://www.engvid.com/8-expressions-using-bite-in-english/,"Beginner, Intermediate",Intermediate,expressions
1314,Practice your English by speaking with KIDS!,culture & tips speaking,https://www.engvid.com/practice-your-english-by-speaking-with-kids/,"Beginner, Intermediate, Advanced",Advanced,"culture & tips, speaking"
1315,English Expressions with ‘HAVE’,expressions grammar,https://www.engvid.com/english-expressions-with-have/,Beginner,Beginner,"expressions, grammar"
1316,Effective expressions to express your personality,culture & tips expressions,https://www.engvid.com/expressions-idioms-that-express-your-personality/,Advanced,Advanced,"culture & tips, expressions"
1317,English Vocabulary & Expressions with HOUSE and HOME,expressions vocabulary,https://www.engvid.com/english-vocabulary-expressions-house-home/,Beginner,Beginner,"expressions, vocabulary"
1318,"English Grammar: The Prepositions ON, AT, IN, BY",grammar,https://www.engvid.com/english-grammar-the-prepositions-on-at-in-by/,Beginner,Beginner,grammar
1319,Do you know these 8 idioms with ‘TAKE’?,expressions,https://www.engvid.com/8-idioms-with-take/,Intermediate,Intermediate,expressions
1320,Learn English Grammar: The First Conditional,grammar,https://www.engvid.com/learn-english-grammar-the-first-conditional/,Intermediate,Intermediate,grammar
1321,English Vocabulary: Having a BABY,expressions vocabulary,https://www.engvid.com/english-vocabulary-having-a-baby/,"Beginner, Intermediate",Intermediate,"expressions, vocabulary"
1322,"Learn British accents and dialects – Cockney, RP, Northern, and more!",culture & tips pronunciation,https://www.engvid.com/learn-british-accents-and-dialects-cockney-rp-northern-and-more/,Advanced,Advanced,"culture & tips, pronunciation"
1323,"Phrasal Verbs & Expressions with OVER: “take over”, “overplayed”, “over it”…",expressions vocabulary,https://www.engvid.com/phrasal-verbs-expressions-with-over/,Beginner,Beginner,"expressions, vocabulary"
1324,English Vocabulary: Talking about WORK,expressions vocabulary,https://www.engvid.com/english-vocabulary-talking-about-work/,Beginner,Beginner,"expressions, vocabulary"
1325,English Grammar: How to use “to” before an “-ing” verb,grammar,https://www.engvid.com/english-grammar-how-to-use-to-before-an-ing-verb/,Advanced,Advanced,grammar
1326,8 Cultural Differences between Native Speakers and English Learners,business english culture & tips speaking,https://www.engvid.com/8-cultural-differences-between-native-speakers-and-english-learners/,"Beginner, Intermediate, Advanced",Advanced,"business english, culture & tips, speaking"
1327,How to get people to say YES!,business english culture & tips speaking,https://www.engvid.com/how-to-get-people-to-say-yes/,Advanced,Advanced,"business english, culture & tips, speaking"
1328,The Secret to Getting People to Say YES!,English resource culture & tips expressions,https://www.engvid.com/english-resource/getting-people-to-say-yes/,Advanced,Advanced,"culture & tips, english resource, expressions"
1329,Mixed Verb Tenses in English: Conditionals and IF clauses,grammar,https://www.engvid.com/mixed-verb-tenses-in-english-conditionals-and-if-clauses/,Advanced,Advanced,grammar
1330,Discover the History of English,culture & tips vocabulary,https://www.engvid.com/discover-the-history-of-english/,Advanced,Advanced,"culture & tips, vocabulary"
1331,Basic English Vocabulary: COLORS,,https://www.engvid.com/basic-english-vocabulary-colors/,Beginner,Beginner,
1332,Basic English Lesson: How to Talk about Yourself,grammar speaking,https://www.engvid.com/basic-english-lesson-how-to-talk-about-yourself/,Beginner,Beginner,"grammar, speaking"
1333,How to write a perfect IELTS essay conclusion,IELTS writing,https://www.engvid.com/how-to-write-a-perfect-ielts-essay-conclusion/,Advanced,Advanced,"ielts, writing"
1334,IELTS & TOEFL Vocabulary: Talking about Food,expressions IELTS TOEFL vocabulary,https://www.engvid.com/ielts-toefl-vocabulary-talking-about-food/,Intermediate,Intermediate,"expressions, ielts, vocabulary"
1335,3 Quick and Easy Tips to Improve your English,comprehension culture & tips speaking,https://www.engvid.com/3-quick-and-easy-tips-to-improve-your-english/,"Beginner, Intermediate, Advanced",Advanced,"comprehension, culture & tips, speaking"
1336,English Vocabulary: Verbs for things you do every day!,vocabulary,https://www.engvid.com/english-vocabulary-verbs-for-things-you-do-every-day/,Beginner,Beginner,vocabulary
1337,"Phrasal Verbs with SET: set up, set in, set to…",expressions vocabulary,https://www.engvid.com/phrasal-verbs-with-set/,Intermediate,Intermediate,"expressions, vocabulary"
1338,How to use the word THINK in English,expressions vocabulary,https://www.engvid.com/how-to-use-the-word-think-in-english/,Intermediate,Intermediate,"expressions, vocabulary"
1339,"11 PIG expressions in English: pig out, pig tails, piggy back…",expressions vocabulary,https://www.engvid.com/11-pig-expressions-in-english/,Beginner,Beginner,"expressions, vocabulary"
1340,5 ways to use the PRESENT CONTINUOUS verb tense in English,grammar,https://www.engvid.com/5-ways-to-use-the-present-continuous-verb-tense-in-english/,Intermediate,Intermediate,grammar
1341,English Conversation: The Meaning of Hand Gestures,culture & tips speaking,https://www.engvid.com/english-conversation-the-meaning-of-hand-gestures/,"Beginner, Intermediate, Advanced",Advanced,"culture & tips, speaking"
1342,Travel English: Getting sick and buying medicine,culture & tips expressions vocabulary,https://www.engvid.com/travel-english-getting-sick-and-buying-medicine/,Intermediate,Intermediate,"culture & tips, expressions, vocabulary"
1343,How to ask questions in the PAST SIMPLE tense,grammar,https://www.engvid.com/how-to-ask-questions-in-the-past-simple-tense/,"Beginner, Intermediate",Intermediate,grammar
1344,Real English: Talking about worries,expressions,https://www.engvid.com/real-english-talking-about-worries/,"Beginner, Intermediate",Intermediate,expressions
1345,10 ways to use the word WAY in English,expressions,https://www.engvid.com/10-ways-to-use-the-word-way-in-english/,Intermediate,Intermediate,expressions
1346,"Basic English – How and when to use LOOK, SEE, and WATCH",grammar,https://www.engvid.com/basic-english-how-and-when-to-use-look-see-and-watch/,Intermediate,Intermediate,grammar
1347,How to talk about skin color in English,culture & tips vocabulary,https://www.engvid.com/how-to-talk-about-skin-color-in-english/,"Beginner, Intermediate, Advanced",Advanced,"culture & tips, vocabulary"
1348,Grammar: Using DO and DID to make a strong point in English,grammar,https://www.engvid.com/grammar-using-do-and-did-to-make-a-strong-point-in-english/,Advanced,Advanced,grammar
1349,Can you learn a language just by listening?,culture & tips,https://www.engvid.com/can-you-learn-a-language-just-by-listening/,"Beginner, Intermediate, Advanced",Advanced,culture & tips
1350,The Many Meanings of “LOAD” in English,expressions slang vocabulary,https://www.engvid.com/the-many-meanings-of-load-in-english/,Intermediate,Intermediate,"expressions, slang, vocabulary"
1351,"Confusing English: LIE or LAY? RAISE, RISE, or ARISE?",grammar vocabulary,https://www.engvid.com/confusing-english-lie-lay-raise-rise-arise/,Advanced,Advanced,"grammar, vocabulary"
1352,How to write a letter: Find the Mistakes!,IELTS writing,https://www.engvid.com/how-to-write-a-letter-find-the-mistakes/,Intermediate,Intermediate,"ielts, writing"
1353,How to give a strong presentation: tips & key phrases,business english expressions vocabulary,https://www.engvid.com/how-to-give-a-strong-presentation-tips-key-phrases/,"Intermediate, Advanced",Advanced,"business english, expressions, vocabulary"
1354,Learn English: How to understand native speakers,comprehension pronunciation,https://www.engvid.com/learn-english-how-to-understand-native-speakers/,"Intermediate, Advanced",Advanced,"comprehension, pronunciation"
1355,Using SIMILES to improve your everyday English,expressions,https://www.engvid.com/using-similes-to-improve-your-everyday-english/,Intermediate,Intermediate,expressions
1356,Animals and the sounds they make!,pronunciation vocabulary,https://www.engvid.com/animals-and-the-sounds-they-make/,Beginner,Beginner,"pronunciation, vocabulary"
1357,English Vocabulary: Talking about HIGHWAY DRIVING,expressions vocabulary,https://www.engvid.com/english-vocabulary-highway-driving/,Beginner,Beginner,"expressions, vocabulary"
1358,Describing people in English: BE or BEING?,grammar,https://www.engvid.com/describing-people-in-english-be-or-being/,Intermediate,Intermediate,grammar
1359,What is First Person? Second? Third?,grammar,https://www.engvid.com/what-is-first-person-second-third/,Beginner,Beginner,grammar
1360,Talking about “having something done” in English,grammar,https://www.engvid.com/talking-about-having-something-done-in-english/,"Intermediate, Advanced",Advanced,grammar
1361,English Idioms: Fruits and Vegetables!,expressions,https://www.engvid.com/english-idioms-fruits-and-vegetables/,Beginner,Beginner,expressions
1362,"The 4 English Sentence Types – simple, compound, complex, compound-complex",grammar writing,https://www.engvid.com/the-4-english-sentence-types-simple-compound-complex-compound-complex/,Advanced,Advanced,"grammar, writing"
1363,Using metaphors to speak English more fluently,expressions,https://www.engvid.com/using-metaphors-to-speak-english-more-fluently/,Advanced,Advanced,expressions
1364,Polite English: What NOT to say to people!,culture & tips,https://www.engvid.com/polite-english-what-not-to-say-to-people/,"Beginner, Intermediate, Advanced",Advanced,culture & tips
1365,WH Questions in English: The most common WHERE Questions,speaking,https://www.engvid.com/wh-questions-in-english-the-most-common-where-questions/,Beginner,Beginner,speaking
1366,Business meeting & conference SMALL TALK – How to avoid that awkward moment!,business english culture & tips speaking,https://www.engvid.com/business-meeting-conference-small-talk/,Intermediate,Intermediate,"business english, culture & tips, speaking"
1367,IELTS & TOEFL Listening Practice: Academic Vocabulary,IELTS TOEFL,https://www.engvid.com/ielts-toefl-listening-practice-academic-vocabulary/,Intermediate,Intermediate,ielts
1368,Real English: What you need to know if you’re going to court,culture & tips expressions vocabulary,https://www.engvid.com/real-english-what-you-need-to-know-if-youre-going-to-court/,Advanced,Advanced,"culture & tips, expressions, vocabulary"
1369,English Vocabulary: Crime & Criminals,vocabulary,https://www.engvid.com/english-vocabulary-crime-criminals/,Intermediate,Intermediate,vocabulary
1370,Vocabulary: Crime & Criminals,English resource vocabulary,https://www.engvid.com/english-resource/vocabulary-crime-criminals/,Advanced,Advanced,"english resource, vocabulary"
1371,"Phrasal Verbs with PASS: pass up, pass away, pass out…",expressions vocabulary,https://www.engvid.com/phrasal-verbs-pass/,Intermediate,Intermediate,"expressions, vocabulary"
1372,Change word meanings with SYLLABLE STRESS,comprehension vocabulary,https://www.engvid.com/change-word-meanings-with-syllable-stress/,Advanced,Advanced,"comprehension, vocabulary"
1373,"Change the stress, change the meaning: 35 words that change meaning",English resource grammar,https://www.engvid.com/english-resource/35-words-stress-changes-meaning/,Advanced,Advanced,"english resource, grammar"
1374,English Vocabulary: What’s on your bucket list?,slang vocabulary,https://www.engvid.com/english-vocabulary-bucket-list/,Beginner,Beginner,"slang, vocabulary"
1375,Learn English with the Pac-Man Method!,culture & tips,https://www.engvid.com/learn-english-with-the-pac-man-method/,"Beginner, Intermediate, Advanced",Advanced,culture & tips
1376,"LOL!! Learn English vocabulary about JOKES: hilarious, dirty joke, LMAO…",expressions slang vocabulary,https://www.engvid.com/lol-learn-english-vocabulary-about-jokes-hilarious-dirty-joke-lmao/,Intermediate,Intermediate,"expressions, slang, vocabulary"
1377,Real English: How to talk to the POLICE,culture & tips expressions vocabulary,https://www.engvid.com/real-english-how-to-talk-to-the-police/,Intermediate,Intermediate,"culture & tips, expressions, vocabulary"
1378,"Do you know these business abbreviations? CEO, Inc., Ltd., HR…",business english vocabulary,https://www.engvid.com/business-abbreviations/,Intermediate,Intermediate,"business english, vocabulary"
1379,Learn English with STAR WARS!,comprehension culture & tips vocabulary,https://www.engvid.com/learn-english-with-star-wars/,Intermediate,Intermediate,"comprehension, culture & tips, vocabulary"
1380,English Vocabulary: How to talk about the economy,business english vocabulary,https://www.engvid.com/english-vocabulary-how-to-talk-about-the-economy/,Advanced,Advanced,"business english, vocabulary"
1381,"British measurements: pints, feet, Celsius, and more!",culture & tips,https://www.engvid.com/british-measurements-pints-feet-celsius-and-more/,Advanced,Advanced,culture & tips
1382,English Slang: fresh from the bakery!,slang,https://www.engvid.com/english-slang-fresh-from-the-bakery/,Intermediate,Intermediate,slang
1383,English for Beginners: Keep in touch!,expressions,https://www.engvid.com/english-for-beginners-keep-in-touch/,Beginner,Beginner,expressions
1384,How to tell a story like a native English speaker,culture & tips expressions speaking,https://www.engvid.com/how-to-tell-a-story-like-a-native-english-speaker/,Advanced,Advanced,"culture & tips, expressions, speaking"
1385,Learn English Tenses: 4 ways to talk about the FUTURE,grammar,https://www.engvid.com/learn-english-tenses-4-ways-to-talk-about-the-future/,Intermediate,Intermediate,grammar
1386,"Easy English Lesson: turn on, turn off, turn up, turn down",grammar vocabulary,https://www.engvid.com/easy-english-lesson-turn-on-turn-off-turn-up-turn-down/,Beginner,Beginner,"grammar, vocabulary"
1387,English Grammar: Using PRESENT PERFECT Tense with ‘NEVER’,grammar,https://www.engvid.com/english-grammar-present-perfect-tense-never/,Advanced,Advanced,grammar
1388,TOEFL Writing – Task 1,TOEFL,https://www.engvid.com/toefl-writing-task-1/,Advanced,Advanced,
1389,Interjections! Yay! Hmm? What are they?,culture & tips expressions vocabulary,https://www.engvid.com/interjections-what-are-they/,"Intermediate, Advanced",Advanced,"culture & tips, expressions, vocabulary"
1390,Turn NOUNS & VERBS into ADJECTIVES,grammar,https://www.engvid.com/turn-nouns-verbs-into-adjectives/,Intermediate,Intermediate,grammar
1391,Learn English with THE HUNGER GAMES!,comprehension culture & tips vocabulary,https://www.engvid.com/learn-english-with-the-hunger-games/,Intermediate,Intermediate,"comprehension, culture & tips, vocabulary"
1392,Learn English: The 20-Minute Method,culture & tips,https://www.engvid.com/learn-english-the-20-minute-method/,"Beginner, Intermediate, Advanced",Advanced,culture & tips
1393,Speak English Naturally: Silent Syllables,pronunciation,https://www.engvid.com/speak-english-naturally-silent-syllables/,Advanced,Advanced,pronunciation
1394,How to learn English with YouTube!,culture & tips,https://www.engvid.com/how-to-learn-english-with-youtube/,"Beginner, Intermediate, Advanced",Advanced,culture & tips
1395,Do you know these DAY & NIGHT idioms in English?,expressions,https://www.engvid.com/day-night-idioms-english/,Intermediate,Intermediate,expressions
1396,Differences between American & British spelling,culture & tips writing,https://www.engvid.com/differences-between-american-british-spelling/,Advanced,Advanced,"culture & tips, writing"
1397,Improve Your English Vocabulary: 6 ways to say ‘WANT’,expressions slang vocabulary,https://www.engvid.com/improve-your-english-vocabulary-6-ways-to-say-want/,"Beginner, Intermediate",Intermediate,"expressions, slang, vocabulary"
1398,Learn English with a poem!,culture & tips vocabulary,https://www.engvid.com/learn-english-with-a-poem/,"Intermediate, Advanced",Advanced,"culture & tips, vocabulary"
1399,How to talk about DREAMS in English,vocabulary,https://www.engvid.com/how-to-talk-about-dreams-in-english/,"Beginner, Intermediate",Intermediate,vocabulary
1400,Learn EATING Vocabulary in English,vocabulary,https://www.engvid.com/learn-eating-vocabulary-in-english/,Beginner,Beginner,vocabulary
1401,What to say at your job interview,business english culture & tips expressions,https://www.engvid.com/what-to-say-at-your-job-interview/,Advanced,Advanced,"business english, culture & tips, expressions"
1402,14 English expressions about SLEEP,expressions,https://www.engvid.com/14-english-expressions-about-sleep/,Intermediate,Intermediate,expressions
1403,100+ Basic Business Questions & Answers,English resource business english,https://www.engvid.com/english-resource/100-basic-business-questions-answers/,,Unspecified,"business english, english resource"
1404,Talking about your profession in English: 3 easy ways & 3 advanced ways,business english speaking,https://www.engvid.com/talking-about-your-profession-in-english/,"Beginner, Intermediate",Intermediate,"business english, speaking"
1405,Phone English – Leaving VOICEMAIL,expressions speaking,https://www.engvid.com/phone-english-leaving-voicemail/,Advanced,Advanced,"expressions, speaking"
1406,Advanced English Grammar: Dependent Clauses,grammar writing,https://www.engvid.com/advanced-english-grammar-dependent-clauses/,Advanced,Advanced,"grammar, writing"
1407,English Vocabulary: Many ways to use the word ‘BACK’,expressions vocabulary,https://www.engvid.com/english-vocabulary-back/,Beginner,Beginner,"expressions, vocabulary"
1408,Sex Slang: Paying for it!,slang vocabulary,https://www.engvid.com/sex-slang-paying-for-it/,Intermediate,Intermediate,"slang, vocabulary"
1409,English Expressions: 5 Popular English Proverbs,expressions,https://www.engvid.com/english-expressions-5-popular-english-proverbs/,Intermediate,Intermediate,expressions
1410,University English: Expressions and Vocabulary,expressions speaking vocabulary,https://www.engvid.com/university-english-expressions-vocabulary/,Intermediate,Intermediate,"expressions, speaking, vocabulary"
1411,"Writing Skills: When to use commas with FOR, AND, BUT, OR, YET, SO, NOR",grammar writing,https://www.engvid.com/writing-skills-commas-conjunctions/,Advanced,Advanced,"grammar, writing"
1412,Improve your Vocabulary – English verbs ending with ‘en’,English resource culture & tips vocabulary,https://www.engvid.com/english-resource/vocabulary-hack-verbs-ending-with-en/,Intermediate,Intermediate,"culture & tips, english resource, vocabulary"
1413,Vocabulary Hack: Learn 30+ Verbs in 10 minutes!,culture & tips vocabulary,https://www.engvid.com/vocabulary-hack-learn-30-verbs-in-10-minutes/,"Intermediate, Advanced",Advanced,"culture & tips, vocabulary"
1414,Social English Vocabulary & Expressions,culture & tips expressions slang,https://www.engvid.com/social-english-vocabulary-expressions/,Intermediate,Intermediate,"culture & tips, expressions, slang"
1415,"Confusing Words – affect & effect, compliment & complement, and more!",vocabulary,https://www.engvid.com/confusing-words-affect-effect-compliment-complement-and-more/,Advanced,Advanced,vocabulary
1416,Speaking English – How to talk about STRESS,expressions speaking vocabulary,https://www.engvid.com/speaking-english-stress/,Intermediate,Intermediate,"expressions, speaking, vocabulary"
1417,Learn CONTINUOUS TENSES in English the EASY way!,grammar,https://www.engvid.com/learn-continuous-tenses-in-english-the-easy-way/,Beginner,Beginner,grammar
1418,English Vocabulary: Talking about AUTUMN,vocabulary,https://www.engvid.com/english-vocabulary-autumn/,Beginner,Beginner,vocabulary
1419,IELTS Listening – How to get a high score,IELTS,https://www.engvid.com/ielts-listening-how-to-get-a-high-score/,Advanced,Advanced,ielts
1420,Sound like a Native English Speaker: Tapping,pronunciation,https://www.engvid.com/sound-like-a-native-english-speaker-tapping/,Advanced,Advanced,pronunciation
1421,"Speaking English – How to talk about borrowing, lending, and property",expressions vocabulary,https://www.engvid.com/speaking-english-borrowing-lending-property/,Intermediate,Intermediate,"expressions, vocabulary"
1422,When NOT to use prepositions in English!,grammar,https://www.engvid.com/when-not-to-use-prepositions-in-english/,Intermediate,Intermediate,grammar
1423,Learn English with a bad newspaper!,expressions slang,https://www.engvid.com/learn-english-tabloids/,Intermediate,Intermediate,"expressions, slang"
1424,"Phrasal Verbs with BACK: “back up”, “back off”, “back out”…",expressions vocabulary,https://www.engvid.com/phrasal-verbs-back/,Beginner,Beginner,"expressions, vocabulary"
1425,"How and when to use DO, DOES, and DID",grammar,https://www.engvid.com/do-does-did/,Beginner,Beginner,grammar
1426,Improve your English the CRAZY way!!!,culture & tips,https://www.engvid.com/improve-your-english-the-crazy-way/,"Beginner, Intermediate, Advanced",Advanced,culture & tips
1427,English Grammar: Should you use DO or BE?,grammar,https://www.engvid.com/english-grammar-do-or-be/,Beginner,Beginner,grammar
1428,Learn English Vocabulary: The people you will meet at UNIVERSITY,culture & tips IELTS TOEFL vocabulary,https://www.engvid.com/english-vocabulary-people-at-university/,Beginner,Beginner,"culture & tips, ielts, vocabulary"
1429,Speaking English – How to give criticism and compliments,expressions vocabulary,https://www.engvid.com/speaking-english-criticism-compliments/,Advanced,Advanced,"expressions, vocabulary"
1430,8 Common Grammar Mistakes in English,grammar,https://www.engvid.com/8-common-grammar-mistakes-in-english/,"Intermediate, Advanced",Advanced,grammar
1431,How to use “If I had…” in English,grammar,https://www.engvid.com/english-grammar-if-i-had/,Intermediate,Intermediate,grammar
1432,IELTS VOCABULARY – Task 1,IELTS vocabulary,https://www.engvid.com/ielts-vocabulary-task-1/,Advanced,Advanced,"ielts, vocabulary"
1433,Polite English: How to ask people to repeat themselves,expressions vocabulary,https://www.engvid.com/polite-english-how-to-ask-people-to-repeat-themselves/,Beginner,Beginner,"expressions, vocabulary"
1434,REDHEADS: Discover the world of GINGERS,culture & tips slang vocabulary,https://www.engvid.com/redheads-gingers-vocabulary/,Intermediate,Intermediate,"culture & tips, slang, vocabulary"
1435,English Vocabulary: Talking about SPORTS!,vocabulary,https://www.engvid.com/english-vocabulary-sports/,Beginner,Beginner,vocabulary
1436,Job Skills: Prepare your English CV for a job in the UK,business english culture & tips,https://www.engvid.com/job-skills-uk-cv/,Intermediate,Intermediate,"business english, culture & tips"
1437,CONCLUSIONS – How to finish speaking in English,expressions speaking vocabulary,https://www.engvid.com/conclusions-how-to-finish-speaking-in-english/,Intermediate,Intermediate,"expressions, speaking, vocabulary"
1438,3 Commonly Confused WORD PAIRS in English,vocabulary,https://www.engvid.com/3-commonly-confused-word-pairs/,Intermediate,Intermediate,vocabulary
1439,Spelling of Plural Nouns in English,English resource writing,https://www.engvid.com/english-resource/spelling-of-plural-nouns-in-english/,,Unspecified,"english resource, writing"
1440,How to spell plural nouns easily,grammar,https://www.engvid.com/spelling-plural-nouns/,Intermediate,Intermediate,grammar
1441,Learn 30 adjectives in English to describe your personality,vocabulary,https://www.engvid.com/30-personality-adjectives/,Beginner,Beginner,vocabulary
1442,Grammar: How to use IF & WHETHER properly,grammar,https://www.engvid.com/grammar-if-whether/,Advanced,Advanced,grammar
1443,10 ways to use the verb ‘KEEP’ in English,expressions vocabulary,https://www.engvid.com/10-ways-to-use-verb-keep/,"Beginner, Intermediate",Intermediate,"expressions, vocabulary"
1444,Learn English – Dressing up WRONG!,expressions,https://www.engvid.com/expressions-for-wardrobe-malfunctions/,Beginner,Beginner,expressions
1445,50 Common Proverbs in English,English resource expressions,https://www.engvid.com/english-resource/50-common-proverbs-sayings/,,Unspecified,"english resource, expressions"
1446,5 common sayings in English,expressions,https://www.engvid.com/5-common-sayings-in-english/,"Beginner, Intermediate",Intermediate,expressions
1447,"How to express opposing ideas in English: despite, although, nevertheless, in spite of…",grammar vocabulary writing,https://www.engvid.com/how-to-express-opposing-ideas-in-english/,Advanced,Advanced,"grammar, vocabulary, writing"
1448,Learn Vocabulary: English words that come from other languages,vocabulary,https://www.engvid.com/learn-vocabulary-english-words-from-other-languages/,Beginner,Beginner,vocabulary
1449,English Grammar: “supposed to” & “going to”,grammar,https://www.engvid.com/english-grammar-supposed-to-going-to/,Intermediate,Intermediate,grammar
1450,Conversation Skills – Understand PHONE conversations in English,business english expressions speaking,https://www.engvid.com/conversation-skills-understand-phone-conversations-in-english/,Intermediate,Intermediate,"business english, expressions, speaking"
1451,Business English Vocabulary: The Stock Market,business english expressions vocabulary,https://www.engvid.com/business-english-vocabulary-stock-market/,"Intermediate, Advanced",Advanced,"business english, expressions, vocabulary"
1452,The Influence of Shakespeare on everyday English,culture & tips expressions,https://www.engvid.com/shakespeare-everyday-english/,Advanced,Advanced,"culture & tips, expressions"
1453,"Learn to use reported speech: HE SAID, SHE SAID",grammar,https://www.engvid.com/reported-speech-he-said-she-said/,Intermediate,Intermediate,grammar
1454,Talking about CLOTHES in English: Vocabulary about SHIRTS,vocabulary,https://www.engvid.com/english-vocabulary-shirts/,Beginner,Beginner,vocabulary
1455,Go from BORING to INTERESTING with English rhythm,culture & tips pronunciation vocabulary,https://www.engvid.com/english-rhythm/,Advanced,Advanced,"culture & tips, pronunciation, vocabulary"
1456,Phrasal Verbs and Expressions about FOOD,expressions vocabulary,https://www.engvid.com/phrasal-verbs-expressions-food/,"Beginner, Intermediate",Intermediate,"expressions, vocabulary"
1457,The difference between THIS and THAT,grammar,https://www.engvid.com/learn-english-difference-this-that/,Intermediate,Intermediate,grammar
1458,8 Idioms with “HAVE” in English,expressions,https://www.engvid.com/8-idioms-have-english/,Intermediate,Intermediate,expressions
1459,Learn English Punctuation: How to use hyphens with compound adjectives,grammar writing,https://www.engvid.com/learn-english-punctuation-hyphens-compound-adjectives/,Advanced,Advanced,"grammar, writing"
1460,6 ways to talk about a missed situation: “I was going to”,expressions grammar speaking,https://www.engvid.com/missed-situation-i-was-going-to/,Intermediate,Intermediate,"expressions, grammar, speaking"
1461,English Vocabulary: In the GARDEN,vocabulary,https://www.engvid.com/english-vocabulary-in-the-garden/,Beginner,Beginner,vocabulary
1462,English Vocabulary: Talking about broken ♥ hearts 💔,expressions vocabulary,https://www.engvid.com/english-vocabulary-broken-hearts/,Intermediate,Intermediate,"expressions, vocabulary"
1463,"Speak English Naturally with WOULD contractions: I’D, YOU’D, HE’D…",grammar pronunciation,https://www.engvid.com/speak-english-would-contractions/,Beginner,Beginner,"grammar, pronunciation"
1464,Idioms and expressions in English with “SUIT”,expressions vocabulary,https://www.engvid.com/english-idioms-expressions-suit/,Intermediate,Intermediate,"expressions, vocabulary"
1465,Common English Grammar Errors with Plurals,grammar,https://www.engvid.com/common-english-grammar-errors-with-plurals/,Intermediate,Intermediate,grammar
1466,Real English: KITCHEN and COOKING Vocabulary,culture & tips vocabulary,https://www.engvid.com/real-english-kitchen-cooking-vocabulary/,Beginner,Beginner,"culture & tips, vocabulary"
1467,English Vocabulary for EXERCISING at the GYM,expressions vocabulary,https://www.engvid.com/english-vocabulary-exercise-gym/,Beginner,Beginner,"expressions, vocabulary"
1468,How to pronounce J & Y in English,pronunciation,https://www.engvid.com/how-to-pronounce-j-y-in-english/,"Beginner, Intermediate",Intermediate,pronunciation
1469,Grammar: 6 ways to use WILL,grammar speaking,https://www.engvid.com/grammar-6-ways-to-use-will/,Intermediate,Intermediate,"grammar, speaking"
1470,Grammar: How to use TO with transitive verbs,grammar,https://www.engvid.com/grammar-to-transitive-verbs/,Advanced,Advanced,grammar
1471,Learn English: 8 TEST & EXAM Expressions,expressions vocabulary,https://www.engvid.com/learn-english-8-test-exam-expressions/,Beginner,Beginner,"expressions, vocabulary"
1472,WEDDING & MARRIAGE Vocabulary in English,vocabulary,https://www.engvid.com/wedding-marriage-vocabulary/,Beginner,Beginner,vocabulary
1473,Advanced Vocabulary of CAUSE & EFFECT,expressions vocabulary,https://www.engvid.com/advanced-vocabulary-cause-effect/,Advanced,Advanced,"expressions, vocabulary"
1474,IELTS – 3 Reading Strategies,IELTS,https://www.engvid.com/ielts-3-reading-strategies/,Advanced,Advanced,ielts
1475,12 expressions with COLOURS in English,expressions vocabulary,https://www.engvid.com/12-expressions-with-colours-in-english/,Intermediate,Intermediate,"expressions, vocabulary"
1476,Learn the FUTURE PROGRESSIVE TENSE in English,grammar,https://www.engvid.com/future-progressive-tense/,Intermediate,Intermediate,grammar
1477,English Vocabulary: Talking about BUGS and INSECTS,vocabulary,https://www.engvid.com/english-vocabulary-bugs-insects/,Beginner,Beginner,vocabulary
1478,Sound like a Native Speaker: Compound Nouns,pronunciation speaking,https://www.engvid.com/pronouncing-compound-nouns/,Intermediate,Intermediate,"pronunciation, speaking"
1479,3 ways to pronounce the QU sound in English,pronunciation,https://www.engvid.com/3-ways-to-pronounce-the-qu-sound-in-english/,Beginner,Beginner,pronunciation
1480,Learn English: “No matter…”,speaking vocabulary,https://www.engvid.com/learn-english-no-matter/,Intermediate,Intermediate,"speaking, vocabulary"
1481,Learn POLITE expressions in English – Don’t be RUDE!,culture & tips expressions vocabulary,https://www.engvid.com/polite-english-dont-be-rude/,"Intermediate, Advanced",Advanced,"culture & tips, expressions, vocabulary"
1482,Speak as clearly as an actor,culture & tips pronunciation speaking,https://www.engvid.com/speak-as-clearly-as-an-actor/,"Beginner, Intermediate, Advanced",Advanced,"culture & tips, pronunciation, speaking"
1483,Talking about DRUGS in English,culture & tips expressions slang,https://www.engvid.com/talking-about-drugs-in-english/,"Intermediate, Advanced",Advanced,"culture & tips, expressions, slang"
1484,English Vocabulary: Talking about RAIN,expressions vocabulary,https://www.engvid.com/english-vocabulary-talking-about-rain/,Beginner,Beginner,"expressions, vocabulary"
1485,British Street Slang,culture & tips slang,https://www.engvid.com/british-street-slang/,"Intermediate, Advanced",Advanced,"culture & tips, slang"
1486,Help! I’m not improving my English!,culture & tips speaking writing,https://www.engvid.com/help-im-not-improving-my-english/,Intermediate,Intermediate,"culture & tips, speaking, writing"
1487,Vocabulary and expressions about HANDS in English,expressions vocabulary,https://www.engvid.com/hands-vocabulary-expressions/,Beginner,Beginner,"expressions, vocabulary"
1488,Learn English: 5 ‘WORLD’ Idioms,expressions,https://www.engvid.com/learn-english-5-world-idioms/,Beginner,Beginner,expressions
1489,"Phrasal Verbs with TAKE: “take to”, “take in”, “take after”…",expressions vocabulary,https://www.engvid.com/phrasal-verbs-take/,Intermediate,Intermediate,"expressions, vocabulary"
1490,TOEFL iBT: Independent Speaking Task – 5 Ways to Succeed,TOEFL,https://www.engvid.com/toefl-ibt-independent-speaking-task/,Advanced,Advanced,
1491,English Vocabulary: other words for LIKE and DON’T LIKE,expressions vocabulary,https://www.engvid.com/english-vocabulary-like-dont-like/,Beginner,Beginner,"expressions, vocabulary"
1492,3 ways to pronounce the EX sound in English,,https://www.engvid.com/3-ways-to-pronounce-ex/,Beginner,Beginner,
1493,12 Common Errors in Academic English – and how to fix them!,writing,https://www.engvid.com/12-common-errors-in-academic-english/,Advanced,Advanced,writing
1494,IELTS Success: Writing Effective Paragraphs,IELTS TOEIC writing,https://www.engvid.com/ielts-writing-effective-paragraphs/,Intermediate,Intermediate,"ielts, writing"
1495,Learn MEDICAL Vocabulary in English,vocabulary,https://www.engvid.com/learn-medical-vocabulary-in-english/,Beginner,Beginner,vocabulary
1496,Learn to make plans with the FUTURE PROGRESSIVE tense,grammar,https://www.engvid.com/learn-to-make-plans-with-the-future-progressive-tense/,Intermediate,Intermediate,grammar
1497,How to speak naturally in English: Reduction Mistakes,pronunciation slang,https://www.engvid.com/how-to-speak-naturally-in-english-reduction-mistakes/,Advanced,Advanced,"pronunciation, slang"
1498,"6 Phrasal Verbs with HANG: hang on, hang up, hang out…",expressions vocabulary,https://www.engvid.com/6-phrasal-verbs-hang/,Intermediate,Intermediate,"expressions, vocabulary"
1499,Vocabulary: How to talk about ADVANTAGES and DISADVANTAGES,IELTS TOEFL vocabulary,https://www.engvid.com/vocabulary-advantages-disadvantages/,Intermediate,Intermediate,"ielts, vocabulary"
1500,The Secret to English Vocabulary – How to remember more,culture & tips vocabulary,https://www.engvid.com/the-secret-to-remembering-english-vocabulary/,"Beginner, Intermediate, Advanced",Advanced,"culture & tips, vocabulary"
1501,Learn English Grammar: How to use SO & SO THAT,grammar,https://www.engvid.com/english-grammar-so-that/,Advanced,Advanced,grammar
1502,Vocabulary: Talking about CLOTHES in English,culture & tips expressions vocabulary,https://www.engvid.com/english-vocabulary-clothes/,Beginner,Beginner,"culture & tips, expressions, vocabulary"
1503,How to give the BEST speech or presentation in English,business english speaking,https://www.engvid.com/how-to-give-the-best-speech-or-presentation-in-english/,"Beginner, Intermediate, Advanced",Advanced,"business english, speaking"
1504,Improve your vocabulary: Synonyms for “small” in English,vocabulary,https://www.engvid.com/vocabulary-synonyms-for-small/,Beginner,Beginner,vocabulary
1505,Learn 11 ANGRY Phrasal Verbs in English,expressions vocabulary,https://www.engvid.com/11-angry-phrasal-verbs/,Intermediate,Intermediate,"expressions, vocabulary"
1506,8 Tips for British English Pronunciation,culture & tips pronunciation,https://www.engvid.com/8-tips-for-british-english-pronunciation/,Advanced,Advanced,"culture & tips, pronunciation"
1507,Business English – 6 common idioms,business english expressions,https://www.engvid.com/business-english-6-common-idioms/,Advanced,Advanced,"business english, expressions"
1508,"English Grammar: Negative Prefixes – “un”, “dis”, “in”, “im”, “non”",vocabulary,https://www.engvid.com/english-grammar-negative-prefixes/,Advanced,Advanced,vocabulary
1509,Learn Real English – How to pay with DEBIT or CREDIT CARDS,culture & tips vocabulary,https://www.engvid.com/learn-real-english-debit-credit-cards/,Beginner,Beginner,"culture & tips, vocabulary"
1510,Grammar: Active and Passive Gerunds,grammar,https://www.engvid.com/grammar-active-passive-gerunds/,Advanced,Advanced,grammar
1511,IELTS: Top 10 Spelling Mistakes,IELTS writing,https://www.engvid.com/ielts-top-10-spelling-mistakes/,Intermediate,Intermediate,"ielts, writing"
1512,Basic English: Learn the difference between BECAUSE and SO,grammar,https://www.engvid.com/english-basics-because-so/,Intermediate,Intermediate,grammar
1513,Polite English: Show people you care: “You must be…”,culture & tips expressions speaking,https://www.engvid.com/polite-english-you-must-be/,Intermediate,Intermediate,"culture & tips, expressions, speaking"
1514,Classroom English: Vocabulary & Expressions for Students,speaking vocabulary,https://www.engvid.com/classroom-english/,Beginner,Beginner,"speaking, vocabulary"
1515,Real English: Phrases for finding an apartment,culture & tips expressions vocabulary,https://www.engvid.com/real-english-phrases-for-finding-an-apartment/,Intermediate,Intermediate,"culture & tips, expressions, vocabulary"
1516,How not to swear!,slang,https://www.engvid.com/how-not-to-swear/,"Beginner, Intermediate, Advanced",Advanced,slang
1517,Grammar: Active and Passive Infinitives,grammar,https://www.engvid.com/active-and-passive-infinitives/,Advanced,Advanced,grammar
1518,Learn Slang: 10 SHIT Expressions,expressions slang vocabulary,https://www.engvid.com/learn-slang-10-shit-expressions/,"Beginner, Intermediate, Advanced",Advanced,"expressions, slang, vocabulary"
1519,How to Write IELTS Essay Introductions – The Quick & Easy Way!,IELTS writing,https://www.engvid.com/how-to-write-ielts-essay-introductions/,Advanced,Advanced,"ielts, writing"
1520,IMPERATIVES – How to give commands in English,culture & tips grammar speaking,https://www.engvid.com/how-to-give-commands-in-english/,"Intermediate, Advanced",Advanced,"culture & tips, grammar, speaking"
1521,Learn 10 Easy English Commands,speaking vocabulary,https://www.engvid.com/10-easy-english-commands/,Beginner,Beginner,"speaking, vocabulary"
1522,100 Phrasal Verbs Used as Commands,English resource expressions vocabulary,https://www.engvid.com/english-resource/100-phrasal-verbs-used-as-commands/,,Unspecified,"english resource, expressions, vocabulary"
1523,"Phrasal Verbs – LOOK: look up, look after, look out…",expressions,https://www.engvid.com/phrasal-verbs-look/,Intermediate,Intermediate,expressions
1524,IELTS Success – Studying Academic English at a School,culture & tips Exams IELTS TOEFL,https://www.engvid.com/ielts-academic-english-school/,"Intermediate, Advanced",Advanced,"culture & tips, ielts"
1525,How to learn grammar – any grammar!!!,grammar,https://www.engvid.com/how-to-learn-any-grammar/,"Beginner, Intermediate, Advanced",Advanced,grammar
1526,Learn English Vocabulary: Talking about your nose!,vocabulary,https://www.engvid.com/learn-english-vocabulary-talking-about-your-nose/,Intermediate,Intermediate,vocabulary
1527,Power Poses for Exam & Interview Success!,business english culture & tips Exams,https://www.engvid.com/power-poses/,"Beginner, Intermediate",Intermediate,"business english, culture & tips"
1528,What grammar mistakes do native speakers make?,grammar,https://www.engvid.com/native-speaker-grammar-mistakes/,"Intermediate, Advanced",Advanced,grammar
1529,Learn English: Words with many meanings,grammar vocabulary,https://www.engvid.com/learn-english-words-with-many-meanings/,Intermediate,Intermediate,"grammar, vocabulary"
1530,Real English – Ordering food on the phone,culture & tips,https://www.engvid.com/real-english-ordering-food-on-the-phone/,Intermediate,Intermediate,culture & tips
1531,War & Military Vocabulary: Understand the news,vocabulary,https://www.engvid.com/war-military-vocabulary/,Intermediate,Intermediate,vocabulary
1532,Political vocabulary and expressions in English,expressions vocabulary,https://www.engvid.com/political-vocabulary-expressions/,Advanced,Advanced,"expressions, vocabulary"
1533,How to send a letter in English,culture & tips,https://www.engvid.com/send-a-letter/,Beginner,Beginner,culture & tips
1534,Don’t make these mistakes in English!,grammar,https://www.engvid.com/dont-make-these-mistakes/,"Beginner, Intermediate",Intermediate,grammar
1535,Writing – 6 ways to compare,IELTS TOEFL vocabulary writing,https://www.engvid.com/writing-6-ways-to-compare/,Intermediate,Intermediate,"ielts, vocabulary, writing"
1536,Welcome to London – Tour around Covent Garden,culture & tips,https://www.engvid.com/welcome-to-london-covent-garden/,"Beginner, Intermediate, Advanced",Advanced,culture & tips
1537,Conversation Skills: What’s your communication style?,culture & tips speaking,https://www.engvid.com/conversation-skills-whats-your-communication-style/,Intermediate,Intermediate,"culture & tips, speaking"
1538,12 IELTS Speaking Tips,IELTS,https://www.engvid.com/12-ielts-speaking-tips/,Intermediate,Intermediate,ielts
1539,Travel English: How to go through customs at the airport,culture & tips vocabulary,https://www.engvid.com/travel-english-airport-customs/,Intermediate,Intermediate,"culture & tips, vocabulary"
1540,Top words for your JOB INTERVIEW & RESUME,business english vocabulary,https://www.engvid.com/top-words-for-your-job-interview-resume/,Advanced,Advanced,"business english, vocabulary"
1541,Learn English: Does the C sound like S or K?,pronunciation,https://www.engvid.com/learn-english-c-s-or-k/,"Beginner, Intermediate",Intermediate,pronunciation
1542,Learn vocabulary about CARS in English,vocabulary,https://www.engvid.com/car-vocabulary-english/,Intermediate,Intermediate,vocabulary
1543,How to succeed on IELTS Reading,IELTS,https://www.engvid.com/how-to-succeed-on-ielts-reading/,Intermediate,Intermediate,ielts
1544,Learn English Expressions: What are binomials?,expressions,https://www.engvid.com/learn-english-expressions-binomials/,Intermediate,Intermediate,expressions
1545,How to introduce yourself & other people,culture & tips speaking,https://www.engvid.com/how-to-introduce-yourself-other-people/,Beginner,Beginner,"culture & tips, speaking"
1546,"Phrasal Verbs – FALL: fall for, fall in, fall behind, fall through…",expressions vocabulary,https://www.engvid.com/phrasal-verbs-fall/,Intermediate,Intermediate,"expressions, vocabulary"
1547,EMERGENCY Vocabulary in English,culture & tips vocabulary,https://www.engvid.com/emergency-vocabulary-in-english/,Beginner,Beginner,"culture & tips, vocabulary"
1548,English Grammar – 5 Ways to Use Infinitives,grammar,https://www.engvid.com/english-grammar-5-ways-to-use-infinitives/,Advanced,Advanced,grammar
1549,Pronunciation: -ION Word Endings,pronunciation,https://www.engvid.com/pronunciation-ion-word-endings/,Intermediate,Intermediate,pronunciation
1550,How to talk about an article in English,business english expressions vocabulary,https://www.engvid.com/how-to-talk-about-an-article-in-english/,Intermediate,Intermediate,"business english, expressions, vocabulary"
1551,Basic English vocabulary for cleaning your house,expressions vocabulary,https://www.engvid.com/basic-english-vocabulary-cleaning-your-house/,Beginner,Beginner,"expressions, vocabulary"
1552,Extreme English!,expressions slang speaking,https://www.engvid.com/extreme-english/,Intermediate,Intermediate,"expressions, slang, speaking"
1553,IELTS – How to manage your time,culture & tips IELTS,https://www.engvid.com/ielts-time-management/,Advanced,Advanced,"culture & tips, ielts"
1554,Grammar: Reported Speech / Indirect Speech,grammar,https://www.engvid.com/grammar-reported-speech-indirect-speech/,Advanced,Advanced,grammar
1555,Learn Real English – SHOPPING,comprehension pronunciation,https://www.engvid.com/learn-real-english-shopping/,Intermediate,Intermediate,"comprehension, pronunciation"
1556,English Vocabulary: Talking about FEAR,expressions vocabulary,https://www.engvid.com/english-vocabulary-fear-2/,Intermediate,Intermediate,"expressions, vocabulary"
1557,CAE Cambridge English Exam – All You Need to Know,IELTS,https://www.engvid.com/cambridge-english-exam/,Intermediate,Intermediate,ielts
1558,Learn 5 easy HAT idioms in English,expressions,https://www.engvid.com/5-hat-idioms/,Intermediate,Intermediate,expressions
1559,Learn English with the News: Cyber Crime,vocabulary,https://www.engvid.com/cyber-crime/,Advanced,Advanced,vocabulary
1560,"Vocabulary – look, look like, look alike, look as if…",vocabulary,https://www.engvid.com/vocabulary-look/,Intermediate,Intermediate,vocabulary
1561,Speak English naturally by using filler phrases,expressions speaking,https://www.engvid.com/speak-english-naturally-by-using-filler-phrases/,Intermediate,Intermediate,"expressions, speaking"
1562,15 Fishy Expressions in English,expressions slang,https://www.engvid.com/15-fishy-expressions-in-english/,Beginner,Beginner,"expressions, slang"
1563,Improve your Accent: Tongue Twisters,pronunciation,https://www.engvid.com/improve-your-accent-tongue-twisters/,Intermediate,Intermediate,pronunciation
1564,How to show authority – Causative Verbs,grammar,https://www.engvid.com/how-to-show-authority-causative-verbs/,Advanced,Advanced,grammar
1565,50 Tongue Twisters to improve pronunciation in English,English resource pronunciation,https://www.engvid.com/english-resource/50-tongue-twisters-improve-pronunciation/,Advanced,Advanced,"english resource, pronunciation"
1566,Learn English Grammar: Modals – “could” or “should”?,grammar,https://www.engvid.com/learn-english-grammar-modals-could-or-should/,Intermediate,Intermediate,grammar
1567,6 Idioms about People,expressions,https://www.engvid.com/6-idioms-about-people/,Intermediate,Intermediate,expressions
1568,TOEFL & IELTS skills – Notetaking,culture & tips IELTS TOEFL,https://www.engvid.com/toefl-ielts-skills-notetaking/,Advanced,Advanced,"culture & tips, ielts"
1569,Sound more fluent in English – Hesitation devices,culture & tips expressions speaking,https://www.engvid.com/sound-more-fluent-in-english-hesitation-devices/,Beginner,Beginner,"culture & tips, expressions, speaking"
1570,Conversation Skills: DON’T BE SHY!,culture & tips speaking,https://www.engvid.com/conversation-skills-dont-be-shy/,"Beginner, Intermediate, Advanced",Advanced,"culture & tips, speaking"
1571,5 ‘RUN’ expressions in English,expressions,https://www.engvid.com/5-run-expressions-in-english/,Intermediate,Intermediate,expressions
1572,IELTS Reading: Top 10 Tips,IELTS,https://www.engvid.com/ielts-reading-top-10-tips/,Intermediate,Intermediate,ielts
1573,How to say NO! Communication skills that work,culture & tips speaking,https://www.engvid.com/how-to-say-no/,"Beginner, Intermediate, Advanced",Advanced,"culture & tips, speaking"
1574,Speaking English – “I wish I had…”,expressions grammar,https://www.engvid.com/speaking-english-i-wish-i-had/,Intermediate,Intermediate,"expressions, grammar"
1575,"Vocabulary – Weather, climate, and natural disasters",vocabulary,https://www.engvid.com/vocabulary-weather-climate-natural-disasters/,Intermediate,Intermediate,vocabulary
1576,Studying English at a Language School,culture & tips IELTS speaking,https://www.engvid.com/studying-english-language-school-london/,"Beginner, Intermediate, Advanced",Advanced,"culture & tips, ielts, speaking"
1577,GETTING HIGH with Ronnie!,culture & tips slang vocabulary,https://www.engvid.com/getting-high-with-ronnie/,"Beginner, Intermediate, Advanced",Advanced,"culture & tips, slang, vocabulary"
1578,"Talking about women you like – SEXY, HOT, SMOKING, CUTE, FREAKY",culture & tips expressions vocabulary,https://www.engvid.com/talking-about-women-you-like/,Intermediate,Intermediate,"culture & tips, expressions, vocabulary"
1579,Confusing Words: MISS or LOSE?,vocabulary,https://www.engvid.com/confusing-words-miss-or-lose/,Intermediate,Intermediate,vocabulary
1580,British Slang: INSULTS & childish sayings,culture & tips expressions slang vocabulary,https://www.engvid.com/british-slang-insults-childish-sayings/,Intermediate,Intermediate,"culture & tips, expressions, slang, vocabulary"
1581,8 English Sentences: Find the Mistakes,grammar,https://www.engvid.com/8-english-sentences-find-the-mistakes/,"Beginner, Intermediate",Intermediate,grammar
1582,Talking about LOVE & relationships in English: I got dumped!,expressions,https://www.engvid.com/love-relationships-getting-dumped/,Intermediate,Intermediate,expressions
1583,"Vocabulary – Tools & hardware: screw, hammer, wrench, level…",vocabulary,https://www.engvid.com/vocabulary-tools-hardware/,Beginner,Beginner,vocabulary
1584,English Vocabulary: Compound Adjectives to describe people,grammar vocabulary,https://www.engvid.com/english-vocabulary-compound-adjectives/,Intermediate,Intermediate,"grammar, vocabulary"
1585,English Expressions: three-word phrasal verbs,expressions vocabulary,https://www.engvid.com/english-expressions-three-word-phrasal-verbs/,Intermediate,Intermediate,"expressions, vocabulary"
1586,Speaking English: Advanced Pronunciation,pronunciation,https://www.engvid.com/speaking-english-advanced-pronunciation/,Advanced,Advanced,pronunciation
1587,What are proverbs? 7 common sayings in English,culture & tips expressions,https://www.engvid.com/what-are-proverbs-7-common-sayings-in-english/,Intermediate,Intermediate,"culture & tips, expressions"
1588,IELTS Writing Task 1 – What to write!,IELTS writing,https://www.engvid.com/ielts-writing-task-1/,Advanced,Advanced,"ielts, writing"
1589,Speaking English: How to say CH & SH,pronunciation,https://www.engvid.com/speaking-english-ch-sh/,Beginner,Beginner,pronunciation
1590,"12 Phrasal Verbs about CLOTHES: dress up, try on, take off…",expressions vocabulary,https://www.engvid.com/12-phrasal-verbs-clothes/,Beginner,Beginner,"expressions, vocabulary"
1591,Conversation Skills – How to STEAL a conversation,culture & tips speaking,https://www.engvid.com/conversation-skills-how-to-steal-a-conversation/,"Intermediate, Advanced",Advanced,"culture & tips, speaking"
1592,Basic English Grammar: What is an auxiliary verb?,grammar,https://www.engvid.com/basic-english-grammar-auxiliary-verb/,Beginner,Beginner,grammar
1593,Real English – How to complain about a problem,culture & tips speaking,https://www.engvid.com/real-english-how-to-complain-about-a-problem/,Intermediate,Intermediate,"culture & tips, speaking"
1594,"10 HOLD Phrasal Verbs: hold up, hold to, hold out…",expressions vocabulary,https://www.engvid.com/10-hold-phrasal-verbs/,Intermediate,Intermediate,"expressions, vocabulary"
1595,IELTS Speaking: The Secret Method,IELTS speaking,https://www.engvid.com/ielts-speaking-the-secret-method/,Advanced,Advanced,"ielts, speaking"
1596,LGBT – Gay Vocabulary in English,culture & tips slang vocabulary,https://www.engvid.com/lgbt-gay-vocabulary-in-english/,"Beginner, Intermediate, Advanced",Advanced,"culture & tips, slang, vocabulary"
1597,English Vocabulary: “BIG” synonyms,vocabulary,https://www.engvid.com/english-vocabulary-big-synonyms/,Intermediate,Intermediate,vocabulary
1598,Talking about men you like,expressions speaking,https://www.engvid.com/talking-about-men-you-like/,Intermediate,Intermediate,"expressions, speaking"
1599,9 basic phrases to talk about cleaning up,vocabulary,https://www.engvid.com/9-basic-phrases-for-cleaning-up/,Beginner,Beginner,vocabulary
1600,What’s your learning style? The BEST way for YOU to learn a language.,culture & tips,https://www.engvid.com/whats-your-learning-style/,Intermediate,Intermediate,culture & tips
1601,English Prepositions: In or On?,grammar,https://www.engvid.com/english-prepositions-in-or-on/,Beginner,Beginner,grammar
1602,How to sound like a native speaker: THE SECRET,pronunciation,https://www.engvid.com/how-to-sound-like-a-native-speaker-the-secret/,"Beginner, Intermediate, Advanced",Advanced,pronunciation
1603,"English Grammar: has, have, have got",grammar,https://www.engvid.com/has-have-have-got/,Intermediate,Intermediate,grammar
1604,FOOTBALL Vocabulary,vocabulary,https://www.engvid.com/football-vocabulary/,Beginner,Beginner,vocabulary
1605,5 verbs to make you sound smart,vocabulary,https://www.engvid.com/5-verbs-to-make-you-sound-smart/,Advanced,Advanced,vocabulary
1606,IELTS Reading,IELTS,https://www.engvid.com/ielts-reading/,Intermediate,Intermediate,ielts
1607,7 FACE expressions in English,expressions,https://www.engvid.com/7-face-expressions-in-english/,Intermediate,Intermediate,expressions
1608,Make yourself more interesting – Using informal intensifiers,slang speaking vocabulary,https://www.engvid.com/make-yourself-more-interesting-informal-intensifiers/,Intermediate,Intermediate,"slang, speaking, vocabulary"
1609,Polite English: What to call people,culture & tips speaking,https://www.engvid.com/what-to-call-people/,"Beginner, Intermediate, Advanced",Advanced,"culture & tips, speaking"
1610,English Grammar: The Sentence,grammar writing,https://www.engvid.com/english-grammar-the-sentence/,Advanced,Advanced,"grammar, writing"
1611,English Tenses: How to use PRESENT PERFECT and PAST SIMPLE,grammar,https://www.engvid.com/english-tenses-present-perfect-present-simple/,Intermediate,Intermediate,grammar
1612,English Vocabulary: Beauty and makeup,,https://www.engvid.com/english-vocabulary-beauty-and-makeup/,"Beginner, Intermediate, Advanced",Advanced,
1613,Learn English – 5 “DOWN” Idioms,expressions,https://www.engvid.com/5-down-idioms/,Intermediate,Intermediate,expressions
1614,Talking shit with Emma,expressions slang vocabulary,https://www.engvid.com/talking-shit-with-emma/,"Beginner, Intermediate, Advanced",Advanced,"expressions, slang, vocabulary"
1615,Basic rules to improve your spelling,grammar writing,https://www.engvid.com/basic-rules-to-improve-your-spelling/,Intermediate,Intermediate,"grammar, writing"
1616,How to do a job interview on Skype,business english,https://www.engvid.com/how-to-do-a-job-interview-on-skype/,Advanced,Advanced,business english
1617,How to talk about a topic intelligently,speaking writing,https://www.engvid.com/how-to-talk-about-a-topic-intelligently/,Intermediate,Intermediate,"speaking, writing"
1618,Learn English Grammar: EACH OTHER & ONE ANOTHER,grammar vocabulary,https://www.engvid.com/learn-english-grammar-each-other-one-another/,Advanced,Advanced,"grammar, vocabulary"
1619,English Pronunciation for Russian Speakers,pronunciation,https://www.engvid.com/english-pronunciation-for-russian-speakers/,"Beginner, Intermediate, Advanced",Advanced,pronunciation
1620,Learn English – How to make the ‘PH’ sound,pronunciation,https://www.engvid.com/learn-english-pronunciation-ph/,Beginner,Beginner,pronunciation
1621,IELTS & TOEFL Academic Vocabulary – Adjectives (AWL),IELTS TOEFL vocabulary,https://www.engvid.com/elts-toefl-academic-vocabulary-adjectives/,Advanced,Advanced,"ielts, vocabulary"
1622,10 Common Driving Expressions,expressions speaking vocabulary,https://www.engvid.com/10-common-driving-expressions/,Intermediate,Intermediate,"expressions, speaking, vocabulary"
1623,"Mind Maps – How to learn vocabulary quickly, easily, and permanently",culture & tips,https://www.engvid.com/mind-maps-how-to-learn-vocabulary/,"Beginner, Intermediate, Advanced",Advanced,culture & tips
1624,How to make someone feel better,speaking,https://www.engvid.com/how-to-make-someone-feel-better/,Advanced,Advanced,speaking
1625,Learn English – 6 fun idioms about DREAMS,expressions,https://www.engvid.com/learn-english-idioms-dreams/,Intermediate,Intermediate,expressions
1626,English Travel Vocabulary: Planning a trip,vocabulary,https://www.engvid.com/english-travel-vocabulary-planning-a-trip/,Intermediate,Intermediate,vocabulary
1627,Conversation Skills: How to agree or disagree,expressions speaking,https://www.engvid.com/conversation-skills-agree-disagree/,Intermediate,Intermediate,"expressions, speaking"
1628,Learn English vocabulary in the BATHROOM :),vocabulary,https://www.engvid.com/english-vocabulary-bathroom/,Beginner,Beginner,vocabulary
1629,5 nouns to make you sound smart,vocabulary,https://www.engvid.com/5-nouns-to-sound-smart/,Advanced,Advanced,vocabulary
1630,Telephone English: How to take or give a message,expressions speaking,https://www.engvid.com/telephone-english-how-to-take-or-give-a-message/,Intermediate,Intermediate,"expressions, speaking"
1631,How to talk about DEATH in English,culture & tips vocabulary,https://www.engvid.com/how-to-talk-about-death-in-english/,Intermediate,Intermediate,"culture & tips, vocabulary"
1632,"Confusing Words – Me, Myself, I",grammar vocabulary,https://www.engvid.com/confusing-words-me-myself-i/,Intermediate,Intermediate,"grammar, vocabulary"
1633,Confusing words: VERY & TOO,vocabulary,https://www.engvid.com/confusing-words-very-too/,Intermediate,Intermediate,vocabulary
1634,"Learn Punctuation: period, exclamation mark, question mark",grammar writing,https://www.engvid.com/learn-punctuation-period-exclamation-mark-question-mark/,Intermediate,Intermediate,"grammar, writing"
1635,How to talk like the boss,business english expressions vocabulary,https://www.engvid.com/how-to-talk-like-the-boss/,Advanced,Advanced,"business english, expressions, vocabulary"
1636,Negative Questions in English,grammar speaking,https://www.engvid.com/negative-questions-in-english/,Advanced,Advanced,"grammar, speaking"
1637,"How to Give Advice in English – recommend, suggest, advise, encourage…",grammar vocabulary,https://www.engvid.com/how-to-give-advice-in-english/,Intermediate,Intermediate,"grammar, vocabulary"
1638,IELTS Listening – Top 14 tips!,IELTS,https://www.engvid.com/ielts-listening-top-10-tips/,Intermediate,Intermediate,ielts
1639,How to be an effective speaker: BE SPECIFIC!,speaking,https://www.engvid.com/effective-speaking-be-specific/,Advanced,Advanced,speaking
1640,Business English: Mixing Business with Pleasure!,business english culture & tips speaking,https://www.engvid.com/business-english-mixing-business-with-pleasure/,Advanced,Advanced,"business english, culture & tips, speaking"
1641,7 colorful English idioms,vocabulary,https://www.engvid.com/7-colorful-english-idioms/,"Beginner, Intermediate",Intermediate,vocabulary
1642,"Speaking English: How to say P, F, B, V",pronunciation,https://www.engvid.com/speaking-english-p-f-b-v/,Beginner,Beginner,pronunciation
1643,3 ways to use ‘HAVE GOT’ in English,grammar,https://www.engvid.com/3-ways-to-use-have-got/,Intermediate,Intermediate,grammar
1644,Learn English: 10 common Spanish speaker mistakes,culture & tips pronunciation speaking,https://www.engvid.com/10-spanish-speaker-mistakes/,"Beginner, Intermediate, Advanced",Advanced,"culture & tips, pronunciation, speaking"
1645,Animal idioms and expressions in English,expressions,https://www.engvid.com/animal-idioms-expressions/,Intermediate,Intermediate,expressions
1646,Grammar: 8 rules for using ‘THE’ in English,grammar,https://www.engvid.com/grammar-8-rules-the/,Intermediate,Intermediate,grammar
1647,English Vocabulary – Redundant Expressions,culture & tips vocabulary,https://www.engvid.com/english-vocabulary-redundant-expressions/,Intermediate,Intermediate,"culture & tips, vocabulary"
1648,English Vocabulary Errors: Redundancies,English resource grammar vocabulary,https://www.engvid.com/english-resource/redundancies/,,Unspecified,"english resource, grammar, vocabulary"
1649,"English Grammar – Inversion: “Had I known…”, “Should you need…”",grammar writing,https://www.engvid.com/english-grammar-inversion/,Advanced,Advanced,"grammar, writing"
1650,Conversation Skills – How to avoid a conversation!,culture & tips speaking,https://www.engvid.com/how-to-avoid-a-conversation/,"Beginner, Intermediate, Advanced",Advanced,"culture & tips, speaking"
1651,"5 Phrasal Verbs with HOLD – hold on, hold against, hold in…",expressions,https://www.engvid.com/5-phrasal-verbs-hold/,Intermediate,Intermediate,expressions
1652,Speaking English – How to answer the phone,expressions speaking,https://www.engvid.com/speaking-english-how-to-answer-the-phone/,Intermediate,Intermediate,"expressions, speaking"
1653,What does the word ‘SURE’ really mean in English?,vocabulary,https://www.engvid.com/english-vocabulary-sure/,Intermediate,Intermediate,vocabulary
1654,American English & British English – 8 Grammar Differences,grammar speaking,https://www.engvid.com/american-english-british-english-8-grammar-differences/,Intermediate,Intermediate,"grammar, speaking"
1655,Conversation Skills – How to END a conversation politely,business english culture & tips speaking,https://www.engvid.com/ending-conversations-politely/,Intermediate,Intermediate,"business english, culture & tips, speaking"
1656,How to say -ed endings in English,pronunciation,https://www.engvid.com/how-to-say-ed-endings-in-english/,Beginner,Beginner,pronunciation
1657,What is St. Patrick’s Day?,culture & tips,https://www.engvid.com/st-patricks-day/,"Beginner, Intermediate, Advanced",Advanced,culture & tips
1658,5 adjectives to sound smart,vocabulary,https://www.engvid.com/5-adjectives-to-sound-smart/,Advanced,Advanced,vocabulary
1659,IELTS Listening,IELTS,https://www.engvid.com/ielts-listening/,Intermediate,Intermediate,ielts
1660,How to use apostrophes in English,writing,https://www.engvid.com/how-to-use-apostrophes/,Intermediate,Intermediate,writing
1661,Grammar: How to ask questions correctly in English – Embedded Questions,grammar,https://www.engvid.com/grammar-embedded-questions/,Intermediate,Intermediate,grammar
1662,Internet Safety,culture & tips,https://www.engvid.com/internet-safety/,"Beginner, Intermediate, Advanced",Advanced,culture & tips
1663,English Grammar – Causative,grammar,https://www.engvid.com/english-grammar-causative/,Advanced,Advanced,grammar
1664,IELTS & TOEFL Academic Vocabulary – Nouns (AWL),IELTS TOEFL vocabulary,https://www.engvid.com/ielts-toefl-academic-vocabulary-nouns/,Advanced,Advanced,"ielts, vocabulary"
1665,Learn English: 10 abbreviations you should know,expressions vocabulary writing,https://www.engvid.com/learn-english-abbreviations/,Intermediate,Intermediate,"expressions, vocabulary, writing"
1666,"How to choose a textbook, so you can learn English at home",culture & tips,https://www.engvid.com/how-to-choose-a-textbook/,"Beginner, Intermediate, Advanced",Advanced,culture & tips
1667,Sound like a native speaker: the BEST pronunciation advice,pronunciation,https://www.engvid.com/elision-the-best-pronunciation-advice/,Advanced,Advanced,pronunciation
1668,IELTS & TOEFL – The easy way to improve your vocabulary for English exams,culture & tips IELTS TOEFL TOEIC,https://www.engvid.com/ielts-toefl-improve-your-vocabulary/,Intermediate,Intermediate,"culture & tips, ielts"
1669,IELTS & TOEFL Vocabulary – 142 Adjectives,English resource IELTS TOEFL vocabulary,https://www.engvid.com/english-resource/ielts-toefl-vocabulary-adjectives/,,Unspecified,"english resource, ielts, vocabulary"
1670,Vocabulary – Talking about MOVIES in English,culture & tips vocabulary,https://www.engvid.com/vocabulary-talking-about-movies-in-english/,Beginner,Beginner,"culture & tips, vocabulary"
1671,SEX with Ronnie!,slang,https://www.engvid.com/sex-with-ronnie/,"Beginner, Intermediate, Advanced",Advanced,slang
1672,"English Grammar: Causative Verbs: Make, Have, Let, Get, Help",grammar,https://www.engvid.com/english-grammar-causative-verbs/,Intermediate,Intermediate,grammar
1673,Telephone English: Emma’s top tips,culture & tips speaking,https://www.engvid.com/telephone-english/,Intermediate,Intermediate,"culture & tips, speaking"
1674,English Grammar – Word Endings – What are suffixes?,grammar vocabulary,https://www.engvid.com/english-grammar-suffixes/,Intermediate,Intermediate,"grammar, vocabulary"
1675,"IELTS, CAE, or FCE? Which English exam should you take?",Exams IELTS,https://www.engvid.com/ielts-cae-fce/,"Intermediate, Advanced",Advanced,ielts
1676,Speaking English – 8 ways to be positive & encourage others,expressions speaking,https://www.engvid.com/speaking-english-8-ways-to-be-positive/,Intermediate,Intermediate,"expressions, speaking"
1677,Advanced English Grammar: Collective Nouns,grammar vocabulary,https://www.engvid.com/advanced-english-grammar-collective-nouns/,Advanced,Advanced,"grammar, vocabulary"
1678,Learn English: Basic Kitchen Vocabulary,vocabulary,https://www.engvid.com/basic-kitchen-vocabulary/,Beginner,Beginner,vocabulary
1679,"English Grammar: Subject-Verb Agreement with EACH, EVERY, ANY, SOME",grammar,https://www.engvid.com/english-grammar-subject-verb-agreement-each-every-any-some/,Intermediate,Intermediate,grammar
1680,How to sound like a native speaker – Word Stress,culture & tips pronunciation,https://www.engvid.com/word-stress/,Advanced,Advanced,"culture & tips, pronunciation"
1681,Speaking English: WHILE or MEANWHILE?,grammar,https://www.engvid.com/while-meanwhile/,Intermediate,Intermediate,grammar
1682,3 Quick Grammar Fixes,grammar,https://www.engvid.com/3-quick-grammar-fixes/,Beginner,Beginner,grammar
1683,3 ways to express negative ideas POWERFULLY,grammar writing,https://www.engvid.com/express-negative-ideas-powerfully/,Advanced,Advanced,"grammar, writing"
1684,"9 TURN Phrasal Verbs: turn on, turn off, turn over, turn around, turn out…",expressions vocabulary,https://www.engvid.com/turn-phrasal-verbs/,Intermediate,Intermediate,"expressions, vocabulary"
1685,How to make suggestions in English,grammar speaking,https://www.engvid.com/how-to-make-suggestions-in-english/,Intermediate,Intermediate,"grammar, speaking"
1686,How to talk about prices in English – Basic Vocabulary,vocabulary,https://www.engvid.com/prices-vocabulary/,Beginner,Beginner,vocabulary
1687,Vocabulary: How to Use ‘Aggravate’ and ‘Annoy’,vocabulary,https://www.engvid.com/vocabulary-aggravate-annoy/,Intermediate,Intermediate,vocabulary
1688,10 HEAVEN Expressions in English,expressions,https://www.engvid.com/10-heaven-expressions/,Beginner,Beginner,expressions
1689,"Confusing Sex & Gender Words in English – girlfriend, guys, partner…",culture & tips vocabulary,https://www.engvid.com/confusing-gender-words-in-english/,Intermediate,Intermediate,"culture & tips, vocabulary"
1690,The BEST way for YOU to learn English – Extrovert or Introvert?,culture & tips,https://www.engvid.com/extrovert-introvert/,"Intermediate, Advanced",Advanced,culture & tips
1691,Speaking English: How to express your reaction,expressions speaking,https://www.engvid.com/speaking-english-express-reactions/,Beginner,Beginner,"expressions, speaking"
1692,"Cooking Vocabulary in English – chop, grill, saute, boil, slice…",vocabulary,https://www.engvid.com/cooking-vocabulary/,Intermediate,Intermediate,vocabulary
1693,"English Vocabulary – Bad Eyesight: glasses, contacts, optometrist, eye doctor…",vocabulary,https://www.engvid.com/english-vocabulary-bad-eyesight/,Intermediate,Intermediate,vocabulary
1694,Speaking English – “Dress up” or “Get dressed”?,grammar vocabulary,https://www.engvid.com/dress-up-get-dressed/,Beginner,Beginner,"grammar, vocabulary"
1695,Learn English: “last year” OR “in the last year”,grammar,https://www.engvid.com/last-year-or-in-the-last-year/,Intermediate,Intermediate,grammar
1696,Learn English – Travel Vocabulary,vocabulary,https://www.engvid.com/travel-vocabulary/,Beginner,Beginner,vocabulary
1697,Business English – How to talk about your career,business english TOEIC vocabulary,https://www.engvid.com/business-english-how-to-talk-about-your-career/,Advanced,Advanced,"business english, vocabulary"
1698,Writing – Misplaced Modifiers,grammar writing,https://www.engvid.com/writing-misplaced-modifiers/,Advanced,Advanced,"grammar, writing"
1699,"Transportation Vocabulary & Phrasal Verbs – GET ON, GET OUT OF, RIDE, GO",expressions vocabulary,https://www.engvid.com/transportation-vocabulary-phrasal-verbs/,Beginner,Beginner,"expressions, vocabulary"
1700,Phrasal Verbs: The 7 Meanings of ‘Make Out’,expressions,https://www.engvid.com/phrasal-verbs-make-out/,Intermediate,Intermediate,expressions
1701,Exclamations in English!!!,expressions grammar speaking vocabulary,https://www.engvid.com/exclamations-in-english/,Beginner,Beginner,"expressions, grammar, speaking, vocabulary"
1702,3 easy ways to get better at speaking English,culture & tips,https://www.engvid.com/get-better-at-speaking-english/,"Beginner, Intermediate, Advanced",Advanced,culture & tips
1703,How to express your opinion in English,business english culture & tips expressions,https://www.engvid.com/how-to-express-your-opinion-in-english/,"Intermediate, Advanced",Advanced,"business english, culture & tips, expressions"
1704,"English Vocabulary – EVEN: even though, even if, even when…",vocabulary,https://www.engvid.com/english-vocabulary-even/,Intermediate,Intermediate,vocabulary
1705,"Basic English Grammar: Pronouns – SHE, HER, HE, HIS",grammar,https://www.engvid.com/personal-pronouns/,Beginner,Beginner,grammar
1706,Academic Word List (IELTS & TOEFL),English resource IELTS TOEFL vocabulary,https://www.engvid.com/english-resource/academic-word-list/,,Unspecified,"english resource, ielts, vocabulary"
1707,IELTS & TOEFL Academic Vocabulary – Verbs (AWL),IELTS TOEFL vocabulary,https://www.engvid.com/ielts-toefl-academic-vocabulary-verbs/,Intermediate,Intermediate,"ielts, vocabulary"
1708,"IELTS Reading strategies: True, False, Not Given",IELTS,https://www.engvid.com/ielts-reading-strategies/,Intermediate,Intermediate,ielts
1709,How to use your dictionary to build your vocabulary,culture & tips vocabulary,https://www.engvid.com/dictionary-vocabulary/,"Beginner, Intermediate, Advanced",Advanced,"culture & tips, vocabulary"
1710,Learn English – 6 common idioms about TIME,expressions,https://www.engvid.com/6-time-idioms/,Intermediate,Intermediate,expressions
1711,TO or FOR? Prepositions in English,grammar,https://www.engvid.com/to-or-for/,Intermediate,Intermediate,grammar
1712,Thanksgiving – What is it?,culture & tips vocabulary,https://www.engvid.com/thanksgiving/,"Beginner, Intermediate, Advanced",Advanced,"culture & tips, vocabulary"
1713,Learn English – 5 ‘KEEP’ Idioms,expressions,https://www.engvid.com/5-keep-idioms/,Intermediate,Intermediate,expressions
1714,Writing Letters: formal & informal English,business english IELTS writing,https://www.engvid.com/writing-letters-formal-informal-english/,Intermediate,Intermediate,"business english, ielts, writing"
1715,Formal & Informal English,English resource vocabulary writing,https://www.engvid.com/english-resource/formal-informal-english/,,Unspecified,"english resource, vocabulary, writing"
1716,6 ways to fix your bad English,culture & tips grammar,https://www.engvid.com/6-ways-to-fix-your-bad-english/,"Beginner, Intermediate, Advanced",Advanced,"culture & tips, grammar"
1717,"English Grammar – Prepositions to say where you live: AT, ON, IN",grammar speaking,https://www.engvid.com/english-grammar-prepositions-at-on-in/,Beginner,Beginner,"grammar, speaking"
1718,"10 GET Phrasal Verbs: get down, get off, get through, get up, get away…",expressions vocabulary,https://www.engvid.com/10-get-phrasal-verbs/,Intermediate,Intermediate,"expressions, vocabulary"
1719,What books should I read to improve my English?,culture & tips vocabulary,https://www.engvid.com/books-to-improve-english/,Intermediate,Intermediate,"culture & tips, vocabulary"
1720,What the hell is Halloween?,culture & tips,https://www.engvid.com/what-the-hell-is-halloween/,"Beginner, Intermediate, Advanced",Advanced,culture & tips
1721,The secret to remembering vocabulary,culture & tips expressions vocabulary,https://www.engvid.com/the-secret-to-remembering-vocabulary/,Beginner,Beginner,"culture & tips, expressions, vocabulary"
1722,Improve your social skills with Bar English!!!,expressions vocabulary,https://www.engvid.com/bar-english/,Intermediate,Intermediate,"expressions, vocabulary"
1723,Bad Manners: What NOT to say or do (Polite English),business english culture & tips,https://www.engvid.com/bad-manners-polite-english/,"Intermediate, Advanced",Advanced,"business english, culture & tips"
1724,3 tips for sounding like a native speaker,culture & tips pronunciation,https://www.engvid.com/3-tips-for-sounding-like-a-native-speaker/,"Intermediate, Advanced",Advanced,"culture & tips, pronunciation"
1725,Conversation Skills – Giving your opinion,speaking,https://www.engvid.com/conversation-skills-giving-your-opinion/,"Beginner, Intermediate",Intermediate,speaking
1726,English Grammar – 6 Ways to Use Gerunds,grammar,https://www.engvid.com/6-ways-to-use-gerunds/,Advanced,Advanced,grammar
1727,"Pronunciation – Silent T: often, listen, castle…",pronunciation,https://www.engvid.com/pronunciation-silent-t/,Intermediate,Intermediate,pronunciation
1728,5 conversation phrasal verbs you need to know,expressions,https://www.engvid.com/5-conversation-phrasal-verbs/,Intermediate,Intermediate,expressions
1729,Good Manners: What to Say and Do (Polite English),business english culture & tips,https://www.engvid.com/good-manners-polite-english/,"Intermediate, Advanced",Advanced,"business english, culture & tips"
1730,IELTS & TOEFL Writing Task 2 – The Introduction,IELTS TOEFL writing,https://www.engvid.com/ielts-toefl-writing-task-2-introduction/,Advanced,Advanced,"ielts, writing"
1731,How to write a basic paragraph,writing,https://www.engvid.com/how-to-write-a-basic-paragraph/,Beginner,Beginner,writing
1732,5 Common English Learner Mistakes,grammar,https://www.engvid.com/5-common-mistakes/,Intermediate,Intermediate,grammar
1733,10 Weather Expressions in English,expressions vocabulary,https://www.engvid.com/10-weather-expressions/,Intermediate,Intermediate,"expressions, vocabulary"
1734,Basic English vocabulary for restaurants,vocabulary,https://www.engvid.com/basic-english-vocabulary-restaurants/,Beginner,Beginner,vocabulary
1735,Speaking English – How to use “so” and “neither”,grammar speaking,https://www.engvid.com/speaking-english-so-neither/,Intermediate,Intermediate,"grammar, speaking"
1736,English Vocabulary: 12 Internet words,vocabulary,https://www.engvid.com/english-vocabulary-12-internet-words/,Intermediate,Intermediate,vocabulary
1737,OLD SCHOOL Vocabulary… too formal!,slang vocabulary,https://www.engvid.com/old-school-vocabulary/,Beginner,Beginner,"slang, vocabulary"
1738,Grammar: When to use “bad” and “badly” in English,grammar,https://www.engvid.com/bad-badly/,Intermediate,Intermediate,grammar
1739,English Grammar: Past Simple Time Markers,grammar writing,https://www.engvid.com/english-grammar-past-simple-time-markers/,Intermediate,Intermediate,"grammar, writing"
1740,"3 tricks for learning English – prepositions, vocabulary, structure",culture & tips,https://www.engvid.com/3-tricks-for-learning-english/,"Beginner, Intermediate, Advanced",Advanced,culture & tips
1741,Improve your English with the “Magic of 3”,culture & tips speaking writing,https://www.engvid.com/improve-your-english-magic-of-3/,Advanced,Advanced,"culture & tips, speaking, writing"
1742,Comparing: funner & faster or more fun & more fast?,grammar vocabulary,https://www.engvid.com/comparing-funner-faster-syllables/,Intermediate,Intermediate,"grammar, vocabulary"
1743,Pronunciation – V & W,pronunciation,https://www.engvid.com/pronunciation-v-w/,Beginner,Beginner,pronunciation
1744,"4 Phrasal Verbs with PUT – put up, put on, put away, put together",expressions,https://www.engvid.com/4-phrasal-verbs-put/,Intermediate,Intermediate,expressions
1745,10 WORK Expressions in English,expressions,https://www.engvid.com/10-work-expressions-in-english/,Beginner,Beginner,expressions
1746,Learn English – What are prefixes?,vocabulary,https://www.engvid.com/learn-english-prefixes/,Intermediate,Intermediate,vocabulary
1747,10 ways to say “I don’t know” in English,speaking,https://www.engvid.com/10-ways-to-say-i-dont-know-in-english/,Intermediate,Intermediate,speaking
1748,"8 ‘head’ phrasal verbs – head up, head out, head off…",expressions vocabulary,https://www.engvid.com/phrasal-verbs-head/,Intermediate,Intermediate,"expressions, vocabulary"
1749,English Vocabulary – In the bedroom…,vocabulary,https://www.engvid.com/english-vocabulary-bedroom/,Beginner,Beginner,vocabulary
1750,How to use ‘too’ and ‘enough’ in English,grammar,https://www.engvid.com/too-enough/,Intermediate,Intermediate,grammar
1751,IELTS & TOEFL – How to give your opinion,expressions IELTS speaking TOEFL vocabulary writing,https://www.engvid.com/ielts-toefl-opinion/,Intermediate,Intermediate,"expressions, ielts, speaking, vocabulary, writing"
1752,Learn English – What do you do for fun?,expressions speaking,https://www.engvid.com/learn-english-what-do-you-do-for-fun/,Beginner,Beginner,"expressions, speaking"
1753,Speaking English – How to use idiomatic pairs,expressions vocabulary,https://www.engvid.com/speaking-english-idiomatic-pairs/,Intermediate,Intermediate,"expressions, vocabulary"
1754,Alex thanks YOU,culture & tips,https://www.engvid.com/alex-thanks-you/,"Beginner, Intermediate, Advanced",Advanced,culture & tips
1755,"6 confusing words – small & little, big & large, tall & high",vocabulary,https://www.engvid.com/6-confusing-words-small-little-big-large-tall-high/,Beginner,Beginner,vocabulary
1756,Speaking English – Going to the dentist,vocabulary,https://www.engvid.com/speaking-english-dentist/,Intermediate,Intermediate,vocabulary
1757,5 Common Idioms with ‘OUT’,expressions,https://www.engvid.com/5-common-idioms-with-out/,Intermediate,Intermediate,expressions
1758,How to write numbers in English – 6 common mistakes,pronunciation writing,https://www.engvid.com/writing-numbers-6-common-mistakes/,Advanced,Advanced,"pronunciation, writing"
1759,“OUT” Phrasal Verbs – Business English,business english expressions vocabulary,https://www.engvid.com/out-phrasal-verbs/,Intermediate,Intermediate,"business english, expressions, vocabulary"
1760,How to give a presentation in English,business english speaking,https://www.engvid.com/how-to-give-a-presentation/,Advanced,Advanced,"business english, speaking"
1761,Writing Skills: The Paragraph,writing,https://www.engvid.com/writing-skills-paragraph/,Advanced,Advanced,writing
1762,When NOT to use ‘to’ in English,grammar,https://www.engvid.com/when-not-to-use-to/,Intermediate,Intermediate,grammar
1763,3 ways to use ‘as long as’ – English Grammar,grammar vocabulary,https://www.engvid.com/as-long-as/,Intermediate,Intermediate,"grammar, vocabulary"
1764,IELTS Speaking Task 3 – How to get a high score,IELTS speaking,https://www.engvid.com/ielts-speaking-task-3/,Advanced,Advanced,"ielts, speaking"
1765,Basic shopping vocabulary in English,vocabulary,https://www.engvid.com/basic-shopping-vocabulary/,Beginner,Beginner,vocabulary
1766,Speaking English – How to use “unless”,grammar,https://www.engvid.com/speaking-english-unless/,Intermediate,Intermediate,grammar
1767,Basic English Vocabulary – GET,grammar vocabulary,https://www.engvid.com/basic-english-vocabulary-get/,Beginner,Beginner,"grammar, vocabulary"
1768,Improve your conversation skills with WH questions,culture & tips speaking,https://www.engvid.com/conversation-skills-wh-questions/,Beginner,Beginner,"culture & tips, speaking"
1769,When to use ‘good’ and ‘well’ – English Vocabulary,grammar,https://www.engvid.com/good-well/,Beginner,Beginner,grammar
1770,English Grammar – REMEMBER & FORGET – gerunds & infinitives,grammar vocabulary,https://www.engvid.com/remember-forget-gerunds-infinitives/,Intermediate,Intermediate,"grammar, vocabulary"
1771,Work out your English!,culture & tips,https://www.engvid.com/work-out-your-english/,"Beginner, Intermediate, Advanced",Advanced,culture & tips
1772,6 idioms about TALKING,expressions,https://www.engvid.com/6-idioms-about-talking/,Intermediate,Intermediate,expressions
1773,How to increase your vocabulary,culture & tips IELTS TOEFL vocabulary,https://www.engvid.com/how-to-increase-your-vocabulary/,"Beginner, Intermediate",Intermediate,"culture & tips, ielts, vocabulary"
1774,"Pronunciation – N, KN",pronunciation,https://www.engvid.com/pronunciation-n-kn/,Beginner,Beginner,pronunciation
1775,Spelling – Rules for Third Person ‘S’,writing,https://www.engvid.com/spelling-third-person-s/,Beginner,Beginner,writing
1776,IELTS Speaking Task 2 – How to succeed,IELTS speaking,https://www.engvid.com/ielts-speaking-task-2-how-to-succeed/,Advanced,Advanced,"ielts, speaking"
1777,“OFF” Phrasal Verbs – Business English,business english expressions vocabulary,https://www.engvid.com/off-phrasal-verbs-business-english/,Intermediate,Intermediate,"business english, expressions, vocabulary"
1778,How to change Basic English into Business English,business english vocabulary,https://www.engvid.com/how-to-change-basic-english-into-business-english/,Intermediate,Intermediate,"business english, vocabulary"
1779,"Writing – Transitions – THEREFORE, THUS, CONSEQUENTLY",writing,https://www.engvid.com/writing-transitions-therefore-thus-consequently/,Advanced,Advanced,writing
1780,Money slang in English $$$,slang vocabulary,https://www.engvid.com/money-slang/,Beginner,Beginner,"slang, vocabulary"
1781,How to use START and BEGIN in English (Vocabulary),vocabulary,https://www.engvid.com/start-begin/,Intermediate,Intermediate,vocabulary
1782,"English Vocabulary – ABOUT, ABOUT TO, NOT ABOUT TO",expressions vocabulary,https://www.engvid.com/english-vocabulary-about-to/,Intermediate,Intermediate,"expressions, vocabulary"
1783,"Speaking English – DEAL expressions – “big deal”, “deal with it”…",expressions,https://www.engvid.com/speaking-english-deal-expressions/,Intermediate,Intermediate,expressions
1784,How to discuss a topic in a group,business english culture & tips expressions speaking,https://www.engvid.com/how-to-discuss-a-topic-in-a-group/,"Intermediate, Advanced",Advanced,"business english, culture & tips, expressions, speaking"
1785,Learn English – ALL or WHOLE?,grammar,https://www.engvid.com/all-whole/,Intermediate,Intermediate,grammar
1786,"Basic English Grammar – TOO MUCH, TOO MANY, A LOT OF",grammar,https://www.engvid.com/basic-english-grammar-too-much-too-many-a-lot-of/,Beginner,Beginner,grammar
1787,5 Native English Speaker Mistakes,grammar,https://www.engvid.com/5-native-english-speaker-mistakes/,Advanced,Advanced,grammar
1788,IELTS Speaking Task 1 – How to get a high score,IELTS,https://www.engvid.com/ielts-speaking-task-1/,Advanced,Advanced,ielts
1789,"Vocabulary: ONLY, JUST, BARELY, MERELY",vocabulary,https://www.engvid.com/vocabulary-only-just-barely-merely/,Intermediate,Intermediate,vocabulary
1790,“AT ALL!” – How to make a strong point in English!,expressions speaking vocabulary,https://www.engvid.com/at-all/,Beginner,Beginner,"expressions, speaking, vocabulary"
1791,Basic English Vocabulary – SEEM,grammar vocabulary,https://www.engvid.com/basic-english-vocabulary-seem/,Beginner,Beginner,"grammar, vocabulary"
1792,"Slang in English – CHILL – “chill out”, “let’s chill”…",slang vocabulary,https://www.engvid.com/english-slang-chill/,Beginner,Beginner,"slang, vocabulary"
1793,"5 Phrasal Verbs with GET – get up, get along, get ahead, get by…",,https://www.engvid.com/5-phrasal-verbs-get/,Intermediate,Intermediate,
1794,English Grammar – “try to do” or “try doing”?,grammar,https://www.engvid.com/try-to-do-try-doing/,Intermediate,Intermediate,grammar
1795,"Vocabulary – REMEMBER, RECALL, REMIND",vocabulary,https://www.engvid.com/vocabulary-remember-recall-remind/,Advanced,Advanced,vocabulary
1796,5 ways to say YES in English!,expressions vocabulary,https://www.engvid.com/5-ways-to-say-yes/,Beginner,Beginner,"expressions, vocabulary"
1797,English Grammar – UNLESS & IF NOT – negative conditional,grammar,https://www.engvid.com/english-grammar-negative-conditional/,Advanced,Advanced,grammar
1798,Pronunciation – QU,pronunciation,https://www.engvid.com/pronunciation-qu/,Beginner,Beginner,pronunciation
1799,Learn English with 5 Jokes,comprehension speaking vocabulary,https://www.engvid.com/learn-english-with-5-jokes/,Advanced,Advanced,"comprehension, speaking, vocabulary"
1800,Vocabulary – Beside & Besides,grammar vocabulary,https://www.engvid.com/vocabulary-beside-besides/,Intermediate,Intermediate,"grammar, vocabulary"
1801,"Phrasal verbs – OFF – make off, get off, pull off…",expressions vocabulary,https://www.engvid.com/phrasal-verbs-off/,Intermediate,Intermediate,"expressions, vocabulary"
1802,Introduction to the TOEIC,business english TOEIC,https://www.engvid.com/introduction-to-the-toeic/,Intermediate,Intermediate,business english
1803,English Grammar – comparing with LIKE & AS,grammar vocabulary,https://www.engvid.com/english-grammar-comparing-with-like-as/,Advanced,Advanced,"grammar, vocabulary"
1804,How to change a verb into a noun!,grammar vocabulary,https://www.engvid.com/change-verbs-into-nouns/,Intermediate,Intermediate,"grammar, vocabulary"
1805,Writing – Passive verbs with ‘that’ clauses – “It is thought that…”,grammar writing,https://www.engvid.com/writing-passive-verbs-that-clauses/,Advanced,Advanced,"grammar, writing"
1806,IELTS & TOEFL Vocabulary – Technology,IELTS TOEFL vocabulary writing,https://www.engvid.com/technology-vocabulary/,Intermediate,Intermediate,"ielts, vocabulary, writing"
1807,Alright or All right?,grammar,https://www.engvid.com/alright-all-right/,Intermediate,Intermediate,grammar
1808,Polite English: How to offer help,expressions speaking,https://www.engvid.com/polite-english-how-to-offer-help/,Intermediate,Intermediate,"expressions, speaking"
1809,"Writing – Transitions – in addition, moreover, furthermore, another",IELTS TOEFL writing,https://www.engvid.com/writing-transitions/,Advanced,Advanced,"ielts, writing"
1810,"Pronunciation – words ending with X, T, CK",pronunciation,https://www.engvid.com/pronunciation-x-t-ck/,"Beginner, Intermediate, Advanced",Advanced,pronunciation
1811,English Vocabulary – CATS & DOGS,vocabulary,https://www.engvid.com/vocabulary-cats-dogs/,Intermediate,Intermediate,vocabulary
1812,Between or Among?,grammar vocabulary,https://www.engvid.com/between-or-among/,Intermediate,Intermediate,"grammar, vocabulary"
1813,Pronunciation Tricks – The Magic E,pronunciation,https://www.engvid.com/pronunciation-tricks-the-magic-e/,Intermediate,Intermediate,pronunciation
1814,Basic English Grammar – Find the 5 mistakes!,culture & tips grammar,https://www.engvid.com/basic-english-grammar-find-the-5-mistakes/,Beginner,Beginner,"culture & tips, grammar"
1815,Everyday or every day?,vocabulary,https://www.engvid.com/everyday-or-every-day/,Intermediate,Intermediate,vocabulary
1816,Basic MATH vocabulary in English,vocabulary,https://www.engvid.com/basic-math-vocabulary/,Beginner,Beginner,vocabulary
1817,Verbs Followed by Gerunds and Infinitives,English resource grammar,https://www.engvid.com/english-resource/verbs-followed-by-gerunds-and-infinitives/,,Unspecified,"english resource, grammar"
1818,10 common verbs followed by gerunds,grammar,https://www.engvid.com/10-common-verbs-followed-by-gerunds/,Intermediate,Intermediate,grammar
1819,6 tips for dealing with speaking anxiety,culture & tips speaking,https://www.engvid.com/6-tips-for-dealing-with-speaking-anxiety/,"Beginner, Intermediate, Advanced",Advanced,"culture & tips, speaking"
1820,A WHILE or AWHILE?,grammar vocabulary,https://www.engvid.com/a-while-or-awhile/,Advanced,Advanced,"grammar, vocabulary"
1821,Speaking English: The easy way to ask questions,culture & tips grammar,https://www.engvid.com/the-easy-way-to-ask-questions/,Beginner,Beginner,"culture & tips, grammar"
1822,"‘Knock’ in Phrasal Verbs – knock out, knock up, knock over…",expressions vocabulary,https://www.engvid.com/phrasal-verbs-knock/,Beginner,Beginner,"expressions, vocabulary"
1823,"6 Confusing Words: fun & funny, famous & popular, surprise & shock",vocabulary,https://www.engvid.com/6-confusing-words/,Intermediate,Intermediate,vocabulary
1824,Advanced English Grammar – Adjective Clauses + Quantifiers,grammar,https://www.engvid.com/adjective-clauses-quantifiers/,Advanced,Advanced,grammar
1825,13 BOOK Expressions in English,expressions,https://www.engvid.com/13-book-expressions/,Intermediate,Intermediate,expressions
1826,4 ways to understand more in English,comprehension culture & tips,https://www.engvid.com/4-listening-comprehension-tips/,Advanced,Advanced,"comprehension, culture & tips"
1827,English Grammar Tricks – Countable & Uncountable Nouns,grammar vocabulary,https://www.engvid.com/countable-uncountable-nouns/,Intermediate,Intermediate,"grammar, vocabulary"
1828,English Vocabulary – ACTUALLY,vocabulary,https://www.engvid.com/english-vocabulary-actually/,Beginner,Beginner,vocabulary
1829,100 Common Job Interview Questions,English resource business english culture & tips,https://www.engvid.com/english-resource/100-common-job-interview-questions/,,Unspecified,"business english, culture & tips, english resource"
1830,How to pronounce ‘H’ in English — not ‘A’ or ‘R’!,pronunciation,https://www.engvid.com/pronunciation-h/,Beginner,Beginner,pronunciation
1831,Less or Fewer?,grammar,https://www.engvid.com/less-or-fewer/,Advanced,Advanced,grammar
1832,Speaking English – Going to the hairdresser,expressions vocabulary,https://www.engvid.com/speaking-english-going-to-the-hairdresser/,Beginner,Beginner,"expressions, vocabulary"
1833,“I seen it” and other stupid mistakes,culture & tips grammar,https://www.engvid.com/i-seen-it-and-other-stupid-mistakes/,Intermediate,Intermediate,"culture & tips, grammar"
1834,Basic English Grammar – Can you find the errors?,culture & tips grammar,https://www.engvid.com/basic-english-grammar-find-the-errors/,Beginner,Beginner,"culture & tips, grammar"
1835,English Grammar – “I wish…” – Subjunctive,grammar vocabulary,https://www.engvid.com/wish-subjunctive/,Advanced,Advanced,"grammar, vocabulary"
1836,Tenses in English – Future or Present Continuous?,grammar,https://www.engvid.com/tenses-in-english-future-or-present-continuous/,Advanced,Advanced,grammar
1837,10 common verbs followed by infinitives,grammar,https://www.engvid.com/10-verbs-followed-by-infinitives/,Beginner,Beginner,grammar
1838,5 tips to improve your writing,business english TOEFL writing,https://www.engvid.com/5-tips-to-improve-your-writing/,Intermediate,Intermediate,"business english, writing"
1839,TOO and SO: How to use them properly,grammar,https://www.engvid.com/too-or-so/,Intermediate,Intermediate,grammar
1840,Conversational English – How to Generalize,vocabulary writing,https://www.engvid.com/conversational-english-how-to-generalize/,"Intermediate, Advanced",Advanced,"vocabulary, writing"
1841,"Vocabulary – though, although, even though, despite, in spite of",vocabulary,https://www.engvid.com/vocabulary-though/,Intermediate,Intermediate,vocabulary
1842,Vowel Pronunciation – A & O,pronunciation,https://www.engvid.com/pronunciation-a-o/,Beginner,Beginner,pronunciation
1843,Farther or Further?,grammar,https://www.engvid.com/farther-further/,Intermediate,Intermediate,grammar
1844,“I stopped smoking” or “I stopped to smoke”?,grammar vocabulary,https://www.engvid.com/stopped-or-stopped-to/,Intermediate,Intermediate,"grammar, vocabulary"
1845,"English Vocabulary Pyramid – VENT – adventure, convenient, eventually…",vocabulary,https://www.engvid.com/vocabulary-pyramid-vent/,Intermediate,Intermediate,vocabulary
1846,"Conversational English – Adjective Pairs – “Short and sweet”, etc.",speaking vocabulary,https://www.engvid.com/conversational-english-adjective-pairs/,Beginner,Beginner,"speaking, vocabulary"
1847,"Vocabulary – LIVE, LIFE, ALIVE, LIVING",vocabulary,https://www.engvid.com/vocabulary-life/,Intermediate,Intermediate,vocabulary
1848,How to Remember Vocabulary,culture & tips vocabulary,https://www.engvid.com/how-to-remember-vocabulary/,"Beginner, Intermediate, Advanced",Advanced,"culture & tips, vocabulary"
1849,When to use ‘THE’ with country names,grammar,https://www.engvid.com/when-to-use-the-with-country-names/,Intermediate,Intermediate,grammar
1850,"When to use ‘the’ with country names (+ lakes, rivers, and more)",English resource vocabulary writing,https://www.engvid.com/english-resource/the-with-country-names-lakes-rivers/,,Unspecified,"english resource, vocabulary, writing"
1851,How to talk about children: Common Expressions,IELTS speaking TOEFL vocabulary writing,https://www.engvid.com/children-common-expressions/,Intermediate,Intermediate,"ielts, speaking, vocabulary, writing"
1852,Assume or Presume?,vocabulary,https://www.engvid.com/assume-or-presume/,Advanced,Advanced,vocabulary
1853,Conversational English – Asking “How about…?”,speaking,https://www.engvid.com/conversational-english-how-about/,Intermediate,Intermediate,speaking
1854,"Writing – How to use ETC., AND SO ON, …",vocabulary writing,https://www.engvid.com/etc-so-on-ellipsis/,Intermediate,Intermediate,"vocabulary, writing"
1855,Vowel Pronunciation – u (uh/oo),pronunciation,https://www.engvid.com/vowel-pronunciation-u/,"Beginner, Intermediate",Intermediate,pronunciation
1856,"When to use ‘THE’ with names of seas, oceans, and rivers",grammar,https://www.engvid.com/when-to-use-the-with-bodies-of-water/,Intermediate,Intermediate,grammar
1857,5 useful email expressions,business english expressions writing,https://www.engvid.com/5-useful-email-expressions/,Intermediate,Intermediate,"business english, expressions, writing"
1858,Reading skills that work – for tests and in class,culture & tips,https://www.engvid.com/reading-skills-that-work/,"Beginner, Intermediate, Advanced",Advanced,culture & tips
1859,Conversation Skills – The secret to successful socializing,culture & tips speaking,https://www.engvid.com/conversation-skills-socializing/,Intermediate,Intermediate,"culture & tips, speaking"
1860,"Speaking English – TOO MUCH, ENOUGH, NOT ENOUGH",grammar vocabulary,https://www.engvid.com/too-much-not-enough/,Beginner,Beginner,"grammar, vocabulary"
1861,Speaking English – Bad Habits,culture & tips expressions vocabulary,https://www.engvid.com/bad-habits/,Beginner,Beginner,"culture & tips, expressions, vocabulary"
1862,"Pronunciation – TH – through, weather, lethal, breath, breathe",pronunciation,https://www.engvid.com/pronunciation-th/,Beginner,Beginner,pronunciation
1863,Then or Than?,grammar vocabulary writing,https://www.engvid.com/then-than/,Beginner,Beginner,"grammar, vocabulary, writing"
1864,How to talk about sports in English,vocabulary,https://www.engvid.com/sports-vocabulary/,Intermediate,Intermediate,vocabulary
1865,Conversational English – How to make polite requests,culture & tips speaking,https://www.engvid.com/conversational-english-polite-requests/,Beginner,Beginner,"culture & tips, speaking"
1866,"Vocabulary – WARRANTY, GUARANTEE, REBATE, EXCHANGE, CREDIT",vocabulary,https://www.engvid.com/vocabulary-warranty-guarantee/,Intermediate,Intermediate,vocabulary
1867,Conversation Skills – Learn new words and keep a conversation going!,culture & tips speaking vocabulary,https://www.engvid.com/conversation-skills-learn-new-words/,"Beginner, Intermediate",Intermediate,"culture & tips, speaking, vocabulary"
1868,Yes/No questions for advanced English students,grammar speaking,https://www.engvid.com/advanced-yes-no-questions/,Advanced,Advanced,"grammar, speaking"
1869,8 things NOT to say to women,business english culture & tips slang speaking vocabulary,https://www.engvid.com/8-things-not-to-say-to-women/,Intermediate,Intermediate,"business english, culture & tips, slang, speaking, vocabulary"
1870,James’s 100th Birthday Party!!!,vocabulary,https://www.engvid.com/james-100/,Advanced,Advanced,vocabulary
1871,Speaking English – Discussing Advantages & Disadvantages,business english vocabulary,https://www.engvid.com/advantages-disadvantages/,Advanced,Advanced,"business english, vocabulary"
1872,"Vocabulary – sometimes, sometime, some time, always, all ways",vocabulary,https://www.engvid.com/vocabulary-sometimes-always/,Intermediate,Intermediate,vocabulary
1873,Speaking English – Talking about your age,expressions grammar vocabulary,https://www.engvid.com/talking-about-age/,Beginner,Beginner,"expressions, grammar, vocabulary"
1874,English Vocabulary – WORTH,vocabulary,https://www.engvid.com/english-vocabulary-worth/,Intermediate,Intermediate,vocabulary
1875,"A lot, alot, lots, allot",grammar vocabulary,https://www.engvid.com/alot/,Beginner,Beginner,"grammar, vocabulary"
1876,Speaking English – Clean yourself!!!,vocabulary,https://www.engvid.com/speaking-english-clean-yourself/,Intermediate,Intermediate,vocabulary
1877,Basic English Grammar – Using “to be” to describe your life,grammar speaking,https://www.engvid.com/use-to-be-to-describe-your-life/,Beginner,Beginner,"grammar, speaking"
1878,Phrasal Verbs As Nouns,vocabulary writing,https://www.engvid.com/phrasal-verbs-as-nouns/,Advanced,Advanced,"vocabulary, writing"
1879,"Basic English Grammar – Noun, Verb, Adjective, Adverb",grammar,https://www.engvid.com/basics-noun-verb-adjective-adverb/,Beginner,Beginner,grammar
1880,Adjective & Preposition Combinations (English Grammar),grammar,https://www.engvid.com/adjective-preposition-combinations/,Intermediate,Intermediate,grammar
1881,"Pronunciation – DU – education, schedule, individual, procedure…",pronunciation,https://www.engvid.com/pronunciation-du/,Intermediate,Intermediate,pronunciation
1882,Master English with these 5 questions!,culture & tips,https://www.engvid.com/master-english-5-questions/,"Beginner, Intermediate, Advanced",Advanced,culture & tips
1883,Conversational English – What are Embedded Questions?,grammar speaking,https://www.engvid.com/conversational-english-embedded-questions/,Intermediate,Intermediate,"grammar, speaking"
1884,"EITHER, NEITHER, SO, TOO – How to agree and disagree in English",grammar,https://www.engvid.com/either-neither-so-too/,Beginner,Beginner,grammar
1885,Vocabulary – Renting an Apartment,vocabulary,https://www.engvid.com/vocabulary-renting-an-apartment/,Beginner,Beginner,vocabulary
1886,"Common Mistakes: SOON, EARLY, QUICK, FAST",vocabulary,https://www.engvid.com/soon-early-quick-fast/,Beginner,Beginner,vocabulary
1887,"English Vocabulary & Slang to talk about AGE: retro, dated, antique, old school",slang vocabulary,https://www.engvid.com/age-slang-vocabulary/,Intermediate,Intermediate,"slang, vocabulary"
1888,"Vocabulary – Immigrate, Emigrate, Migrate",grammar vocabulary,https://www.engvid.com/vocabulary-immigrate-emigrate-migrate/,Intermediate,Intermediate,"grammar, vocabulary"
1889,AGO & FROM NOW – Talking about time in English,grammar,https://www.engvid.com/ago-from-now/,Beginner,Beginner,grammar
1890,Conversational English – So & Such,grammar vocabulary,https://www.engvid.com/so-such/,Beginner,Beginner,"grammar, vocabulary"
1891,"The Passive: When, why, and how to use it",grammar IELTS TOEFL writing,https://www.engvid.com/the-passive-when-why-and-how-to-use-it/,"Intermediate, Advanced",Advanced,"grammar, ielts, writing"
1892,"Superlative Adjectives – biggest, best, most beautiful, etc.",grammar,https://www.engvid.com/superlative-adjectives/,Beginner,Beginner,grammar
1893,Common Mistakes: SHADE or SHADOW?,vocabulary,https://www.engvid.com/common-mistakes-shade-shadow/,Intermediate,Intermediate,vocabulary
1894,Possessive Gerunds,grammar,https://www.engvid.com/possessive-gerunds/,Advanced,Advanced,grammar
1895,"Pronunciation – TU – culture, lecture, actually, fortune…",pronunciation,https://www.engvid.com/pronunciation-tu/,Intermediate,Intermediate,pronunciation
1896,What are the senses in English?,expressions vocabulary,https://www.engvid.com/senses-in-english/,Advanced,Advanced,"expressions, vocabulary"
1897,Polite English – How to give advice,business english speaking,https://www.engvid.com/polite-english-giving-advice/,Advanced,Advanced,"business english, speaking"
1898,"Vocabulary – OTHER, ANOTHER, OTHERS, THE OTHER, OTHERWISE",grammar vocabulary,https://www.engvid.com/other-another-otherwise/,Intermediate,Intermediate,"grammar, vocabulary"
1899,Speaking English – How to count syllables,pronunciation speaking,https://www.engvid.com/how-to-count-syllables/,Beginner,Beginner,"pronunciation, speaking"
1900,5 great ways to improve your English!,culture & tips,https://www.engvid.com/5-great-ways-to-improve-your-english/,"Beginner, Intermediate",Intermediate,culture & tips
1901,Irregular Plural Nouns,pronunciation vocabulary,https://www.engvid.com/irregular-plural-nouns/,Beginner,Beginner,"pronunciation, vocabulary"
1902,Grammar Mistakes – GROW or GROW UP?,grammar vocabulary,https://www.engvid.com/grow-or-grow-up/,Beginner,Beginner,"grammar, vocabulary"
1903,-ING or -ED? Adjective endings in English,grammar,https://www.engvid.com/adjective-endings-ing-ed/,Advanced,Advanced,grammar
1904,Using identical pairs to emphasize your point,culture & tips expressions vocabulary,https://www.engvid.com/identical-pairs/,Intermediate,Intermediate,"culture & tips, expressions, vocabulary"
1905,How to talk about your friends in English,vocabulary,https://www.engvid.com/how-to-talk-about-your-friends-in-english/,Beginner,Beginner,vocabulary
1906,6 words with meanings that will surprise you,vocabulary,https://www.engvid.com/6-words-meanings-surprise/,Beginner,Beginner,vocabulary
1907,Quick Slang – Talking about being excited!,slang vocabulary,https://www.engvid.com/excited-slang/,Intermediate,Intermediate,"slang, vocabulary"
1908,Grammar Mistakes – LIE or LAY?,grammar vocabulary,https://www.engvid.com/lie-or-lay/,Advanced,Advanced,"grammar, vocabulary"
1909,How does stress change the meaning of a sentence?,comprehension speaking,https://www.engvid.com/stress-meaning-sentence/,Intermediate,Intermediate,"comprehension, speaking"
1910,7 Common School Expressions in English,expressions vocabulary,https://www.engvid.com/7-common-school-expressions-in-english/,Beginner,Beginner,"expressions, vocabulary"
1911,Past Simple & Present Perfect,grammar,https://www.engvid.com/past-simple-present-perfect/,"Intermediate, Advanced",Advanced,grammar
1912,Vocabulary – going to the beach,vocabulary,https://www.engvid.com/beach-vocabulary/,Beginner,Beginner,vocabulary
1913,Listening Comprehension for Beginners – “under the weather”,comprehension,https://www.engvid.com/listening-comprehension-under-the-weather/,Beginner,Beginner,comprehension
1914,"Cardinal and Ordinal Numbers – FIRST, SECOND, THIRD, FOURTH…",grammar pronunciation,https://www.engvid.com/cardinal-and-ordinal-numbers/,Beginner,Beginner,"grammar, pronunciation"
1915,Gender-inclusive Language – How to avoid sexism,culture & tips grammar vocabulary writing,https://www.engvid.com/gender-inclusive-language/,"Beginner, Intermediate, Advanced",Advanced,"culture & tips, grammar, vocabulary, writing"
1916,3 common conversation mistakes,culture & tips speaking,https://www.engvid.com/3-common-conversation-mistakes/,"Intermediate, Advanced",Advanced,"culture & tips, speaking"
1917,"Prepositions – Arrive AT, ON, or IN?",grammar,https://www.engvid.com/arrive-at-on-in/,Beginner,Beginner,grammar
1918,Rude slang for body parts,slang,https://www.engvid.com/rude-body-parts-slang/,Intermediate,Intermediate,slang
1919,University degrees in North America,culture & tips vocabulary,https://www.engvid.com/university-degrees-in-north-america/,Advanced,Advanced,"culture & tips, vocabulary"
1920,6 Simple Phrasal Verbs,expressions vocabulary,https://www.engvid.com/6-simple-phrasal-verbs/,Beginner,Beginner,"expressions, vocabulary"
1921,Vocabulary – The Olympics,vocabulary,https://www.engvid.com/vocabulary-olympics/,Intermediate,Intermediate,vocabulary
1922,Slang & Vocabulary in English – BLOW,slang vocabulary,https://www.engvid.com/slang-blow/,Intermediate,Intermediate,"slang, vocabulary"
1923,Speaking English – Pregnancy & Having a Baby,vocabulary,https://www.engvid.com/speaking-english-pregnancy-baby/,Intermediate,Intermediate,vocabulary
1924,"A, AN, THE – Articles in English",grammar,https://www.engvid.com/a-an-the-articles-in-english/,Beginner,Beginner,grammar
1925,"English Vocabulary – afraid, afraid of, scared of, fear",vocabulary,https://www.engvid.com/english-vocabulary-fear/,Intermediate,Intermediate,vocabulary
1926,"Writing – When to use commas with AND, BUT, OR, FOR, SO, YET…",writing,https://www.engvid.com/commas-coordinating-conjunctions/,Advanced,Advanced,writing
1927,Grammar Mistakes – RISE or RAISE?,grammar vocabulary,https://www.engvid.com/rise-or-raise/,Beginner,Beginner,"grammar, vocabulary"
1928,3 ways to use adverbs,grammar,https://www.engvid.com/3-ways-to-use-adverbs/,Intermediate,Intermediate,grammar
1929,"4 Grammar Mistakes: MYSELF, YOURSELF & Other Reflexive Pronouns",grammar,https://www.engvid.com/reflexive-pronoun-mistakes/,Advanced,Advanced,grammar
1930,Pronunciation – R,pronunciation,https://www.engvid.com/pronunciation-r/,Beginner,Beginner,pronunciation
1931,6 Dog Idioms in English,expressions,https://www.engvid.com/dog-idioms/,Beginner,Beginner,expressions
1932,"English Vocabulary – Assure, Ensure, Insure",business english vocabulary,https://www.engvid.com/assure-ensure-insure/,Intermediate,Intermediate,"business english, vocabulary"
1933,3 rules for improving your English immediately,culture & tips,https://www.engvid.com/3-rules-for-improving-your-english-immediately/,"Beginner, Intermediate, Advanced",Advanced,culture & tips
1934,"Conversational English – Short, easy questions",grammar speaking,https://www.engvid.com/conversational-english-short-questions/,Beginner,Beginner,"grammar, speaking"
1935,British & American English: Food Vocabulary,vocabulary,https://www.engvid.com/british-american-english-food-vocabulary/,"Beginner, Intermediate, Advanced",Advanced,vocabulary
1936,Listening Comprehension – Learn English with dirty jokes,comprehension expressions slang vocabulary,https://www.engvid.com/listening-comprehension-dirty-jokes/,Advanced,Advanced,"comprehension, expressions, slang, vocabulary"
1937,Internet Vocabulary,vocabulary,https://www.engvid.com/internet-vocabulary/,Intermediate,Intermediate,vocabulary
1938,Prepositions in English – OF,grammar,https://www.engvid.com/prepositions-in-english-of/,Intermediate,Intermediate,grammar
1939,5 common mistakes in spoken English,culture & tips speaking vocabulary,https://www.engvid.com/5-common-spoken-english-mistakes/,Intermediate,Intermediate,"culture & tips, speaking, vocabulary"
1940,Past Perfect Tense,grammar,https://www.engvid.com/past-perfect-tense/,Advanced,Advanced,grammar
1941,How to improve your listening in English,comprehension culture & tips,https://www.engvid.com/improve-your-listening-in-english/,"Beginner, Intermediate, Advanced",Advanced,"comprehension, culture & tips"
1942,Conditionals – second & third conditionals (English Grammar),grammar,https://www.engvid.com/second-third-conditionals/,Advanced,Advanced,grammar
1943,SAY & TELL – Reported Speech,grammar,https://www.engvid.com/say-tell-reported-speech/,Intermediate,Intermediate,grammar
1944,Using the PASSIVE voice in English to avoid responsibility,business english grammar,https://www.engvid.com/passive-responsibility/,Intermediate,Intermediate,"business english, grammar"
1945,Slang in English – SUCK,slang vocabulary,https://www.engvid.com/slang-in-english-suck/,Intermediate,Intermediate,"slang, vocabulary"
1946,“Sorry!” – 5 ways to apologize in English,expressions speaking vocabulary,https://www.engvid.com/ways-to-apologize-sorry/,Beginner,Beginner,"expressions, speaking, vocabulary"
1947,Conditionals – zero & first conditionals (English Grammar),grammar,https://www.engvid.com/zero-and-first-conditionals/,Intermediate,Intermediate,grammar
1948,How to use the word ABOVE in English,vocabulary,https://www.engvid.com/above-below/,Beginner,Beginner,vocabulary
1949,Sort of/Kind of,speaking vocabulary,https://www.engvid.com/sort-of-kind-of/,Intermediate,Intermediate,"speaking, vocabulary"
1950,Writing in English – Comma Splices,writing,https://www.engvid.com/comma-splices/,Advanced,Advanced,writing
1951,The Top 3 English words you need to know – MAKE,grammar,https://www.engvid.com/top-3-english-words-make/,Intermediate,Intermediate,grammar
1952,Knowing English can save you money!,culture & tips expressions vocabulary,https://www.engvid.com/knowing-english-saves-money/,Intermediate,Intermediate,"culture & tips, expressions, vocabulary"
1953,Past Simple and Past Perfect – Tenses in English,grammar,https://www.engvid.com/past-simple-past-perfect/,Intermediate,Intermediate,grammar
1954,How to use the word OVER in English,vocabulary,https://www.engvid.com/how-to-use-over-in-english/,Intermediate,Intermediate,vocabulary
1955,“Oldest” and “Eldest” – What’s the difference?,vocabulary,https://www.engvid.com/oldest-eldest/,Intermediate,Intermediate,vocabulary
1956,3 expressions to improve your conversation skills,speaking vocabulary,https://www.engvid.com/3-expressions-for-conversations/,Intermediate,Intermediate,"speaking, vocabulary"
1957,How to MASTER your vocabulary,culture & tips vocabulary,https://www.engvid.com/how-to-master-your-vocabulary/,"Beginner, Intermediate, Advanced",Advanced,"culture & tips, vocabulary"
1958,Slow or Slowly? Understanding Adverbs of Manner,grammar,https://www.engvid.com/adverbs-of-manner/,Intermediate,Intermediate,grammar
1959,Present Perfect or Past Perfect?,grammar,https://www.engvid.com/present-perfect-or-past-perfect/,Intermediate,Intermediate,grammar
1960,How to read job ads in English – Understanding abbreviated writing styles,comprehension culture & tips vocabulary,https://www.engvid.com/job-ad-abbreviations/,Intermediate,Intermediate,"comprehension, culture & tips, vocabulary"
1961,Basic English Grammar – “Is” or “It’s”?,grammar,https://www.engvid.com/is-or-its/,Beginner,Beginner,grammar
1962,IELTS – How to get a high score on Task 1 of the IELTS,business english IELTS vocabulary writing,https://www.engvid.com/ielts-task-1-vocabulary/,Advanced,Advanced,"business english, ielts, vocabulary, writing"
1963,Slang in English – SCREW,slang vocabulary,https://www.engvid.com/english-slang-screw/,Intermediate,Intermediate,"slang, vocabulary"
1964,"Introduction to Reflexive Pronouns: Myself, Yourself, etc.",grammar,https://www.engvid.com/intro-reflexive-pronouns/,Advanced,Advanced,grammar
1965,British & American English: Irregular Verbs,culture & tips pronunciation writing,https://www.engvid.com/british-american-english-irregular-verbs/,"Beginner, Intermediate, Advanced",Advanced,"culture & tips, pronunciation, writing"
1966,Listening Comprehension – Understand Sports on TV!,comprehension culture & tips expressions vocabulary,https://www.engvid.com/listening-comprehension-sports/,Advanced,Advanced,"comprehension, culture & tips, expressions, vocabulary"
1967,Winter Vocabulary in English,vocabulary,https://www.engvid.com/winter-vocabulary-in-english/,Beginner,Beginner,vocabulary
1968,Pronunciation – words ending in S,pronunciation,https://www.engvid.com/pronunciation-words-ending-in-s/,Beginner,Beginner,pronunciation
1969,The Top 3 English words you need to know – GET,grammar,https://www.engvid.com/top-english-words-get/,Intermediate,Intermediate,grammar
1970,“Have you ever…?” How to use Present Perfect immediately,grammar,https://www.engvid.com/present-perfect/,Intermediate,Intermediate,grammar
1971,Speak like a Canadian,culture & tips slang vocabulary,https://www.engvid.com/canadian-english/,"Beginner, Intermediate, Advanced",Advanced,"culture & tips, slang, vocabulary"
1972,Advanced English pronunciation with poetry,pronunciation,https://www.engvid.com/advanced-pronunciation-poetry/,Advanced,Advanced,pronunciation
1973,English Grammar & Vocabulary – ‘Now’ and ‘Still’,grammar vocabulary,https://www.engvid.com/now-still/,Intermediate,Intermediate,"grammar, vocabulary"
1974,Speaking English – Talking about disability,business english culture & tips expressions speaking vocabulary,https://www.engvid.com/disability-vocabulary/,Advanced,Advanced,"business english, culture & tips, expressions, speaking, vocabulary"
1975,"Could have, would have, should have – modals of lost opportunity",grammar,https://www.engvid.com/could-would-should-modals/,Intermediate,Intermediate,grammar
1976,6 ways to use the verb ‘GO’ in English,grammar,https://www.engvid.com/6-ways-to-use-go/,Beginner,Beginner,grammar
1977,How to understand native speakers’ questions in English,comprehension culture & tips pronunciation speaking,https://www.engvid.com/understand-native-speakers-questions/,Advanced,Advanced,"comprehension, culture & tips, pronunciation, speaking"
1978,Conversation Skills – Asking Questions,speaking,https://www.engvid.com/conversation-skills-asking-questions/,Beginner,Beginner,speaking
1979,English Grammar – The Subjunctive,grammar,https://www.engvid.com/english-grammar-subjunctive/,Advanced,Advanced,grammar
1980,"Basic English Grammar – MOST, ALMOST, or ALMOST ALL?",grammar,https://www.engvid.com/most-almost-or-almost-all/,Beginner,Beginner,grammar
1981,Writing in English: How to start any letter,IELTS writing,https://www.engvid.com/writing-english-starting-letters/,Intermediate,Intermediate,"ielts, writing"
1982,"Need to, have to, must – modals of necessity",grammar,https://www.engvid.com/modals-of-necessity/,Intermediate,Intermediate,grammar
1983,"How slang is “made” in English – bad-ass, wicked, deadly, sick",slang vocabulary,https://www.engvid.com/how-slang-is-made/,"Beginner, Intermediate, Advanced",Advanced,"slang, vocabulary"
1984,Prepositions in English – on time or in time?,grammar,https://www.engvid.com/prepositions-in-on-time/,Intermediate,Intermediate,grammar
1985,Money vocabulary and expressions in English $$$,expressions vocabulary,https://www.engvid.com/money-vocabulary-expressions/,Beginner,Beginner,"expressions, vocabulary"
1986,"Master Modals with the SEAM Method, Part 3 – Preference & Opinion",grammar,https://www.engvid.com/master-modals-seam-3/,Intermediate,Intermediate,grammar
1987,English Grammar – By or Until?,grammar,https://www.engvid.com/by-until/,Intermediate,Intermediate,grammar
1988,Practical English Vocabulary: Shopping in a mall,vocabulary,https://www.engvid.com/shopping-mall-vocabulary/,Beginner,Beginner,vocabulary
1989,Spelling & Pronunciation – Words with Silent Letters,writing,https://www.engvid.com/spelling-pronunciation-silent-letters/,Intermediate,Intermediate,writing
1990,English Vocabulary – End or Finish?,vocabulary,https://www.engvid.com/english-vocabulary-end-finish/,Intermediate,Intermediate,vocabulary
1991,"Texting slang – jk, idk, ttyl, cya, tmi, np, k",slang vocabulary,https://www.engvid.com/texting-slang/,Beginner,Beginner,"slang, vocabulary"
1992,How to Use Auxiliary Verbs in Conversations,grammar,https://www.engvid.com/auxiliary-verbs-in-conversations/,Intermediate,Intermediate,grammar
1993,Slang in English: ‘What the hell’ and other HELL expressions,expressions slang vocabulary,https://www.engvid.com/hell-slang/,Intermediate,Intermediate,"expressions, slang, vocabulary"
1994,Speaking English – How to talk about your friends,speaking vocabulary,https://www.engvid.com/speaking-english-friends/,Intermediate,Intermediate,"speaking, vocabulary"
1995,British & American English: Cars & Driving Vocabulary,vocabulary,https://www.engvid.com/british-american-english-cars-driving/,Advanced,Advanced,vocabulary
1996,Listening Comprehension – Biography of Clint Eastwood,comprehension speaking vocabulary,https://www.engvid.com/listening-comprehension-clint-eastwood/,Intermediate,Intermediate,"comprehension, speaking, vocabulary"
1997,"“Yes, I do” or “Yes, I have”? – Speaking English",grammar speaking,https://www.engvid.com/yes-i-do-or-yes-i-have/,Beginner,Beginner,"grammar, speaking"
1998,Slang in English – BREAK,slang vocabulary,https://www.engvid.com/slang-in-english-break/,Intermediate,Intermediate,"slang, vocabulary"
1999,Passed or Past?,vocabulary,https://www.engvid.com/passed-or-past/,Beginner,Beginner,vocabulary
2000,Practical English: How to write a check,business english writing,https://www.engvid.com/practical-english-write-a-check/,"Beginner, Intermediate, Advanced",Advanced,"business english, writing"
2001,Basic English Grammar – TO BE verb,grammar,https://www.engvid.com/basic-english-grammar-to-be/,Beginner,Beginner,grammar
2002,English Grammar – How to compare: “as cold as ice”,grammar,https://www.engvid.com/english-grammar-compare/,Beginner,Beginner,grammar
2003,"‘Put’ in Phrasal Verbs – put down, put back, put off, put up",expressions,https://www.engvid.com/phrasal-verbs-put/,Intermediate,Intermediate,expressions
2004,"English Grammar: Modifying Comparatives – a lot, far more, much, a little, slightly",grammar,https://www.engvid.com/english-grammar-modifying-comparatives/,Intermediate,Intermediate,grammar
2005,Improve your conversation skills with 3 expressions,speaking vocabulary,https://www.engvid.com/conversation-skills-3-expressions/,Intermediate,Intermediate,"speaking, vocabulary"
2006,Practical English: Understanding Medicine Labels,comprehension vocabulary,https://www.engvid.com/practical-english-medicine-labels/,Intermediate,Intermediate,"comprehension, vocabulary"
2007,DO & MAKE – How to talk about housework in English,grammar speaking,https://www.engvid.com/do-make-housework-in-english/,Intermediate,Intermediate,"grammar, speaking"
2008,Listening Comprehension – Legal Vocabulary in English,business english comprehension speaking vocabulary,https://www.engvid.com/listening-comprehension-legal-vocabulary/,Advanced,Advanced,"business english, comprehension, speaking, vocabulary"
2009,The Top 3 English words you need to know – HAVE,grammar vocabulary,https://www.engvid.com/top-english-words-have/,Intermediate,Intermediate,"grammar, vocabulary"
2010,"English Grammar – like, would like, be like",grammar,https://www.engvid.com/english-grammar-like/,Intermediate,Intermediate,grammar
2011,How to pronounce P and F in English,pronunciation,https://www.engvid.com/p-f-pronunciation/,"Beginner, Intermediate",Intermediate,pronunciation
2012,Singular or Plural? Subject-Verb Agreement in English Grammar,grammar writing,https://www.engvid.com/subject-verb-agreement/,Beginner,Beginner,"grammar, writing"
2013,How to improve your English with story building,culture & tips grammar writing,https://www.engvid.com/improve-english-story-building/,Beginner,Beginner,"culture & tips, grammar, writing"
2014,"Master Modals with the SEAM Method, Part 2 – Questions",grammar,https://www.engvid.com/master-modals-seam-2/,Intermediate,Intermediate,grammar
2015,5 Essential Communication Idioms in English,expressions,https://www.engvid.com/5-english-communication-idioms/,Intermediate,Intermediate,expressions
2016,Speaking English – Classroom vocabulary and expressions,speaking vocabulary,https://www.engvid.com/classroom-vocabulary/,Beginner,Beginner,"speaking, vocabulary"
2017,Getting a job – How to talk about your education,business english,https://www.engvid.com/getting-a-job-talk-about-education/,Intermediate,Intermediate,business english
2018,Listening Comprehension – Learn English with strange news!,comprehension speaking,https://www.engvid.com/listening-comprehension-news/,Beginner,Beginner,"comprehension, speaking"
2019,"How to pronounce TH, S, F sounds in English",pronunciation,https://www.engvid.com/pronounce-th-s-f/,Intermediate,Intermediate,pronunciation
2020,Slang in English – PISS,slang vocabulary,https://www.engvid.com/piss-slang/,Advanced,Advanced,"slang, vocabulary"
2021,Pronouncing Nationalities in English,pronunciation,https://www.engvid.com/pronouncing-nationalities-in-english/,Beginner,Beginner,pronunciation
2022,Holiday Vocabulary in English – Halloween (and idioms about DEATH),culture & tips expressions vocabulary,https://www.engvid.com/halloween-vocabulary/,Intermediate,Intermediate,"culture & tips, expressions, vocabulary"
2023,6 phrases in English using IT’S,expressions,https://www.engvid.com/its-idioms/,Beginner,Beginner,expressions
2024,Basic English Grammar – BE verb,grammar,https://www.engvid.com/basic-english-grammar-be/,Beginner,Beginner,grammar
2025,"Talk like a native speaker – “gonna”, “haveta”, “wanna”",comprehension pronunciation slang speaking,https://www.engvid.com/gonna-haveta-wanna/,Intermediate,Intermediate,"comprehension, pronunciation, slang, speaking"
2026,Past Simple or Present Perfect?,grammar,https://www.engvid.com/past-simple-or-present-perfect/,Intermediate,Intermediate,grammar
2027,Common Mistakes: “Could of” or “Could have”? (Could’ve / Would’ve / Should’ve),grammar,https://www.engvid.com/could-of-or-could-have/,Beginner,Beginner,grammar
2028,How to maximize your English learning,culture & tips,https://www.engvid.com/maximize-english-learning/,"Beginner, Intermediate, Advanced",Advanced,culture & tips
2029,Bar and Pub Slang,slang vocabulary,https://www.engvid.com/bar-and-pub-slang/,Advanced,Advanced,"slang, vocabulary"
2030,Speaking English – Talking about Accidents,speaking vocabulary,https://www.engvid.com/talking-about-accidents/,Intermediate,Intermediate,"speaking, vocabulary"
2031,Who? That? Which?,grammar,https://www.engvid.com/who-that-which/,Intermediate,Intermediate,grammar
2032,Learn English with Cooking: Making Blueberry Pancakes!,vocabulary,https://www.engvid.com/cooking-blueberry-pancakes/,Beginner,Beginner,vocabulary
2033,Polite English – Why do we use “would”?,grammar speaking,https://www.engvid.com/polite-english-would/,Advanced,Advanced,"grammar, speaking"
2034,Speaking English – 4 Ways to Order at a Restaurant,speaking,https://www.engvid.com/4-ways-to-order-at-a-restaurant/,Beginner,Beginner,speaking
2035,English Grammar – Gerund or Infinitive? (‘I like swimming’ or ‘I like to swim’?),grammar,https://www.engvid.com/gerund-or-infinitive/,Advanced,Advanced,grammar
2036,How to find a new job – Transferable Job Skills,business english culture & tips,https://www.engvid.com/transferable-job-skills/,Advanced,Advanced,"business english, culture & tips"
2037,5 Food Idioms in English,expressions,https://www.engvid.com/food-idioms/,Intermediate,Intermediate,expressions
2038,How NOT to Learn English – Studying English at Home,culture & tips,https://www.engvid.com/how-not-to-learn-english-at-home/,"Beginner, Intermediate, Advanced",Advanced,culture & tips
2039,English Vocabulary – School Slang,slang vocabulary,https://www.engvid.com/english-vocabulary-school-slang/,Beginner,Beginner,"slang, vocabulary"
2040,"TALK, SPEAK, TELL – What’s the difference?",speaking vocabulary,https://www.engvid.com/talk-speak-tell/,Intermediate,Intermediate,"speaking, vocabulary"
2041,When to capitalize names in English,writing,https://www.engvid.com/capitalizing-names/,Intermediate,Intermediate,writing
2042,English Verb Tenses,English resource grammar,https://www.engvid.com/english-resource/english-verb-tenses/,,Unspecified,"english resource, grammar"
2043,Talking about being sick – English health vocabulary,speaking vocabulary,https://www.engvid.com/talking-about-being-sick/,Beginner,Beginner,"speaking, vocabulary"
2044,"Prejudice Vocabulary – “racist”, “sexist”, “biased”, “ignorant”…",culture & tips vocabulary,https://www.engvid.com/prejudice-vocabulary/,Advanced,Advanced,"culture & tips, vocabulary"
2045,5 Important Phrasal Verbs for English Learners,expressions,https://www.engvid.com/5-important-phrasal-verbs-for-english-learners/,Intermediate,Intermediate,expressions
2046,English Grammar – Stative Verbs,grammar,https://www.engvid.com/english-grammar-stative-verbs/,Advanced,Advanced,grammar
2047,Basic English Grammar – Past Tense Questions,grammar,https://www.engvid.com/past-tense-questions/,Beginner,Beginner,grammar
2048,Learn Pronunciation with Poetry,pronunciation,https://www.engvid.com/pronunciation-poetry/,Advanced,Advanced,pronunciation
2049,"English Vocabulary – Negative Characteristics – arrogant, vain, snob…",culture & tips vocabulary,https://www.engvid.com/negative-characteristics-vocab/,Advanced,Advanced,"culture & tips, vocabulary"
2050,5 ways to say goodbye in English,speaking vocabulary,https://www.engvid.com/5-ways-to-say-goodbye/,Intermediate,Intermediate,"speaking, vocabulary"
2051,Conversation Skills – Speak with confidence,culture & tips speaking,https://www.engvid.com/conversation-skills-confidence/,"Beginner, Intermediate, Advanced",Advanced,"culture & tips, speaking"
2052,Confused Words – DESERT or DESSERT?,vocabulary,https://www.engvid.com/confused-words-desert-dessert/,Intermediate,Intermediate,vocabulary
2053,English Vocabulary – Talking about Shopping,vocabulary,https://www.engvid.com/english-vocabulary-shopping/,Beginner,Beginner,vocabulary
2054,"Master Modals with the SEAM method – may, might, could, etc.",grammar,https://www.engvid.com/master-modals-seam/,Intermediate,Intermediate,grammar
2055,English Grammar – Present Simple – WH- QUESTIONS,grammar,https://www.engvid.com/present-simple-wh-questions/,Beginner,Beginner,grammar
2056,Job Interview Skills – Questions and Answers,business english culture & tips,https://www.engvid.com/job-interview-questions-answers/,"Beginner, Intermediate, Advanced",Advanced,"business english, culture & tips"
2057,Short Answers in English,grammar speaking,https://www.engvid.com/short-answers/,Beginner,Beginner,"grammar, speaking"
2058,7 compound adjectives for describing people in English,vocabulary,https://www.engvid.com/compound-adjectives-for-describing-people/,Intermediate,Intermediate,vocabulary
2059,English Grammar – How to learn tenses – ALL tenses!!,culture & tips grammar,https://www.engvid.com/how-to-learn-tenses/,"Beginner, Intermediate",Intermediate,"culture & tips, grammar"
2060,English Grammar – Present Simple – YES/NO QUESTIONS,grammar,https://www.engvid.com/present-simple-yes-no/,Beginner,Beginner,grammar
2061,Basic English Grammar – WAS & WERE,grammar,https://www.engvid.com/was-were/,Beginner,Beginner,grammar
2062,Countable and Uncountable Nouns,English resource grammar,https://www.engvid.com/english-resource/countable-and-uncountable-nouns/,,Unspecified,"english resource, grammar"
2063,"Confused Words – Succeed, Success, Successful, Successfully",grammar vocabulary,https://www.engvid.com/confused-words-succeed/,Intermediate,Intermediate,"grammar, vocabulary"
2064,How to Write an Effective Essay: The Introduction,writing,https://www.engvid.com/effective-essay-introduction/,Intermediate,Intermediate,writing
2065,5 Common Irregular Past Tense Verbs,grammar,https://www.engvid.com/5-common-irregular-past-tense-verbs/,Beginner,Beginner,grammar
2066,Job Interview Skills – DOs and DON’Ts,business english culture & tips,https://www.engvid.com/job-interview-dos-and-donts/,"Beginner, Intermediate, Advanced",Advanced,"business english, culture & tips"
2067,"English Grammar – THIS, THAT, THESE, THOSE",grammar,https://www.engvid.com/this-that-these-those/,Beginner,Beginner,grammar
2068,"How NOT to Learn English, part 2",culture & tips,https://www.engvid.com/how-not-to-learn-english-2/,"Beginner, Intermediate, Advanced",Advanced,culture & tips
2069,"How to show possession in English – MY / MINE, HER / SHE / HERS, etc.",grammar,https://www.engvid.com/possession-my-mine/,Beginner,Beginner,grammar
2070,Conversation Skills – How to keep a conversation going,culture & tips speaking,https://www.engvid.com/keep-a-conversation-going/,Intermediate,Intermediate,"culture & tips, speaking"
2071,"English Idioms – ‘Time’ – Let’s call it a day, Long time no see, Crack of dawn, and more!",expressions,https://www.engvid.com/english-idioms-time/,Intermediate,Intermediate,expressions
2072,Business English Vocabulary – COLLABORATE or COOPERATE?,business english vocabulary,https://www.engvid.com/collaborate-cooperate/,Intermediate,Intermediate,"business english, vocabulary"
2073,"English Grammar – Adverb Suffixes: -ly, -wards, -wise",grammar vocabulary,https://www.engvid.com/adverb-suffixes/,Advanced,Advanced,"grammar, vocabulary"
2074,Improve your writing: Adverb Clauses,grammar writing,https://www.engvid.com/adverb-clauses/,Advanced,Advanced,"grammar, writing"
2075,Conversation Skills in English – Hesitation devices – uh…um…,culture & tips speaking,https://www.engvid.com/conversation-skills-hesitation/,"Beginner, Intermediate, Advanced",Advanced,"culture & tips, speaking"
2076,Confused Words – LOSE or LOOSE?,vocabulary,https://www.engvid.com/confused-words-lose-or-loose/,Intermediate,Intermediate,vocabulary
2077,English Pronunciation – B & V,pronunciation,https://www.engvid.com/english-pronunciation-b-v/,Beginner,Beginner,pronunciation
2078,How do modals work?,grammar,https://www.engvid.com/how-do-modals-work/,Intermediate,Intermediate,grammar
2079,That & Which,grammar writing,https://www.engvid.com/that-which/,Advanced,Advanced,"grammar, writing"
2080,Adverb Clauses,English resource grammar,https://www.engvid.com/english-resource/adverb-clauses/,,Unspecified,"english resource, grammar"
2081,"Slang in English – Bodily Noises – FART, BURP, YAWN, HICCUP, QUEEF",slang vocabulary,https://www.engvid.com/slang-bodily-noises/,"Beginner, Intermediate, Advanced",Advanced,"slang, vocabulary"
2082,Speaking English – When to use “THE” with places,grammar,https://www.engvid.com/using-the-with-places/,Beginner,Beginner,grammar
2083,How to give directions in English,speaking vocabulary,https://www.engvid.com/how-to-give-directions-in-english/,Intermediate,Intermediate,"speaking, vocabulary"
2084,"Speculation in the Present – MUST, HAS TO, HAS GOT TO",grammar speaking,https://www.engvid.com/speculation-in-the-present-must-has-to-has-got-to/,Intermediate,Intermediate,"grammar, speaking"
2085,English Idioms – ‘Hair’,expressions,https://www.engvid.com/english-idioms-hair/,Intermediate,Intermediate,expressions
2086,How to pronounce letters in English,pronunciation,https://www.engvid.com/how-to-pronounce-letters-in-english/,Beginner,Beginner,pronunciation
2087,Business English Vocabulary – CUSTOMER or CLIENT?,business english vocabulary,https://www.engvid.com/business-english-vocabulary-customer-or-client/,Beginner,Beginner,"business english, vocabulary"
2088,Present Simple Tense,grammar speaking,https://www.engvid.com/the-present-simple-tense/,Beginner,Beginner,"grammar, speaking"
2089,How to use NO & NOT in English,grammar,https://www.engvid.com/how-to-use-no-not-in-english/,Beginner,Beginner,grammar
2090,English Grammar – TO & FOR,grammar,https://www.engvid.com/english-grammar-to-for/,Beginner,Beginner,grammar
2091,How to talk about your birthday and birthplace,grammar speaking,https://www.engvid.com/how-to-talk-about-your-birthday-and-birthplace/,Intermediate,Intermediate,"grammar, speaking"
2092,Slang in English – AIN’T,slang speaking,https://www.engvid.com/slang-in-english-aint/,Advanced,Advanced,"slang, speaking"
2093,English Grammar – SOME & ANY,grammar,https://www.engvid.com/english-grammar-some-any/,Intermediate,Intermediate,grammar
2094,English Vocabulary for the ladies – Talking about your period,culture & tips speaking vocabulary,https://www.engvid.com/english-vocabulary-talking-about-your-period/,"Beginner, Intermediate, Advanced",Advanced,"culture & tips, speaking, vocabulary"
2095,Common English Errors: I or me? She or her? They or them?,grammar,https://www.engvid.com/common-english-errors-i-or-me-she-or-her/,Intermediate,Intermediate,grammar
2096,English Grammar – The future in the past – “Was/Were going to”,grammar,https://www.engvid.com/english-grammar-the-future-in-the-past/,Advanced,Advanced,grammar
2097,"English Vocabulary Pyramid – JECT – eject, object, reject, subject, etc.",vocabulary,https://www.engvid.com/english-vocabulary-pyramid-ject/,Intermediate,Intermediate,vocabulary
2098,English Vocabulary – LOST,vocabulary,https://www.engvid.com/english-vocabulary-lost/,Intermediate,Intermediate,vocabulary
2099,How to pronounce regular -ED endings in English,pronunciation,https://www.engvid.com/how-to-pronounce-regular-ed-endings-in-english/,Beginner,Beginner,pronunciation
2100,Speaking English – Saying Numbers,speaking vocabulary,https://www.engvid.com/speaking-english-saying-numbers/,Beginner,Beginner,"speaking, vocabulary"
2101,English Grammar – “Would” in the past,grammar,https://www.engvid.com/english-grammar-would-in-the-past/,Advanced,Advanced,grammar
2102,How NOT to Learn English,culture & tips,https://www.engvid.com/how-not-to-learn-english/,"Beginner, Intermediate, Advanced",Advanced,culture & tips
2103,Learn English – 5 common mistakes when talking about food,culture & tips speaking vocabulary,https://www.engvid.com/5-common-mistakes-food/,Intermediate,Intermediate,"culture & tips, speaking, vocabulary"
2104,Common English Errors: SOME & ANY,grammar,https://www.engvid.com/common-english-errors-some-any/,Intermediate,Intermediate,grammar
2105,English Vocabulary – GET,grammar vocabulary,https://www.engvid.com/english-vocabulary-get/,Beginner,Beginner,"grammar, vocabulary"
2106,Speaking English – Talking about Directions,comprehension speaking vocabulary,https://www.engvid.com/talking-about-directions/,Advanced,Advanced,"comprehension, speaking, vocabulary"
2107,Speaking English – How to order in a restaurant,culture & tips speaking vocabulary,https://www.engvid.com/speaking-english-how-to-order-in-a-restaurant/,Beginner,Beginner,"culture & tips, speaking, vocabulary"
2108,Speaking English – Talking about the Bathroom & Toilet,slang speaking vocabulary,https://www.engvid.com/speaking-english-bathroom-toilet/,"Beginner, Intermediate",Intermediate,"slang, speaking, vocabulary"
2109,Confused Words – sometime or sometimes?,vocabulary,https://www.engvid.com/confused-words-sometime-or-sometimes/,Intermediate,Intermediate,vocabulary
2110,English Pronunciation – A & E (Man vs. Men),pronunciation,https://www.engvid.com/english-pronunciation-a-e/,Beginner,Beginner,pronunciation
2111,"English Idioms – ‘boot’ – boot up, boot camp, give the boot, and more!",expressions,https://www.engvid.com/english-idioms-boot-boot-up-boot-camp-give-the-boot-and-more/,Intermediate,Intermediate,expressions
2112,English Pronunciation – S & SH,pronunciation,https://www.engvid.com/english-pronunciation-s-sh/,Beginner,Beginner,pronunciation
2113,It’s & Its,grammar writing,https://www.engvid.com/its-its/,Intermediate,Intermediate,"grammar, writing"
2114,English Vocabulary – Winter Clothing,vocabulary,https://www.engvid.com/english-vocabulary-winter-clothing/,Beginner,Beginner,vocabulary
2115,English Vocabulary – Getting Dressed,vocabulary,https://www.engvid.com/english-vocabulary-getting-dressed/,Beginner,Beginner,vocabulary
2116,English Pronunciation – F & V,pronunciation,https://www.engvid.com/english-pronunciation-f-v/,Beginner,Beginner,pronunciation
2117,Business English – How to expand your vocabulary,business english culture & tips vocabulary,https://www.engvid.com/how-to-expand-your-vocabulary/,"Beginner, Intermediate, Advanced",Advanced,"business english, culture & tips, vocabulary"
2118,Writing – Relative Clauses overview,writing,https://www.engvid.com/writing-relative-clauses-overview/,Intermediate,Intermediate,writing
2119,English Grammar – How to ask questions,speaking,https://www.engvid.com/english-grammar-how-to-ask-questions/,Advanced,Advanced,speaking
2120,English Grammar – Adjectives & Adverbs,grammar,https://www.engvid.com/english-grammar-adjectives-adverbs/,Beginner,Beginner,grammar
2121,Speaking English – Talking about travel,grammar vocabulary,https://www.engvid.com/speaking-english-talking-about-travel/,Beginner,Beginner,"grammar, vocabulary"
2122,English Grammar – Passive Causative,grammar,https://www.engvid.com/english-grammar-passive-causative/,Advanced,Advanced,grammar
2123,2 Quick Ways to Improve your English – FOR EXAMPLE & SAME,culture & tips vocabulary,https://www.engvid.com/improve-your-english-for-example-same/,Intermediate,Intermediate,"culture & tips, vocabulary"
2124,English Grammar – DO & MAKE,grammar,https://www.engvid.com/english-grammar-do-make/,Intermediate,Intermediate,grammar
2125,Polite English – Softening Your Message,culture & tips speaking vocabulary,https://www.engvid.com/polite-english-softening-your-message/,Intermediate,Intermediate,"culture & tips, speaking, vocabulary"
2126,Speaking English – Talking about pains and aches,vocabulary,https://www.engvid.com/talking-about-pains-aches/,Beginner,Beginner,vocabulary
2127,English Vocabulary & Idioms – Talking about NOISE,expressions vocabulary,https://www.engvid.com/english-vocabulary-idioms-talking-about-noise/,Intermediate,Intermediate,"expressions, vocabulary"
2128,Business English – Talking about your Responsibilities,business english,https://www.engvid.com/business-english-talking-about-your-responsibilities/,Intermediate,Intermediate,business english
2129,"HAPPY NEW YEAR! Bar, club, and party vocabulary & slang",expressions slang vocabulary,https://www.engvid.com/happy-new-year-bar-club-party-vocabulary/,Intermediate,Intermediate,"expressions, slang, vocabulary"
2130,Basic English Pronunciation – Simple vowel sounds,pronunciation,https://www.engvid.com/english-pronunciation-simple-vowel-sounds/,Beginner,Beginner,pronunciation
2131,EITHER or NEITHER? Negative agreement in English,grammar speaking,https://www.engvid.com/english-grammar-either-neither/,Intermediate,Intermediate,"grammar, speaking"
2132,Parts of Speech in English,English resource grammar,https://www.engvid.com/english-resource/parts-of-speech-in-english/,Beginner,Beginner,"english resource, grammar"
2133,Slang in English – Many meanings of JOHN,slang vocabulary,https://www.engvid.com/slang-english-meanings-of-john/,Intermediate,Intermediate,"slang, vocabulary"
2134,English Vocabulary – Talking about CRIME,expressions speaking vocabulary,https://www.engvid.com/english-vocabulary-crime/,Intermediate,Intermediate,"expressions, speaking, vocabulary"
2135,Learning English with the News – Improve your vocabulary and comprehension,comprehension culture & tips vocabulary,https://www.engvid.com/learning-english-with-the-news-vocabulary-comprehension/,"Beginner, Intermediate",Intermediate,"comprehension, culture & tips, vocabulary"
2136,English Pronunciation – Words ending in NG,pronunciation,https://www.engvid.com/english-pronunciation-words-ending-in-ng/,Beginner,Beginner,pronunciation
2137,English Grammar – SHOULD & MUST,grammar,https://www.engvid.com/english-grammar-should-must/,Beginner,Beginner,grammar
2138,Word Order in English,English resource grammar,https://www.engvid.com/english-resource/word-order-in-english/,,Unspecified,"english resource, grammar"
2139,English Vocabulary Pyramid – TRACT,vocabulary,https://www.engvid.com/english-vocabulary-pyramid-tract/,Advanced,Advanced,vocabulary
2140,English Grammar – Where do I put the adverb?,grammar,https://www.engvid.com/english-grammar-where-do-i-put-the-adverb/,Beginner,Beginner,grammar
2141,English Pronunciation – I & EE,pronunciation,https://www.engvid.com/english-pronunciation-i-ee/,Beginner,Beginner,pronunciation
2142,Commonly Confused Words in English – 9 Homophones,vocabulary,https://www.engvid.com/9-common-homophones/,Intermediate,Intermediate,vocabulary
2143,How to improve your English conversation skills,culture & tips speaking,https://www.engvid.com/english-conversation-skills/,"Beginner, Intermediate, Advanced",Advanced,"culture & tips, speaking"
2144,"Common English Errors: Someone, Anyone, No one?",grammar,https://www.engvid.com/english-errors-someone-anyone-no-one/,Intermediate,Intermediate,grammar
2145,English Slang – Text messaging: LOL BRB PLZ WTF OMG and more!,slang,https://www.engvid.com/english-slang-text-messaging-lol-wtf/,"Beginner, Intermediate",Intermediate,slang
2146,English Grammar – BEING & BEEN,grammar,https://www.engvid.com/english-grammar-being-been/,Beginner,Beginner,grammar
2147,Commonly Confused Words in English – BRING or TAKE?,vocabulary,https://www.engvid.com/confused-words-bring-take/,Beginner,Beginner,vocabulary
2148,Modals in English – “must”,grammar,https://www.engvid.com/modals-must/,Advanced,Advanced,grammar
2149,"English Pronunciation – Irregular Verbs – CAUGHT, BOUGHT, THOUGHT…",pronunciation,https://www.engvid.com/pronunciation-irregular-verbs/,Beginner,Beginner,pronunciation
2150,English Idioms – ‘Sports’,expressions,https://www.engvid.com/english-idioms-sports/,Intermediate,Intermediate,expressions
2151,English in the News: Vocabulary of Floods,comprehension vocabulary,https://www.engvid.com/english-in-the-news-vocabulary-of-floods/,"Intermediate, Advanced",Advanced,"comprehension, vocabulary"
2152,English Grammar – ALL & EVERY – What’s the difference?,grammar vocabulary,https://www.engvid.com/english-grammar-all-every-difference/,Advanced,Advanced,"grammar, vocabulary"
2153,Vocabulary – The difference between WANT & NEED in English,vocabulary,https://www.engvid.com/vocabulary-want-need/,Beginner,Beginner,vocabulary
2154,"English Grammar – Past tense of SHOULD – “I should have…”, “You shouldn’t have..”, etc.",grammar,https://www.engvid.com/grammar-past-tense-should/,Intermediate,Intermediate,grammar
2155,English Grammar – SINCE & FOR,grammar,https://www.engvid.com/english-grammar-since-for/,Intermediate,Intermediate,grammar
2156,English Vocabulary Pyramid – VERT,vocabulary,https://www.engvid.com/english-vocabulary-pyramid-vert/,Intermediate,Intermediate,vocabulary
2157,"Basic English Grammar – Do, Does, Did, Don’t, Doesn’t, Didn’t",grammar,https://www.engvid.com/english-grammar-do-does-did-dont-doesnt-didnt/,Beginner,Beginner,grammar
2158,English Grammar – COULD & SHOULD,grammar,https://www.engvid.com/english-grammar-could-should/,Beginner,Beginner,grammar
2159,Polite Business English – How to Complain and Disagree,business english culture & tips speaking,https://www.engvid.com/polite-business-english-complain-disagree/,Advanced,Advanced,"business english, culture & tips, speaking"
2160,English Vocabulary Pyramid – MUSE,vocabulary,https://www.engvid.com/english-vocabulary-pyramid-muse/,Advanced,Advanced,vocabulary
2161,English Pronunciation – Saying Numbers,pronunciation,https://www.engvid.com/english-pronunciation-numbers/,Beginner,Beginner,pronunciation
2162,English Idioms – ‘Cat’,expressions,https://www.engvid.com/english-idioms-cat/,Intermediate,Intermediate,expressions
2163,240 Common Spelling Mistakes in English,English resource vocabulary writing,https://www.engvid.com/english-resource/common-spelling-mistakes-in-english/,,Unspecified,"english resource, vocabulary, writing"
2164,English Grammar – Tenses – Overview of all the tenses in English,grammar,https://www.engvid.com/english-grammar-tenses-overview/,Beginner,Beginner,grammar
2165,Writing in English – How to Summarize,writing,https://www.engvid.com/writing-how-to-summarize/,"Beginner, Intermediate, Advanced",Advanced,writing
2166,Commonly Confused Words in English: LIVE & LIVE,pronunciation speaking,https://www.engvid.com/confused-words-live-live/,Beginner,Beginner,"pronunciation, speaking"
2167,Common Irregular Verbs (grouped by ending pattern),English resource grammar,https://www.engvid.com/english-resource/common-irregular-verbs-grouped/,,Unspecified,"english resource, grammar"
2168,Common Irregular Verbs,English resource grammar,https://www.engvid.com/english-resource/irregular-verbs/,,Unspecified,"english resource, grammar"
2169,"English Grammar – How Often? – ALWAYS, USUALLY, OFTEN, SOMETIMES, NEVER",grammar,https://www.engvid.com/grammar-how-often-always-usually-often-never/,Beginner,Beginner,grammar
2170,Business English – Talking about your Work,business english speaking,https://www.engvid.com/business-english-talking-about-your-work/,Beginner,Beginner,"business english, speaking"
2171,English Idioms – ‘Foot’,expressions,https://www.engvid.com/english-idioms-foot/,Intermediate,Intermediate,expressions
2172,Speaking English – Talking about Family,culture & tips pronunciation speaking vocabulary,https://www.engvid.com/speaking-english-talking-about-family/,Beginner,Beginner,"culture & tips, pronunciation, speaking, vocabulary"
2173,"Speaking English – MUST, HAVE TO, HAVE GOT TO – Necessity",grammar speaking,https://www.engvid.com/must-have-to-have-got-to-necessity/,Intermediate,Intermediate,"grammar, speaking"
2174,Commonly Confused Words in English: EFFECT & AFFECT,vocabulary,https://www.engvid.com/confused-words-effect-affect/,"Beginner, Intermediate",Intermediate,vocabulary
2175,Expressions in English – MOUTH,expressions vocabulary,https://www.engvid.com/english-expressions-mouth/,Intermediate,Intermediate,"expressions, vocabulary"
2176,English Pronunciation – Words ending with ion,pronunciation,https://www.engvid.com/english-pronunciation-words-ending-with-ion/,Beginner,Beginner,pronunciation
2177,Expressions with DO & MAKE,English resource grammar,https://www.engvid.com/english-resource/do-make-expressions/,Beginner,Beginner,"english resource, grammar"
2178,Preference – How to talk about what you want in English,grammar speaking,https://www.engvid.com/preference-how-to-talk-about-what-you-want-in-english/,Intermediate,Intermediate,"grammar, speaking"
2179,English Vocabulary – First name? Given name? Forename? What’s your name?,culture & tips vocabulary,https://www.engvid.com/vocabulary-first-name-given-forename-surname/,Beginner,Beginner,"culture & tips, vocabulary"
2180,Learn English – How to Listen and Understand,comprehension culture & tips speaking,https://www.engvid.com/learn-english-listen-understand/,"Beginner, Intermediate, Advanced",Advanced,"comprehension, culture & tips, speaking"
2181,50 Common Grammar Mistakes in English,English resource grammar,https://www.engvid.com/english-resource/50-common-grammar-mistakes-in-english/,,Unspecified,"english resource, grammar"
2182,English Grammar – Tag Questions,grammar speaking,https://www.engvid.com/english-grammar-tag-questions/,Intermediate,Intermediate,"grammar, speaking"
2183,English Grammar – Making simple “TO BE” questions,grammar,https://www.engvid.com/grammar-making-to-be-questions/,Beginner,Beginner,grammar
2184,Commonly Confused Words in English: BEFORE & AGO,vocabulary,https://www.engvid.com/confused-words-before-ago/,Beginner,Beginner,vocabulary
2185,"Basic English Grammar – THIS, THAT, THESE, THOSE",grammar,https://www.engvid.com/basic-grammar-this-that-these-those/,Beginner,Beginner,grammar
2186,English Vocabulary – LISTEN & HEAR,vocabulary,https://www.engvid.com/english-vocabulary-listen-hear/,Beginner,Beginner,vocabulary
2187,Business English – How to minimize problems,business english culture & tips speaking,https://www.engvid.com/business-english-how-to-minimize-problems/,Intermediate,Intermediate,"business english, culture & tips, speaking"
2188,All about phrasal verbs in English,expressions grammar,https://www.engvid.com/phrasal-verbs-in-english/,Advanced,Advanced,"expressions, grammar"
2189,Speaking English – Expectations – How to use “supposed to”,grammar speaking,https://www.engvid.com/speaking-english-expectations-how-to-use-supposed-to/,Intermediate,Intermediate,"grammar, speaking"
2190,English Vocabulary – LOOK / SEE / WATCH,vocabulary,https://www.engvid.com/english-vocabulary-look-see-watch/,Intermediate,Intermediate,vocabulary
2191,Polite English – Saying Yes and No,speaking vocabulary,https://www.engvid.com/polite-english-saying-yes-no/,Beginner,Beginner,"speaking, vocabulary"
2192,"Commonly Confused Words in English – BYE, BUY, BY, BI",vocabulary,https://www.engvid.com/confused-words-bye-buy-by-bi/,Beginner,Beginner,vocabulary
2193,Idioms in English – Parts of the Body,expressions,https://www.engvid.com/idioms-english-body/,Intermediate,Intermediate,expressions
2194,English Pronunciation – 4 Tips to Improve Your Accent,culture & tips pronunciation,https://www.engvid.com/english-pronunciation-4-tips-to-improve-your-accent/,Beginner,Beginner,"culture & tips, pronunciation"
2195,Polite English – 8 Ways to Say ‘Thank You’ in English,speaking vocabulary,https://www.engvid.com/polite-english-8-ways-to-say-thank-you/,Beginner,Beginner,"speaking, vocabulary"
2196,Expressions in English – Food,expressions vocabulary,https://www.engvid.com/expressions-in-english-food/,Intermediate,Intermediate,"expressions, vocabulary"
2197,"Talking About Quantity in English – A FEW, A LITTLE, FEW, LITTLE",grammar speaking,https://www.engvid.com/quantity-english-a-few-a-little/,Intermediate,Intermediate,"grammar, speaking"
2198,Pronunciation – E & I,pronunciation,https://www.engvid.com/pronunciation-e-i/,Beginner,Beginner,pronunciation
2199,English Vocabulary – How to talk about money,business english vocabulary,https://www.engvid.com/english-vocabulary-how-to-talk-about-money/,Intermediate,Intermediate,"business english, vocabulary"
2200,Vocabulary – How to talk about the weather in English,speaking vocabulary,https://www.engvid.com/vocabulary-how-to-talk-about-the-weather-in-english/,Beginner,Beginner,"speaking, vocabulary"
2201,"Grammar – Articles – When to use A, AN, or no article",grammar,https://www.engvid.com/grammar-articles-a-an-or-no-article/,Beginner,Beginner,grammar
2202,English Slang – FREAK,slang vocabulary,https://www.engvid.com/english-slang-freak/,Intermediate,Intermediate,"slang, vocabulary"
2203,5 Types of TOEFL Essays & TOEFL iBT Essay Patterns,TOEFL writing,https://www.engvid.com/5-types-of-toefl-essays-patterns/,Intermediate,Intermediate,writing
2204,English Writing – How to Write Numbers,writing,https://www.engvid.com/english-writing-how-to-write-numbers/,Intermediate,Intermediate,writing
2205,"English Grammar – Imperatives – How to give commands, directions, and more",grammar speaking,https://www.engvid.com/imperatives-give-commands-directions/,Intermediate,Intermediate,"grammar, speaking"
2206,Noun suffixes in English – understand new words you read!,comprehension culture & tips,https://www.engvid.com/noun-suffixes-in-english-understand-new-words-you-read/,Advanced,Advanced,"comprehension, culture & tips"
2207,English Vocabulary – Hair and Parts of the Face,vocabulary,https://www.engvid.com/english-vocabulary-hair-face/,Beginner,Beginner,vocabulary
2208,English Idioms – ‘Music’,expressions,https://www.engvid.com/english-idioms-music/,Beginner,Beginner,expressions
2209,"Basic English Grammar – HAVE, HAS, HAD",grammar,https://www.engvid.com/english-grammar-have-has-had/,Beginner,Beginner,grammar
2210,Phrasal Verbs – SHUT,expressions,https://www.engvid.com/phrasal-verbs-shut/,Intermediate,Intermediate,expressions
2211,"How to Give Advice in English – SHOULD, OUGHT TO, HAD BETTER",grammar speaking,https://www.engvid.com/give-advice-should-ought-to-had-better/,Intermediate,Intermediate,"grammar, speaking"
2212,What skills do you need for the TOEFL iBT?,TOEFL,https://www.engvid.com/toefl-ibt-skills/,Intermediate,Intermediate,
2213,English Pronunciation – Th & S,pronunciation,https://www.engvid.com/english-pronunciation-th-s/,Beginner,Beginner,pronunciation
2214,English Grammar – Present Perfect Simple & Present Perfect Continuous,grammar,https://www.engvid.com/english-grammar-present-perfect-simple-continuous/,Intermediate,Intermediate,grammar
2215,English Grammar – How to use SINCE and FOR with the Present Perfect,grammar,https://www.engvid.com/english-grammar-how-to-use-since-and-for-with-the-present-perfect/,Intermediate,Intermediate,grammar
2216,English Writing Skills – Paraphrasing,writing,https://www.engvid.com/paraphrasing-english-writing/,Advanced,Advanced,writing
2217,How to Write an Effective Essay,writing,https://www.engvid.com/how-to-write-an-effective-essay/,"Beginner, Intermediate, Advanced",Advanced,writing
2218,English Grammar – Introduction to Past Progressive,grammar,https://www.engvid.com/english-grammar-introduction-to-past-progressive/,Beginner,Beginner,grammar
2219,English Vocabulary – How to talk about where you were born and raised,speaking vocabulary,https://www.engvid.com/english-vocabulary-how-to-talk-about-where-you-were-born-and-raised/,Beginner,Beginner,"speaking, vocabulary"
2220,English Idioms & Phrasal Verbs – ON,expressions,https://www.engvid.com/english-idioms-phrasal-verbs-on/,"Intermediate, Advanced",Advanced,expressions
2221,Polite English – ‘Want’ & ‘Would like’,speaking,https://www.engvid.com/polite-english-want-would-like/,Beginner,Beginner,speaking
2222,English Grammar – Using ALREADY & YET,grammar speaking,https://www.engvid.com/grammar-already-yet/,Intermediate,Intermediate,"grammar, speaking"
2223,English Pronunciation – R & L,pronunciation,https://www.engvid.com/english-pronunciation-r-l/,Beginner,Beginner,pronunciation
2224,English Grammar – Modals of Advisability,grammar,https://www.engvid.com/grammar-modals-of-advisability/,Intermediate,Intermediate,grammar
2225,English Idioms – ‘Blue’,expressions,https://www.engvid.com/english-idioms-blue/,Intermediate,Intermediate,expressions
2226,TOEFL or IELTS? Which exam should you take?,IELTS TOEFL,https://www.engvid.com/toefl-or-ielts-which-exam-should-you-take/,"Beginner, Intermediate, Advanced",Advanced,ielts
2227,Speaking English – How to talk about mistakes and regrets,pronunciation speaking vocabulary,https://www.engvid.com/talk-about-mistakes-regrets/,Beginner,Beginner,"pronunciation, speaking, vocabulary"
2228,Grammar – Past Simple vs. Present Perfect,grammar,https://www.engvid.com/grammar-past-simple-present-perfect/,Intermediate,Intermediate,grammar
2229,Speaking English – Tag Questions – How to express assumptions or comment on a situation,grammar speaking,https://www.engvid.com/tag-questions/,Intermediate,Intermediate,"grammar, speaking"
2230,"Common Mistakes in English: CHOOSE, CHOSE, CHOICE",grammar,https://www.engvid.com/english-mistakes-choose-chose-choice/,Intermediate,Intermediate,grammar
2231,"English Vocabulary – Love, Dating, and Relationships",culture & tips speaking vocabulary,https://www.engvid.com/english-vocabulary-love-dating-relationships/,"Intermediate, Advanced",Advanced,"culture & tips, speaking, vocabulary"
2232,English Idioms – ‘Money’,expressions,https://www.engvid.com/english-idioms-money/,Beginner,Beginner,expressions
2233,Easy Introduction to PASSIVE,grammar,https://www.engvid.com/easy-introduction-to-passive/,Intermediate,Intermediate,grammar
2234,Punctuation – How to Use Commas in English Writing,grammar writing,https://www.engvid.com/commas-punctuation-english-writing/,Intermediate,Intermediate,"grammar, writing"
2235,English Grammar – Introduction to the Passive,grammar,https://www.engvid.com/english-grammar-passive-introduction/,Intermediate,Intermediate,grammar
2236,"English Vocabulary – Appointments, Reservations, and Plans",speaking vocabulary,https://www.engvid.com/english-vocabulary-appointments-reservations/,Intermediate,Intermediate,"speaking, vocabulary"
2237,Order of Adjectives – Speak and Write like a Native English Speaker,grammar speaking,https://www.engvid.com/order-of-adjectives-english/,Intermediate,Intermediate,"grammar, speaking"
2238,Phrases and Clauses in English – What’s the Difference?,grammar,https://www.engvid.com/phrases-clauses-english/,Advanced,Advanced,grammar
2239,English Vocabulary – How to Talk about Marriage,vocabulary,https://www.engvid.com/english-vocabulary-marriage/,Intermediate,Intermediate,vocabulary
2240,Introduction to English Academic Writing – Parts of a Paragraph,TOEFL writing,https://www.engvid.com/introduction-to-english-academic-writing-parts-of-a-paragraph/,Intermediate,Intermediate,writing
2241,English Spelling – When to Double Consonants (“swimming” “stopped” etc.),grammar writing,https://www.engvid.com/english-spelling-double-consonants/,Intermediate,Intermediate,"grammar, writing"
2242,Commonly Confused Words in English: YOU’RE & YOUR,vocabulary,https://www.engvid.com/confused-words-youre-your/,Beginner,Beginner,vocabulary
2243,Phrasal Verbs – TURN,expressions,https://www.engvid.com/phrasal-verbs-turn/,Beginner,Beginner,expressions
2244,English Vocabulary – How To Talk About Death and Dying,speaking vocabulary,https://www.engvid.com/english-vocabulary-death/,Intermediate,Intermediate,"speaking, vocabulary"
2245,"Prepositions of Place: AT, ON, IN",grammar,https://www.engvid.com/prepositions-of-place-at-on-in-grammar/,Beginner,Beginner,grammar
2246,Commonly Confused Words in English: DURING & WHILE,vocabulary,https://www.engvid.com/confused-words-during-while/,Intermediate,Intermediate,vocabulary
2247,English Idioms – ‘Hand’,expressions,https://www.engvid.com/english-idioms-hand/,Beginner,Beginner,expressions
2248,"How to Ask Permission Politely in English – CAN, COULD, MAY, and DO YOU MIND",speaking,https://www.engvid.com/how-to-ask-permission-in-english/,"Beginner, Intermediate",Intermediate,speaking
2249,Improve your English Vocabulary with Roots – “port”,grammar vocabulary,https://www.engvid.com/improve-english-vocabulary-roots/,"Intermediate, Advanced",Advanced,"grammar, vocabulary"
2250,English Grammar – Present Simple & Present Progressive,grammar,https://www.engvid.com/english-grammar-present-simple-present-progressive/,Beginner,Beginner,grammar
2251,"Expressing ability with CAN, COULD, BE ABLE TO",grammar,https://www.engvid.com/expressing-ability-can-could-be-able-to/,"Beginner, Intermediate",Intermediate,grammar
2252,"ENGLISH VOCABULARY – Using PLAY, GO, DO for sports",grammar vocabulary,https://www.engvid.com/english-vocabulary-play-go-do-sports/,Beginner,Beginner,"grammar, vocabulary"
2253,English Grammar – I USED TO & I’M USED TO,grammar speaking,https://www.engvid.com/english-grammar-i-used-to-im-used-to/,Intermediate,Intermediate,"grammar, speaking"
2254,"English Vocabulary – Spatial Location – BEHIND, UNDER, ON TOP OF, BETWEEN, and more!",vocabulary,https://www.engvid.com/english-vocabulary-spatial-location/,Beginner,Beginner,vocabulary
2255,English Pronunciation – CAN & CAN’T,pronunciation,https://www.engvid.com/english-pronunciation-can-cant/,Beginner,Beginner,pronunciation
2256,Improve Your Pronunciation of English Nouns – ‘er’ & ‘th’ sounds,pronunciation,https://www.engvid.com/improve-english-pronunciation-er-th/,"Beginner, Intermediate",Intermediate,pronunciation
2257,Future Tense – WILL & GOING TO,grammar,https://www.engvid.com/future-tense-will-going-to/,Beginner,Beginner,grammar
2258,Commonly Confused Words in English: ADVICE & ADVISE,vocabulary,https://www.engvid.com/confused-words-advice-advise/,Intermediate,Intermediate,vocabulary
2259,Cultural Differences – An Introduction for ESL Students,culture & tips speaking,https://www.engvid.com/cultural-differences-for-esl-students/,Beginner,Beginner,"culture & tips, speaking"
2260,"Borrow, Lend, Rent, Use – English Vocabulary and Usage",grammar speaking vocabulary,https://www.engvid.com/borrow-lend-rent-use-english-vocabulary/,Intermediate,Intermediate,"grammar, speaking, vocabulary"
2261,Phrasal Verbs in English – PULL,expressions,https://www.engvid.com/phrasal-verbs-in-english-pull/,Intermediate,Intermediate,expressions
2262,IELTS Basics – Introduction to the IELTS Exam,culture & tips IELTS,https://www.engvid.com/ielts-basics-introduction-to-ielts/,Intermediate,Intermediate,"culture & tips, ielts"
2263,"English Pronunciation – 3 Common Mistakes, part 3 – ‘th’",pronunciation speaking,https://www.engvid.com/english-pronunciation-3-common-mistakes-part-3-th/,Intermediate,Intermediate,"pronunciation, speaking"
2264,English Pronunciation – Words starting with B,pronunciation vocabulary,https://www.engvid.com/english-pronunciation-words-starting-with-b/,"Beginner, Intermediate",Intermediate,"pronunciation, vocabulary"
2265,"English Grammar Tip – Are you bored, or boring?",culture & tips grammar vocabulary,https://www.engvid.com/english-grammar-bored-boring/,Beginner,Beginner,"culture & tips, grammar, vocabulary"
2266,"English Spelling – Apostrophe + S, after S",grammar,https://www.engvid.com/english-spelling-apostrophe-s-after-s/,Intermediate,Intermediate,grammar
2267,"English Pronunciation – 3 Common Mistakes, part 2 – ‘t’ & ‘d’",pronunciation speaking,https://www.engvid.com/english-pronunciation-t-d/,Intermediate,Intermediate,"pronunciation, speaking"
2268,English Pronunciation – 3 Common Mistakes part 1 – ‘s’,pronunciation speaking,https://www.engvid.com/english-pronunciation-s/,Intermediate,Intermediate,"pronunciation, speaking"
2269,English Idioms – ‘Bird’,expressions speaking,https://www.engvid.com/english-idioms-bird/,Intermediate,Intermediate,"expressions, speaking"
2270,"Conditional & Imaginary: IF, WILL, WOULD, WERE",grammar,https://www.engvid.com/english-grammar-if-will-would-were/,Intermediate,Intermediate,grammar
2271,Grammar: Reported Speech in English,grammar,https://www.engvid.com/english-grammar-reported-speech/,Intermediate,Intermediate,grammar
2272,How to Learn English More Effectively,culture & tips,https://www.engvid.com/how-to-learn-english-more-effectively/,"Beginner, Intermediate, Advanced",Advanced,culture & tips
2273,Phrasal Verbs – UP,expressions vocabulary,https://www.engvid.com/phrasal-verbs-up/,Intermediate,Intermediate,"expressions, vocabulary"
2274,"Commonly Confused Words in English: they’re, there, their",vocabulary writing,https://www.engvid.com/commonly-confused-words-in-english-theyre-there-their/,Beginner,Beginner,"vocabulary, writing"
2275,"Speaking English – Say, Tell, Hear, Listen – How to use them correctly",grammar speaking vocabulary,https://www.engvid.com/speaking-english-say-tell-hear-listen/,Beginner,Beginner,"grammar, speaking, vocabulary"
2276,TOEFL iBT Basics – Introduction to the TOEFL exam,TOEFL,https://www.engvid.com/toefl-ibt-basics-introduction-toefl-exam/,Beginner,Beginner,
2277,Vocabulary – Using ‘must’ & ‘have to’ in English,speaking vocabulary,https://www.engvid.com/vocabularyusing-must-have-to-in-english/,Intermediate,Intermediate,"speaking, vocabulary"
2278,IELTS Writing – Letters – How to start and finish,IELTS writing,https://www.engvid.com/ielts-writing-letters-how-to-start-and-finish/,Intermediate,Intermediate,"ielts, writing"
2279,English Idioms – ‘Hold’,expressions,https://www.engvid.com/english-idioms-hold/,Intermediate,Intermediate,expressions
2280,"Prepositions: How to use IN, AT, and ON in English",grammar,https://www.engvid.com/prepositions-how-to-use-in-at-and-on-in-english/,Beginner,Beginner,grammar
2281,"Articles in English: How to use ‘a’, ‘an’, and ‘the’ properly",grammar,https://www.engvid.com/articles-in-english-how-to-use-a-an-and-the-properly/,Beginner,Beginner,grammar
2282,Understand What You Read in English (Reading Comprehension),comprehension culture & tips IELTS TOEFL TOEIC,https://www.engvid.com/reading-comprehension-understand-what-you-read-in-english/,Intermediate,Intermediate,"comprehension, culture & tips, ielts"
2283,English Speaking – Saying Hello and Goodbye,expressions speaking vocabulary,https://www.engvid.com/english-speaking-saying-hello-and-goodbye/,Beginner,Beginner,"expressions, speaking, vocabulary"
2284,How to Structure Your TOEFL Essay,TOEFL writing,https://www.engvid.com/how-to-structure-your-toefl-essay/,Intermediate,Intermediate,writing
2285,Using the Future Tense in Conversation – English Grammar,grammar speaking,https://www.engvid.com/using-the-future-tense-in-conversation-english-grammar/,Intermediate,Intermediate,"grammar, speaking"
2286,Past Tense Regular Verb Pronunciation,pronunciation speaking,https://www.engvid.com/past-tense-regular-verb-pronunciation/,Beginner,Beginner,"pronunciation, speaking"
